distance_km,traffic_level,road_type,weather_severity,time_of_day,resource_type,response_time_minutes
23.331703432400918,0,highway,7.4077275462918895,2,ndrf,34.676596464963254
13.446913972685543,2,urban,9.958064656720843,8,ambulance,73.66416510056675
25.828638637385783,0,rural,0.40977308757758735,17,fire,52.00238251747957
21.072356857251236,2,highway,2.4491943466143384,10,ambulance,35.57010030363923
3.278231762685661,2,highway,5.977407483835645,4,police,5.3488089640205905
29.2808593732843,0,highway,4.151944533252637,23,fire,33.36689336404329
22.95362120871541,1,urban,6.375562065466429,4,drone,26.34421357417904
23.68889700567014,0,rural,5.864043331387857,2,ndrf,46.91749427980962
4.279352163928603,2,urban,7.879894678995094,9,drone,3.2413543068197326
13.78638516791923,1,urban,0.7090292014074595,2,police,37.30307081101015
11.438541714861147,1,rural,4.4061606992844835,14,police,21.522390322261398
27.839567171033753,0,highway,8.600537896898004,10,drone,38.987707792955376
19.494021042379604,1,rural,3.6276190534696164,22,ndrf,45.98178821693145
24.771467591489483,1,highway,5.037888052702454,4,drone,27.073605116255873
13.580718865406268,0,highway,0.21578626293633274,6,drone,9.143948990630925
7.203542292650918,3,rural,2.2417389508429855,16,ambulance,23.149252981016303
16.860251216967125,1,urban,4.636551215823466,16,fire,61.394192177630515
2.382609055073172,0,urban,3.9896812626434364,8,ndrf,11.705231577208329
24.915119573781173,2,highway,7.14654876910143,22,ambulance,38.801918993332166
19.134099774100914,1,urban,6.118799815915445,20,ambulance,55.120016597140776
22.86358833251853,1,rural,8.802825221644987,14,ambulance,47.37055410955619
10.958516059831117,2,highway,8.54770701697401,17,ambulance,25.141762262476895
29.135591719649646,0,highway,2.4121984076630953,12,ndrf,36.22904502598264
26.847073079004833,2,highway,0.1763872903387098,11,fire,39.581237796086
23.462313163675976,0,urban,8.544707697037623,13,drone,32.297250993686276
6.241841881633043,0,rural,3.2912086410503294,20,ambulance,11.71125213387109
14.268269609947508,0,highway,3.4710970924060005,0,police,14.238992120708284
1.792211090723249,0,rural,1.5839479819847413,2,ndrf,7.5472820917378165
5.051540015992661,1,rural,6.930072661472328,11,fire,13.564983157950934
20.64994412065241,3,urban,2.8010891836079477,13,ndrf,132.01202205347886
22.470483599280605,3,rural,1.7674310106224367,4,drone,20.793157366394297
29.041537106809194,0,rural,5.033907410615782,14,ndrf,58.35879048535169
10.111848065075483,3,rural,7.504159059214425,0,ndrf,49.53810132735819
11.428561328028632,2,urban,2.695985975249683,5,police,40.35299957258031
14.351896432636334,2,highway,7.220390009888508,11,drone,19.09687352012162
6.089405092986428,3,rural,4.619751096710713,1,ndrf,28.518053847724623
4.332684407396414,1,urban,4.037727232391019,15,ambulance,14.25497427853604
14.533295323665046,1,highway,3.595208681361691,12,ndrf,19.793956024025512
7.1938257970010815,2,rural,1.4558096531945985,13,ambulance,15.907245750271953
20.259512843134054,2,urban,3.3263376684922754,12,drone,18.956091228728702
13.395981606733757,2,rural,8.792515306274819,16,fire,44.327288084477736
25.064006783706205,0,rural,1.0216692447205866,15,ndrf,43.460360990241824
21.157820509066347,3,highway,9.583000151018027,15,ndrf,75.88729369184601
9.714815920770212,1,rural,1.074965274878179,5,fire,19.493233863872202
25.05166414115843,3,rural,3.620316422993538,16,drone,27.930283641186143
24.240548546155654,1,rural,6.063061738005442,4,police,46.68122087025196
11.930612181390147,0,highway,8.378414036081486,0,police,17.245089860113463
9.005679065942202,3,rural,1.4358281807400397,23,police,28.66029672909561
20.633617367261778,2,rural,1.4110222405843187,4,fire,50.70874025679834
4.622698266474639,0,rural,6.283781246617258,2,ambulance,10.945493964496492
6.397291973015696,0,urban,2.9274663240477796,7,drone,5.540600897556119
0.7171869576546626,0,rural,6.445020970179904,23,drone,3.2629055690856976
23.71426913631308,0,urban,8.205832029295308,20,drone,32.35836939582669
20.113100269464947,3,highway,0.7687051098754505,17,drone,16.27048211397664
21.302378669476887,0,rural,8.444941230777825,4,ndrf,47.44642968551152
23.53150641514805,0,urban,0.3758535635444138,15,drone,22.063787794695333
14.03801537838103,3,highway,8.98826185288813,19,drone,22.60905697655992
17.277865280610364,3,urban,9.756181416000317,8,fire,175.38756153847677
4.624011444765895,0,highway,6.674552024607826,6,police,7.606613107538003
3.8786371693112165,2,urban,9.842553049441738,20,ambulance,19.15207007914896
20.217887372818915,2,urban,8.219918421286039,3,ndrf,111.55661387352336
14.39733808122241,2,rural,0.4436550013381291,21,ambulance,29.533068225221726
17.17446514119507,1,rural,0.038109442024668594,11,ndrf,33.95982552876738
23.067466293772753,3,urban,0.20798489422265587,17,drone,15.86043492587079
19.22419044001743,3,rural,4.519069599193807,8,police,82.7109587716427
16.830592319410876,2,highway,6.2338261111766435,17,ndrf,44.91763114239685
16.9966112419897,3,rural,4.81471822700529,22,drone,17.518603391097034
9.46652789284706,0,highway,6.771303258145621,11,ndrf,13.172540726545364
1.4091261197542124,2,rural,4.496026341128786,5,police,2.837117736262474
13.38316298235469,3,rural,0.42563803110388654,1,drone,10.895257790463816
6.8302478481761115,2,highway,2.2616670485102066,22,ambulance,9.192527760012418
12.551594989876767,3,highway,9.926242366047102,23,fire,43.26803907610583
25.6753906614109,1,rural,3.458638376986649,15,fire,54.40344379407083
7.401214833027552,3,rural,3.247657377447294,0,fire,28.166553901900407
2.2199308798274475,3,rural,1.5279204901917431,21,ndrf,10.95960493790305
8.800824814648898,2,highway,9.871437221189597,11,ndrf,22.699774994116954
9.161015854117167,2,urban,2.3045932159259874,5,ambulance,30.161854422932702
20.026537184443406,2,urban,6.468265672538534,8,fire,120.8448842456089
16.93244849406771,1,rural,0.4204745815219535,22,drone,16.99382575803497
23.624997168639197,2,rural,0.6647233006335518,18,police,61.86424867759375
20.097249439657933,3,rural,7.167516973200185,14,fire,87.95229318649129
12.48841241248208,0,urban,6.351681628467243,17,police,44.18918408637477
24.513601347648024,0,highway,6.801623956206554,20,ndrf,35.729549093701856
5.425701137277265,1,rural,2.30970407146272,15,police,11.276791455774658
1.170006157448884,1,highway,9.848889825222408,7,drone,1.8512882669703135
3.1564118928814318,2,highway,5.583751621582456,1,drone,3.411257060371856
21.809600842595284,1,highway,9.695481722686885,2,drone,32.75141654108886
14.125378292415927,2,urban,1.641705529753802,5,ambulance,45.23250969569048
5.257517481491253,0,highway,4.050995098412798,18,police,7.318518092664299
15.280820865549224,1,urban,3.3568551898846177,2,police,43.241892310780294
4.9932070300384686,2,highway,7.550749267058624,3,ndrf,13.464992517574304
21.041451064793215,1,rural,7.475714361050913,23,drone,29.91160567936178
13.661610129433905,2,urban,4.865437933197033,9,police,66.99858761238082
11.740126169846233,2,highway,0.1614800421733631,3,fire,18.76562902410177
9.394606629862357,1,rural,1.752057091799445,20,drone,8.709150559350242
19.093336497007208,1,urban,0.5026566710966385,23,ndrf,63.4587221819199
11.173472011325018,3,highway,8.470145692491789,12,police,30.591564092269696
3.0856726198249795,3,urban,2.8977156729776707,2,drone,3.677397493309228
3.981174112555202,0,rural,1.1792263690067317,15,fire,8.415062095824965
28.87598110421068,2,rural,3.5417236528159113,20,fire,73.35084403838191
27.303130375874407,1,urban,0.772893161663627,23,ambulance,66.35389278055595
21.141360447417114,0,rural,9.788571348989969,13,ambulance,37.97302796203833
8.343163863055828,2,highway,3.15007901347799,22,drone,9.013955358906138
29.090703131757856,0,rural,9.330666988898033,19,ambulance,65.10833027217103
23.47315166699094,1,rural,6.827286908605256,3,ndrf,61.888797420092764
21.64826058019037,2,urban,5.661069874239933,15,ambulance,79.16399960614257
13.756164313241765,3,urban,4.754969971224567,15,fire,85.69909411526622
8.53112607443219,1,urban,6.873801068033877,18,fire,42.4733685282013
3.343533383528229,3,highway,6.862753335461685,12,fire,14.419646528798925
27.12677069804333,3,rural,0.10521060760764422,17,ambulance,88.52651943031614
13.945400550091527,1,rural,9.077837455283392,14,drone,21.17828823938784
6.469719261459295,0,rural,3.6796342043765238,6,police,9.652184739578953
9.52572041244425,2,highway,3.532731215429955,11,police,17.337246883276897
17.58697728378593,0,rural,4.065905438829942,22,ndrf,35.389125807310776
5.714797096707335,3,urban,6.852828053089341,20,drone,7.733726001038466
25.770121380725076,1,rural,3.7601773604968702,15,fire,55.8250998629075
22.876326130138697,3,rural,3.7383106192720286,7,police,74.57554493707973
21.724157200552636,2,rural,0.634648796284436,4,police,44.2079860098978
13.24674467336556,1,rural,4.166416644269283,6,fire,28.51108776805465
19.005610800722074,3,highway,1.4947847704375383,7,ambulance,34.67573559263821
17.7308900829257,3,highway,8.555892540597803,23,drone,24.593455419108476
19.67047474586719,3,highway,3.345110831972866,12,ndrf,51.94012986258293
2.991107473626728,0,urban,9.608673980616704,9,ndrf,13.72791288629217
12.766318364032983,1,rural,6.845280025669821,21,fire,33.21684620610803
1.7276181289258281,3,rural,7.561515348273237,8,ndrf,15.41979606897167
15.072729167713309,3,urban,9.477511814027457,19,ambulance,121.08556515725087
10.230905763817166,1,rural,2.389347658166651,15,ambulance,19.548312518853045
4.7634635715483835,0,highway,5.672909696922672,7,drone,5.618517357001186
3.5503875478152733,1,urban,0.407258044945622,23,fire,11.327173572984929
17.835514879242506,2,urban,1.007586879556942,16,ndrf,73.13056666881175
5.53249257183814,2,highway,3.665869199687879,23,fire,11.225755033172929
27.791043492115517,3,urban,6.825018506249403,0,ndrf,205.47347221478617
17.64130362116165,0,rural,8.316936024055344,6,ndrf,41.944892795567746
10.732659233777694,1,rural,2.5640420247347286,7,ndrf,23.776376644440827
17.932006998701794,1,rural,7.490772136376071,16,drone,21.826197321628346
1.1727141953760762,3,rural,2.2429115744804995,20,police,5.461530228599374
28.77749679062264,0,urban,0.06055606116331047,2,drone,22.55101217158582
14.727951389815557,0,highway,0.544130249557343,3,fire,15.49711860018463
23.590689203883443,1,rural,5.855586228057214,16,drone,27.104055442734193
2.940534997711938,0,urban,4.971475460943137,8,police,9.046139833597739
14.85642075972573,2,urban,2.704252279294322,16,drone,16.431718353404666
14.975856333458367,2,highway,0.06547858602826584,0,drone,13.739004139401157
28.165880421761994,2,rural,5.680103492534013,12,ndrf,85.89299367053258
17.365977545094225,3,rural,8.176066368296516,0,drone,23.970734261658624
14.467937331180137,1,rural,0.6854487792337849,22,ndrf,31.3105751071053
8.37578206121086,1,highway,7.364744573938076,3,ndrf,16.19037036913111
10.28128542160529,1,rural,6.345426019640677,4,fire,28.17882180782286
15.859835872910365,3,urban,4.793547722011349,2,fire,100.28139485391826
13.447888078998878,2,highway,0.48341354976052187,5,ambulance,19.46928111894932
1.1375563564697475,0,urban,9.235714163922957,11,ndrf,4.2356339842447515
24.875611763733556,2,urban,4.774409889267427,14,ndrf,116.06494939738351
26.936742769273117,2,urban,3.9960696088120407,21,ndrf,125.98805734214051
4.637348125459018,0,highway,8.61475402087735,21,ndrf,8.047022600253795
16.844066234401957,2,urban,8.455782289837378,2,fire,85.97964130827881
3.7029843634955846,2,rural,7.2726095300002385,10,drone,5.083550597870688
20.331082744674443,0,rural,8.293599829000085,20,police,39.2619692794341
8.796396623250745,0,rural,1.2432848098294058,3,ndrf,15.280729845722478
19.952967723411103,2,urban,7.609155550803418,16,ambulance,79.89946564579344
21.946341121463036,2,rural,3.280340829841278,10,police,59.58999251853591
23.17510101157088,2,highway,8.674947934682777,4,police,41.931100927041726
3.6783579056989484,1,rural,3.702314659868592,1,drone,5.606970070443188
27.522349431559434,2,urban,0.5430395212007544,6,ndrf,109.63635513349297
7.291312731398984,3,urban,4.143802367703656,0,drone,5.949580464166064
1.6036704071973036,0,urban,7.567770350763613,4,fire,5.916927339557806
16.86814784704876,2,rural,5.009320609793973,13,ndrf,50.44735546627405
11.442207373941944,0,highway,7.636339118089683,18,ndrf,23.33569066867228
24.97879742240619,0,urban,0.3527374086610702,12,fire,61.477358029036104
24.343418425896903,3,rural,1.7716420360102902,17,fire,110.01775154792101
9.855597338270103,0,urban,5.63607931042794,1,ndrf,32.99430079126655
28.610532154557475,2,highway,3.8531375384763153,7,ambulance,38.991354688788846
9.0820762251335,2,urban,6.8017574367019975,15,police,37.22036462306144
15.694185312335579,3,rural,9.625542331204219,1,ndrf,85.15023086991917
8.050970171744282,2,rural,6.59861960700514,14,drone,12.495612823873909
28.11328531644442,2,highway,4.173628948825998,4,police,40.78731835086698
5.355930618669535,3,urban,5.423640184433407,10,ndrf,47.95454049305636
1.824863272073705,3,rural,9.128264816961705,15,drone,1.4819210393247375
13.33536327008962,2,highway,6.729892466622129,23,fire,28.25107112219378
29.775079139647193,0,highway,8.031794977545278,2,ndrf,43.70313060999461
26.804479354519962,0,highway,3.015184091015335,13,ndrf,33.051851268535984
22.58393657398,1,urban,7.443211568382725,12,drone,28.51475201607976
26.778378480916484,2,urban,1.3943136933986178,1,ndrf,112.11507888379354
26.856675871086964,2,highway,7.497756164052175,14,ambulance,43.32138515467613
15.806321631400246,3,highway,8.815585928024245,1,ambulance,37.54517985080425
9.819907029008395,0,urban,9.002324670534218,16,ndrf,39.52888602093799
23.274366747274147,0,rural,1.1659006105264769,4,fire,37.11162918849128
20.01900726344895,0,highway,8.298820525737343,3,fire,27.820899504537667
11.522903001774447,2,urban,1.0993652276803667,1,police,39.00319863640319
3.2867667078147003,2,rural,4.783969532827629,11,ndrf,9.36081771194409
22.530293534796268,0,urban,6.825215296861651,5,fire,71.59390705060679
8.242585219724507,3,urban,4.842491115117492,11,police,44.86595623829342
28.13598794074649,1,highway,3.399096022101472,21,police,32.674935658939354
7.6086319626677,2,rural,6.838211574958553,20,ambulance,21.55087985213721
4.121359006138838,3,rural,6.60878775106894,18,ndrf,26.924049146040336
25.01782382768473,0,rural,5.828926551655671,11,police,40.537795100985484
5.021887340422574,3,rural,5.284286647767319,2,fire,21.69200479008139
5.788415090653303,3,urban,7.057398991223382,9,ndrf,53.371598200797365
18.18179234986488,3,urban,4.0303705670115155,0,ambulance,88.41843603852378
26.2995802047052,0,rural,0.6876824774233836,2,fire,41.30604324196942
6.294822638579911,1,highway,5.374545101912236,7,fire,9.662970192467867
9.654548350552796,0,highway,7.234555522438367,16,ndrf,13.047043819499844
23.433442728114738,1,highway,2.991599076160668,18,drone,23.264335917775846
29.168879568798538,3,urban,1.4075113813593232,14,drone,27.561312965296803
15.271864992969098,3,highway,9.11841194162119,6,ambulance,38.06970992968522
4.744976325261898,3,urban,8.637496647461958,17,ambulance,39.41701226231396
0.9111204873919456,1,urban,6.184342192913191,23,ndrf,6.662164049266482
7.27485288496623,3,rural,7.866071537040762,15,police,28.075532516148204
4.388755424702371,3,urban,9.688053147744217,18,fire,44.973287319672494
20.490930871579295,3,highway,5.692589807268408,21,drone,26.11969520153184
4.094058886541668,3,rural,2.441816846003398,17,ambulance,15.11169716987613
15.436732982808673,2,urban,6.388119905326213,21,ambulance,58.082295095434915
20.98074185146515,0,highway,9.145936761004538,7,police,29.43983256838507
17.64293997201662,1,urban,6.9014820139848,7,fire,67.22161076297604
6.3933817239717,3,highway,0.2624039114940313,4,fire,17.388997099488147
24.22167352237675,1,urban,9.171326038625157,4,ndrf,110.13815544234181
21.604510323666148,0,rural,7.53675255253968,13,fire,44.73701760713169
22.300028115508482,3,highway,4.01831013397398,22,police,49.395375101686916
4.366203670940741,1,rural,9.874918893490658,5,police,11.344416379378305
4.150737207685166,3,urban,7.21679332835547,17,ndrf,42.036681596091654
27.863095254691974,1,rural,8.254410818356916,1,drone,39.572138578023946
12.22855671783575,1,rural,9.43166559249837,23,ndrf,35.56719730844247
9.377986407537723,1,rural,0.39578464721066076,12,fire,22.168096019718085
14.913229337870233,1,highway,7.7441984403667865,11,police,23.35761467691245
20.05449427652568,1,rural,3.8634643535780198,8,police,46.22646308596143
28.690886082885612,1,urban,8.690750128987748,23,police,101.41784726414888
8.950163693020622,3,rural,8.788958559332329,10,fire,58.24114599160724
27.7818486647048,1,rural,8.286184705026926,2,ambulance,56.79513302497732
1.2333549958945613,1,urban,7.792005856527934,13,fire,6.108778543453643
16.878342248641328,3,rural,7.942828346249327,14,police,67.8541526176301
19.202265794592012,1,urban,2.9655250072160753,17,ambulance,62.32023944252698
3.6239734106472223,0,highway,4.0652820612639085,11,ambulance,5.0316804268227004
4.640018113385422,0,rural,1.1505489070306096,6,police,8.095014162427274
12.863872419830964,1,urban,8.305915218616141,0,drone,17.044948121305005
29.00384140822386,2,highway,6.460064758246586,23,ambulance,42.62641094198035
18.083255320413997,3,highway,6.127167151166185,4,ambulance,40.23183350232769
28.02418503720623,0,rural,2.460780391065478,8,fire,60.00979881680969
24.228647010582637,2,rural,6.1503608405159005,3,ambulance,56.05360936123156
14.2877572458811,1,rural,4.545517251811541,5,drone,13.52238015306675
23.65052175293953,1,urban,9.952688066656169,1,ndrf,115.46321418258181
1.0261851273211382,1,highway,8.630682727374378,8,ambulance,4.505609267165404
3.719747904589181,1,urban,5.2598288190655715,22,ambulance,11.81718005428866
24.96814413904072,0,highway,8.084555672986752,5,police,31.017079258068772
24.00610410559227,0,highway,1.645050008583383,23,police,22.57907129747614
7.362901888009794,2,highway,1.0140049912660154,15,ndrf,16.526864860148038
16.15770292267208,0,urban,6.3065079967536395,21,drone,20.375532485387176
18.37746671065032,1,highway,7.267858279388927,14,fire,27.918986964981727
26.09829913639233,0,highway,0.5305643931946791,23,ndrf,27.827462305065747
18.29166114149241,0,highway,2.009633511978204,13,fire,19.4149335941125
12.67086129357357,0,rural,5.372679769224737,19,fire,31.4597889520896
11.53842928051189,1,urban,0.628165995888248,0,drone,9.574832671677418
13.063521548018542,0,urban,4.240528362836997,22,fire,36.03959763132071
19.73196525460924,0,urban,4.820797794583011,0,ambulance,47.114279060033326
26.090973636693583,1,urban,9.218097321383425,4,police,96.70150856462311
13.889958021250843,1,urban,3.156764963958807,17,police,50.28650032173848
7.811267107065064,0,rural,1.6866847343503444,6,police,12.562739923140336
7.4815397084286435,0,rural,0.07508258718974425,1,ambulance,9.245768947526065
22.50742126718167,3,highway,1.2160810604364847,20,ambulance,40.152819882202074
24.588778521005356,2,rural,7.508659988211578,12,ndrf,81.77088312100554
3.6057033556966864,0,highway,4.449218824661466,11,ambulance,6.021052664049162
2.4634862801777557,1,highway,1.9872504273656522,7,fire,5.392265093564612
18.035793080815328,1,urban,9.330276943220671,17,drone,27.05140159517216
4.812110703684599,3,urban,7.875383184387243,7,fire,35.83124687465997
24.827593618462068,3,rural,1.1436469134984806,13,fire,82.34238335121778
9.654872880760196,3,rural,2.689573548933495,3,drone,11.832795426577364
4.744222022648708,0,highway,8.494414825262957,7,ndrf,5.680028425903801
27.668628938379783,1,urban,6.924316677974201,0,ndrf,114.90704773332197
5.383185820690706,1,rural,9.455452142623713,6,ambulance,13.43288678324367
8.8992424289691,2,rural,0.7624943806964024,9,fire,27.737746005311188
5.03159515816573,3,urban,7.754112229187301,17,police,41.02460465515926
3.9069568781279718,1,urban,0.7641141584356448,19,drone,2.7552489131636664
1.123866481924981,2,urban,3.3666193569218272,12,police,6.868056733825659
2.134164570345673,1,highway,7.50668768175326,22,ndrf,3.5894364114056736
5.651923392607655,0,urban,7.110099742526289,8,fire,24.96065254558587
2.074767012501674,1,rural,0.021178231402433356,11,fire,4.653036756520757
17.93874257527365,2,highway,2.019429328506046,14,ndrf,31.30621715418205
20.581078540585438,1,rural,7.785736765535613,4,police,43.99299270027136
12.112098476544833,2,highway,1.2614751261472157,10,ambulance,20.380462946738103
9.880737360085458,2,highway,3.2637890595960037,21,fire,18.74224458410749
15.383523992155787,1,rural,1.83889506896323,11,drone,13.999247793330065
26.312645795920954,3,urban,1.1145453541064598,22,police,124.1258519886481
25.608382991255077,0,urban,8.366257453230116,16,ndrf,94.85790526729421
1.7825143293773622,3,urban,0.6134174485183508,4,drone,2.434284226641527
5.8542030830974605,0,urban,5.3604994832292405,10,fire,24.5426830946354
7.483973697579683,1,urban,6.926705117092412,8,fire,41.0130836131736
7.856933487050249,3,rural,0.5759021865438829,22,police,21.8787999551291
17.351363226411795,2,urban,6.334267706481146,8,police,90.86064634131576
12.779741558244172,1,highway,3.3406551524113306,11,drone,15.091213254138253
1.9529965378640226,3,highway,8.33545223774095,16,ambulance,7.217728299124033
11.521617084557361,0,urban,7.976596222179056,23,police,36.57047574034709
15.950711987170298,2,urban,7.939050372166463,13,ambulance,67.98119526639968
3.499321135659621,2,urban,3.9866348416205843,20,fire,16.06718907255203
25.08702733676251,0,highway,8.225481897504123,2,police,29.56904926658589
2.0328750607205754,3,highway,6.299820040110257,21,ndrf,8.639946186910278
27.782835136032833,3,highway,3.7868356530152427,4,drone,26.981385847559146
3.423837676606327,0,rural,0.8066995545541844,18,ambulance,11.304016999390258
25.385461072133705,0,urban,0.6681891267873763,12,drone,22.693564956710336
27.128267745864704,0,rural,2.5140163443838217,14,ndrf,48.729572004616564
29.397335077304483,1,urban,2.9958464450466735,2,fire,93.16843357221406
24.15976346807101,1,highway,9.275282914471441,12,fire,43.022734633124756
23.494587452754203,2,urban,9.999380538690101,2,ndrf,140.40632292154694
19.453256641868656,2,rural,1.436738474501803,13,ndrf,52.571611774557
23.480392460054805,0,urban,9.427682399627203,9,fire,102.89235283030166
4.469290148187839,1,highway,7.065400116852503,4,police,9.82238462698426
16.3140070604553,3,highway,4.986081683665247,11,drone,17.249258282689752
15.669574670617227,3,rural,9.546866393489044,5,ambulance,60.09455556829256
25.798378251615446,1,highway,7.136931823213004,1,police,35.25873696733108
14.152581285008718,0,rural,5.93654522119076,0,drone,16.626633698559523
11.860140134960428,0,rural,2.0952676401975125,8,ambulance,20.928014921064076
19.36711650149475,1,highway,2.444439518707898,17,police,30.34978358400471
8.360667866274959,1,urban,9.115017360662454,13,police,32.278797766680874
4.623168123141728,1,urban,2.1503878119458575,2,fire,17.394947433729165
14.597379583700501,0,rural,0.3230601429465796,10,police,24.99557468930221
12.798236373549107,1,rural,2.662270978845458,13,ndrf,29.638694644382085
7.360813245601774,1,highway,4.805557196122314,5,fire,10.09165378911117
11.341598398396277,1,highway,3.8196476073215813,3,police,15.058284935079014
11.308577269874299,0,rural,9.358029986100561,5,police,21.62380377385592
10.16111915017009,3,urban,4.185740444405015,1,ambulance,53.276552288578515
11.694190351944405,1,highway,8.890526876648154,5,fire,21.40221067493671
20.72942869095039,1,urban,5.946629339892705,12,ndrf,83.4756048891287
9.257855999852916,3,highway,5.2412467241185245,19,police,28.029267145557952
28.491308838102544,2,highway,1.6019563265439307,20,drone,27.98713778145017
27.532266576376248,0,rural,2.710319137802226,16,drone,23.638021590890926
14.686857634852318,0,highway,8.671667768190277,8,fire,27.016729424126332
10.186655547638319,0,rural,7.79957211482774,22,drone,12.418949089531889
16.295326299985092,2,highway,4.474233644490813,22,drone,14.218616710792936
25.532534418821925,1,highway,9.090221542682901,8,police,46.927999503088685
19.75132654652301,1,rural,8.191787030868538,0,ndrf,56.72898892699969
24.229558924438784,2,highway,1.1208433312900468,10,fire,48.29764475904347
16.215307143939334,2,urban,6.05930493802303,11,ambulance,60.66636029017659
19.17107006339481,0,urban,7.98843206740809,16,fire,65.1436098319205
9.00059061838262,0,urban,8.083441279341745,3,ndrf,33.816171269934166
22.179348288153577,3,urban,0.913411779101263,13,police,103.94215979498941
6.470935497208691,3,highway,2.246111695303614,7,police,14.870587982693507
20.9965448001457,3,highway,4.130393168089177,11,police,46.103010865708654
25.891212515613876,3,highway,2.5163109444119316,0,ndrf,64.94831295500789
4.397033700395546,1,highway,1.0893814669799529,12,ndrf,9.192272042130297
18.624202345986635,3,urban,6.288004296609616,0,ndrf,133.9612768243092
3.305324572783071,3,urban,5.074734515377298,20,police,19.592358039077848
21.908611034007095,3,highway,1.5498975429855388,17,ambulance,52.836319988799026
2.992549955293847,0,highway,5.8638199627707674,22,fire,5.276966464711949
28.110224769668466,0,rural,0.6201495340646423,15,ambulance,34.66838727438856
4.553533936115164,1,highway,3.830410592733109,23,ndrf,11.899371476701198
28.786967254317872,2,urban,7.92517963540387,5,fire,146.87875156056134
24.12608319451035,3,rural,8.900496365652025,0,fire,115.07041840589652
18.013619131757448,1,rural,2.4523463279955737,21,police,30.211455401984615
23.587411086571635,3,rural,8.595087989892136,15,police,91.50213393389781
23.955887750001033,3,urban,8.917577801275954,16,drone,36.14877143893152
28.407798353111243,3,urban,6.0688230460393955,6,ambulance,153.2537422754138
7.9748089382560226,0,rural,9.821778976247801,8,drone,13.629927603243269
17.90723891307012,0,rural,2.4617582239280686,16,fire,27.83341114917937
3.303951328149836,0,highway,0.6897423210229359,9,drone,3.478050779587493
18.67688815071158,2,rural,8.434431518835567,1,police,51.60163164952532
5.55309347073727,2,rural,4.909306591995542,7,police,14.977951747337844
17.166043038437035,1,rural,3.464538791018218,9,ndrf,52.82452608690353
17.386700163998565,0,highway,0.5523283149090108,19,ambulance,20.125752280360853
14.246562012946207,2,urban,0.6462447882104849,8,ndrf,75.34313360619757
15.917637377637122,2,highway,0.907164506818926,11,ndrf,27.436222298910096
23.035740005194345,1,highway,1.8364252055565378,14,ambulance,24.9983788513074
24.077719137105966,1,urban,9.704009242235559,3,ambulance,83.77001529629275
15.018519859475159,2,highway,2.8140414206215003,13,ndrf,28.677503400851926
18.188006524917064,2,highway,8.170473004522645,4,ambulance,30.9184006110103
27.971468952858004,2,highway,0.19413780399442082,21,police,35.15346683750974
4.032140860783123,3,urban,3.2181506109820077,7,fire,26.741912000461323
3.9545551940532597,1,highway,9.061924329860446,7,ndrf,5.774698729298376
3.087415851367668,2,rural,1.850407828814874,9,drone,2.4048136434525005
19.90696690869557,3,rural,2.8402352041347614,8,drone,19.98150950935257
12.848944873316194,0,rural,8.265148817130486,14,ndrf,32.19574345820583
23.342481776184375,1,rural,1.2139168645207266,17,ndrf,62.49551598924699
20.30132669260348,0,urban,0.531831907723842,23,ambulance,39.53792956571263
10.342313870683025,1,urban,9.659767549872441,21,drone,16.426822130286503
27.001813147165304,0,rural,4.04791758687176,6,drone,28.01983422967046
22.994698338584243,2,urban,6.578712697781153,14,ambulance,89.97807486656589
8.480780756850184,0,urban,1.2711591140135148,7,ndrf,25.75652077953727
11.243664524275593,2,urban,2.201773978668633,19,ambulance,48.165576540813284
9.775979416025756,2,highway,4.599807581599239,0,ndrf,20.17468778508151
5.14954363443749,3,rural,6.751532174287776,23,fire,22.109849371376388
4.859609489994654,1,rural,2.9324791112659145,8,ambulance,9.707638515341644
28.115760169584448,1,rural,8.846337510400419,17,fire,93.82759905231129
13.41816909736322,0,highway,7.811440036232541,16,fire,20.25449513693236
11.80793477193359,2,rural,5.515578908585388,8,fire,43.075230601710125
22.025728405982647,0,highway,4.592111834396476,23,fire,27.308934793748584
16.813295424960547,0,highway,6.195425427425089,6,police,17.846486828837417
28.116129611734635,3,highway,7.316631664470452,17,ndrf,109.62133471312454
23.518894070327068,2,highway,1.349502952907199,22,police,34.25221327077795
14.64140214167394,0,highway,8.526413625608855,2,police,19.713258498922528
11.602604467684372,2,rural,4.894027836577451,22,fire,32.75725302604008
29.6056305752675,1,highway,9.353439898095516,21,fire,50.763368954498056
21.673926962107483,0,rural,9.555423961141154,9,ambulance,51.82908082486611
28.560242470113312,1,highway,0.3071682101808515,20,fire,36.117251321116804
3.99511802790272,3,urban,3.8448097576889695,0,ambulance,22.074033582199714
25.590743536128087,0,urban,5.262234132462654,4,police,63.971462335744846
19.293679577740622,1,rural,5.395954881273708,18,ndrf,58.693187257086194
4.096689510885821,3,rural,8.22393366847009,22,drone,6.043868960366039
17.85361099909201,1,rural,1.411039874287685,3,fire,37.3053623513396
20.73984277061074,0,rural,6.224826896949228,17,ambulance,40.05241190041763
0.8629292337137837,1,highway,9.425969878452626,2,drone,1.8769138658709525
13.902379874331523,2,highway,9.966911938042864,18,ndrf,46.9184840240216
24.849285580291475,3,urban,0.10085540979743568,21,fire,130.618768539979
9.21309124765065,2,highway,9.725672828984422,11,drone,14.656135890451981
14.027168413057257,0,urban,1.222100277802961,2,ndrf,36.91717812566281
13.548266748502849,3,urban,5.369505377193622,4,ndrf,96.40076486091147
9.406858047553502,3,highway,2.4636980928343966,12,fire,22.20287403117297
27.59403591770885,2,highway,6.063910373940332,19,police,54.50097598295077
23.548174045229718,3,rural,0.3702659170039768,12,fire,77.40492377254157
3.7623581243852597,3,urban,2.383326806727939,11,ndrf,25.308539427596788
29.912522406208407,0,rural,3.0057563319897227,14,drone,26.292340662677873
26.436400717078484,1,urban,9.15607182079684,23,drone,37.42765959994302
8.87529891698915,2,urban,5.836295468484622,18,fire,54.07960519537859
25.188449099997676,1,rural,7.082097223597236,3,ndrf,65.95577577311806
3.6393761902057946,2,highway,6.760151833170704,4,ndrf,8.025047312787498
29.97358954899004,2,highway,3.9228833659918285,8,ambulance,52.595269523522674
20.137699715142837,0,rural,0.14021068562085626,6,ndrf,36.35158574193954
19.67868795898451,2,rural,1.0702076326620091,17,ambulance,50.67555165768546
3.168001446031916,0,highway,4.588084844037001,23,ambulance,4.651805899161709
26.962485267450447,2,urban,9.412947788679002,13,ambulance,118.49335444479291
1.355485344531848,1,urban,2.4875780743354117,21,police,5.774119732053883
7.6044277122138375,0,rural,6.98318719618454,10,ambulance,14.298568265572618
4.719145317415733,3,urban,8.26595843101357,16,police,28.34811770200319
23.414654250420448,1,highway,9.0678528418276,16,ndrf,42.817877357191115
6.347024702780487,0,rural,2.93486412007701,7,police,8.369246369762827
27.363827700361114,1,rural,9.312831745607538,17,fire,94.39438419975079
19.859936660160958,3,urban,6.079822605381794,12,fire,131.75676302188936
1.5667999595935385,0,rural,5.084067841177738,13,ndrf,5.627717584891531
0.6601801067966636,1,highway,7.783926318608847,6,fire,3.6920082783243866
2.023908551924768,1,highway,2.387126133614652,7,ndrf,5.750869206998712
18.374792740607965,3,rural,8.12580231540964,20,ndrf,90.11195133719383
24.14371342035275,0,urban,6.499626944417365,14,police,64.78436014781565
7.53730820850796,0,highway,7.993661288453502,3,fire,10.317047687531884
25.557560866230652,2,rural,8.557221950494592,13,ambulance,68.14595730598475
2.1883422345211816,0,highway,6.173474430237817,14,ndrf,6.648947095185314
24.12843368242945,2,highway,0.3673510800846924,19,fire,48.001303034554894
27.869965190082272,1,urban,2.9774766013166545,20,police,77.01560262367421
23.277197773579225,2,urban,8.78019744961586,15,ambulance,99.18243779691667
21.094563127369796,0,rural,6.269565109606975,0,ndrf,42.09182597254472
25.2204164503338,2,urban,8.90056362620577,11,drone,34.217541028420484
1.6844633366384594,2,highway,3.845285020492878,4,drone,2.868525222438261
6.452572266212134,0,rural,5.047274558073246,0,fire,15.319598095421881
4.18524853951647,1,urban,8.62592442170914,22,ambulance,13.77635896900978
15.383664210693103,0,highway,7.620313577583628,4,ambulance,17.659292303653558
22.483049785700914,0,urban,3.775011312872688,5,fire,62.99806300937721
19.085349415003762,2,urban,0.22630286041455228,8,ambulance,71.78170316843001
25.608367442977084,1,urban,8.803395631577052,11,ambulance,85.59788253929833
5.078783277012181,3,highway,7.8635684648281945,14,ndrf,18.62270418416322
22.171322212087265,1,urban,4.491608307164643,7,ambulance,61.941718559255705
6.194723980632671,2,urban,5.462404871401861,19,ndrf,40.25249343351506
8.487383163875108,2,rural,2.0431201713405467,3,drone,6.5890093414315585
21.442188569798464,2,rural,4.121010898358685,23,drone,22.058871577655115
29.416041154511113,3,rural,1.6319542701145384,20,drone,25.52679544529199
18.54053637632355,2,urban,2.1056957359083595,14,fire,73.2070735194951
2.10775929224322,2,urban,8.463694933234274,1,ndrf,12.803738171726023
18.681114612862217,2,urban,3.624723777781693,17,ambulance,80.59282695420814
1.7493412716149292,1,highway,8.147233229263612,16,fire,3.478020411242885
26.582298485321108,2,highway,4.738998640477783,14,ndrf,51.45797836554154
21.43255941046831,3,rural,0.7077777590577183,6,fire,72.23176979253056
5.6072714694638455,2,highway,3.615271886062011,10,fire,12.398633401059104
3.205769671813843,2,rural,1.5827345461101494,9,police,7.341096506573255
5.91423025196941,0,rural,6.935764146263425,14,fire,14.740271809749173
29.410801796848677,1,rural,9.113940468174693,7,ndrf,85.73429305325737
14.02753895252545,0,highway,7.6307556411334385,9,drone,17.437774160582492
23.630387976071535,0,urban,7.784376086460458,21,police,67.46603760199004
19.274046092179418,1,rural,8.618665466937664,10,police,53.735963113231264
17.3861879237798,1,urban,7.766646507819148,14,ndrf,74.94565046647355
4.781342512618966,2,urban,5.685732524066918,21,police,19.42564680038179
28.407721379963803,3,rural,7.142762894600025,22,police,105.49800388523127
9.389607659184179,3,rural,4.159547538959927,13,drone,10.953451187616174
17.551507866322495,1,highway,0.7078797589879349,6,fire,21.845690469766627
21.14339036537745,1,highway,7.055797953447874,2,fire,33.39152154262654
19.65237807973661,2,urban,7.2166096409014315,20,ambulance,78.49085958638643
28.247535086017795,1,urban,2.2372259042900566,12,ambulance,71.73498375568036
4.878950202641711,3,rural,9.539415638253056,13,ndrf,26.644087456165806
15.496405784184791,3,highway,0.525114326394932,22,fire,35.045324401893765
12.419014526852596,2,highway,7.3595904827788345,8,ndrf,36.760089394860834
14.487977519737235,0,rural,9.684783886273255,2,ambulance,28.995111715415995
4.016917022833466,2,urban,3.0914977769998044,16,ndrf,17.4828402161201
4.455790991246578,3,rural,9.124654181083804,23,police,18.04840419427599
8.703228600547092,0,highway,8.264362532304691,4,drone,13.864335175764284
9.488785810944524,0,urban,7.441094652712344,23,drone,12.157399638534862
13.123144803599825,2,urban,9.53791567807862,12,police,58.832182731410356
18.524132637580536,1,rural,6.540570748084019,13,drone,21.42585259414059
19.22155896383876,2,highway,4.948806523657331,23,drone,20.274696642926692
12.648421449274322,1,highway,6.7568102180206555,7,ndrf,21.903494358430773
12.559101728146565,3,urban,4.118237925774374,17,police,86.0975754013008
6.920041537560378,1,urban,3.248871734128852,0,drone,5.71599197251129
17.85503432806574,1,rural,0.8224562503152744,16,drone,16.799916885237224
9.852706883858518,0,rural,3.780085784103957,0,police,16.44622786830694
1.5637651111822293,0,highway,8.031950584856858,0,fire,2.096842177608063
12.84280130262738,0,highway,9.454357882565475,9,fire,24.447468626068357
14.486913915160024,3,urban,9.751517175730426,8,drone,23.8590676222145
7.154989612024224,1,rural,2.0652587096001493,18,ambulance,16.039963156001367
17.387509027102414,0,urban,5.714317619759536,21,ambulance,43.0673729108638
17.19027106274167,1,rural,5.757481583675101,22,police,33.53158871109957
21.209064342755955,2,highway,1.7604754455533689,14,drone,19.937079479300557
19.614480224935697,3,rural,5.816282027694392,3,fire,80.71953332760883
19.74677516737043,3,highway,3.627628403177876,16,police,45.71094070312111
9.828317478809272,0,rural,9.424064359661543,11,ambulance,17.024506257622875
23.72925054858564,3,rural,2.552022002257164,12,drone,26.306926811682953
16.699759316190544,1,highway,8.349611955083493,12,drone,22.00780548273154
13.226836757806758,3,highway,8.968556283127212,21,ndrf,47.10745990907865
18.967368187761185,0,urban,7.358722555328657,9,ambulance,64.27121211961233
11.139391366282501,2,rural,2.146772778894641,23,ambulance,22.119477856688523
15.625807715899368,3,highway,2.603690683664687,12,ndrf,41.42593136144822
22.232817810225498,0,highway,9.71117865469742,16,ambulance,26.359792052605073
26.648885158349376,3,rural,0.7582906612114382,22,ambulance,72.94479331103338
27.671187320208155,0,rural,1.1708590720412604,19,drone,24.23530051019458
15.357171292901427,3,highway,9.785697343780232,10,police,54.288619325836684
15.848115884846788,2,rural,7.7689477419071995,4,police,42.69379342114605
24.096177117533177,3,rural,7.463838510602107,3,ndrf,116.20824129204787
9.776295406453936,3,rural,1.6020776114570034,8,fire,43.40838958070222
25.202779689179522,1,highway,4.88938831526419,15,fire,35.24805438505619
15.07717857226399,1,rural,8.407626024845618,19,police,44.66937512291899
3.9177733678904176,2,highway,3.288707012092227,0,ambulance,7.719372325325238
2.625744838651839,0,highway,1.9276513241441051,11,fire,2.6633360864362623
25.338799725664163,1,highway,0.10945317768133012,22,police,25.113975385324935
2.1392535487528983,0,urban,6.22542484860761,19,drone,1.0
8.778037365942849,3,rural,2.938103102817945,22,ndrf,37.47060842476998
10.356836194795601,0,highway,8.636724268785406,22,ndrf,18.001545658243227
5.603336133152017,1,highway,2.835180867595403,2,fire,7.434675474430659
9.759854409158683,1,highway,1.5157581218450333,16,ambulance,12.342727261371126
22.409430718390027,1,highway,9.604475120043181,13,fire,43.332787710504455
0.9331438850220877,3,rural,9.647770122545095,11,ndrf,4.602137135994301
24.90161602336025,3,highway,6.850238283527402,19,ambulance,70.63167077604025
25.768166695449466,2,highway,9.283857025962712,22,drone,36.632005864322615
11.481716409150671,3,highway,1.6183358124878278,11,fire,28.62180006614721
5.031580522288727,0,highway,4.603408599702943,15,ndrf,7.90428574316038
18.224792034379885,3,rural,2.0415889096427806,11,drone,16.140174051709625
4.030340398014383,0,highway,4.7878325819502905,15,ndrf,7.223494392618942
11.265121151808449,0,urban,7.911779987468056,23,ambulance,30.194146956189286
28.773660836578685,0,urban,8.449278470000635,19,fire,123.3985768560043
29.866201941217295,0,highway,0.04164394267699989,5,police,26.15007751280122
23.277094294960275,3,urban,3.895033966998623,20,drone,22.710266325455652
9.673364542662604,1,highway,9.940686871124756,12,ndrf,19.53967042692688
20.78611895039973,3,urban,5.893149618150351,14,ndrf,148.47431902375857
21.309487781778376,1,highway,2.9619592969795185,2,drone,20.648219950168826
11.941330007327668,0,urban,3.8899426004176285,10,ambulance,35.92528436310027
19.406214720291704,1,urban,3.225637466337928,7,ambulance,52.585379739951335
0.8164655267824492,0,urban,4.4759843003043445,2,police,1.671514570233175
6.667200928766123,1,highway,4.444866335916355,20,police,11.753726796539993
15.990104937534204,2,rural,5.068633051974636,3,fire,45.42991209681508
5.330663475619728,3,highway,4.645060071923233,17,ndrf,19.79039871834185
5.394252602357742,2,highway,5.1611368495648415,17,ambulance,10.32309459283181
25.170976571232018,0,highway,0.27988950325183004,14,ambulance,23.930330187862673
29.67942357916636,2,rural,0.544268964772433,20,drone,28.447552899214646
16.901098126839226,2,highway,3.7114397320797776,2,ambulance,27.07274518617402
25.252557061010545,0,urban,8.84941564241968,0,police,74.76857092333417
29.71448909762504,3,rural,7.908323034015842,20,drone,40.33508997569081
4.677078712778854,3,highway,1.1015364191156385,4,ndrf,15.13768270825121
13.723245591003357,2,highway,4.948309587433481,7,police,21.904855672682793
12.080895117336636,1,highway,6.045872709781563,16,fire,20.22228709143789
2.8614538675624583,1,rural,4.811892428350896,12,ambulance,7.206108299853025
22.782240097444962,1,rural,6.975666369790611,4,ambulance,47.49554550212666
13.296481306016494,0,urban,9.97263158089521,5,police,44.68231624604283
14.345144558616838,1,rural,0.964741299371713,20,police,24.145419750509525
4.944852727490585,0,rural,5.155340314570021,12,fire,13.03181210080243
5.837336240810609,0,highway,5.123714629625534,22,fire,8.621153075730318
27.25955685360834,2,highway,5.623787977306822,13,ambulance,40.099710317747565
1.817148124741227,0,highway,1.669674559829577,15,ambulance,3.010452723680673
7.369142405839334,1,rural,6.383577909892191,8,fire,23.722981622432545
9.115750244278587,1,rural,0.4434092258877631,0,drone,6.780371139216721
14.960827500846799,0,rural,7.411234869318218,12,fire,30.50005066507387
17.80013260393648,3,urban,6.631595256401122,17,ambulance,122.89300406435402
15.052054287594665,3,rural,3.3042366841266313,9,police,60.6320523180081
2.98140236942802,2,rural,9.889893611000494,20,ambulance,10.485134184909672
7.68818989464355,2,rural,8.287783826711783,16,police,24.13213673351771
25.385857350494966,0,rural,5.395356350440233,12,ndrf,52.462261425342255
19.308866664114543,3,highway,9.905104099356066,13,ambulance,51.5970240273378
19.649896978961095,3,rural,8.3009064372828,5,drone,25.079824746433637
20.27099603286497,1,rural,1.379772801366147,21,ndrf,41.453780151153325
23.00563906166611,2,highway,5.910606041894271,1,drone,26.32917711498845
2.214200210782696,3,rural,5.808576366829495,1,ndrf,13.132145523358417
11.314947355512066,2,urban,6.5294517171949975,18,drone,13.10434657534844
16.41605934021952,0,highway,9.407565915774287,0,police,19.594751207818234
10.484466257271118,1,rural,4.920319133058428,12,ambulance,22.08070947000593
25.412126761972,0,highway,0.7738146368381527,4,ambulance,20.365577295731878
14.735889003325171,1,urban,4.793313605253495,16,ambulance,40.54397203028049
23.174513889051685,3,rural,7.877943869151429,2,ambulance,84.78088109640635
25.63445774799449,0,highway,3.586087747935501,6,drone,25.41291756271287
15.391348745653193,3,highway,0.27104905920941835,12,drone,12.232054636029941
27.331791194204822,1,rural,3.0324322190664277,9,ndrf,76.99128155199973
17.820156245840927,1,rural,6.82149944702962,4,ambulance,33.70992070388678
25.58309181559479,2,urban,0.8600942808588152,1,drone,21.118808789675207
10.547428469949967,0,urban,3.7596480868924855,0,fire,30.235353626548164
15.215100276678815,0,rural,1.3313083500083545,4,drone,10.486315654947402
16.17662570963504,1,rural,4.7592859173118915,6,ndrf,40.56280574468172
3.596901618934082,0,rural,1.4151349177208772,2,police,4.612667031258321
12.257298947695448,3,highway,1.0903697500971032,12,ndrf,29.14887752285031
27.561461340274445,2,urban,6.977987919285027,21,ndrf,144.94056824216997
19.1095510907599,3,rural,1.5800158863701075,17,drone,17.952940166923675
5.7364441818905405,3,highway,1.5479579458382753,7,ndrf,15.7221086469217
10.496241250483347,1,urban,5.92519175466111,10,fire,47.66209365164144
6.152288785049645,3,highway,0.43593811565848517,18,ambulance,14.358164246592265
1.23228238805789,0,rural,0.32992628800192825,23,drone,1.1781259021490267
27.860083525868788,1,rural,4.314462689471066,13,ndrf,64.55930874574254
13.72211618357771,2,highway,3.650954832245593,4,ambulance,21.752220916272083
9.572284636413192,1,urban,5.4461940216549545,20,ndrf,41.351270911317485
18.15507715095323,2,highway,9.934846172902484,12,drone,30.282369235710558
0.7157764606439613,3,rural,4.347064960257918,0,ndrf,4.141236635464903
8.701652144724008,1,highway,5.760583774571914,6,fire,16.20513213729826
21.23948723811733,1,urban,9.192436261790265,12,ambulance,72.27406937458511
19.19620830554326,2,highway,4.831791030213836,19,drone,16.81334460262303
29.463275452504796,3,highway,7.811205255721378,20,fire,84.07823803011073
18.800552434912298,3,rural,5.48652535942732,4,drone,17.668293136637956
14.586423272018116,3,urban,6.372072478236543,17,police,107.54559849961744
22.962260613928226,0,highway,9.325024402771707,23,ndrf,36.106669975766714
27.148172222939564,0,rural,0.0070376831768803605,19,fire,50.06595599967338
21.760530428191373,2,highway,9.009398892519755,17,ndrf,63.93291096802528
28.9147310947067,1,urban,4.976920196570388,19,police,108.478311651622
23.56915253677623,2,rural,6.06764369241554,13,fire,68.52978281913741
26.07064242872683,3,rural,4.500579719625114,14,ndrf,108.58949865139328
3.866070099917297,2,highway,2.6091862935232357,12,police,8.709790024538838
22.106198338316737,1,highway,0.6600719011692313,22,ndrf,30.08275169234578
13.482616636057374,3,highway,9.451257094832696,8,ambulance,47.18933158814457
16.81656217113262,1,urban,6.238762062747361,18,ambulance,63.99590813985502
19.796021079729524,2,rural,8.734707374618104,0,ndrf,74.0257366722325
29.109545942814297,0,urban,2.908082830548798,10,drone,27.753662456166502
29.545053402232927,2,urban,2.7799894919878767,21,ambulance,95.03329834964222
9.002733241893205,1,highway,3.357844447072895,5,ambulance,14.885954528023483
22.145728174418526,0,rural,2.3103822893940773,19,fire,44.02508723686803
22.624514369090424,0,urban,4.979707133846317,12,ambulance,52.227003446815736
10.72153940873494,2,urban,9.362415471612012,3,fire,56.647143283356236
4.15415835849452,0,highway,8.760626716299818,2,ndrf,5.284121081769024
1.7079353284287329,0,highway,4.9510045396198965,2,ndrf,1.0
23.431622262110768,0,highway,3.487624658260249,11,ndrf,29.838946871038644
14.946142383598724,0,urban,6.1168780276355825,7,police,37.73984125567822
29.57343500010032,1,rural,6.122581334790421,21,ambulance,54.836838594860595
14.216716957712764,1,rural,6.837640890040149,18,police,39.41254518151758
29.348550882678285,2,urban,5.356000258314548,3,drone,33.26117606474955
12.641492064724765,2,urban,0.2675526020670249,12,fire,48.34826996761512
23.913623441519192,2,urban,0.760465173472934,18,police,99.96487062278266
3.002168533199046,3,rural,9.737749854048381,15,fire,19.08212333631883
16.886120449064034,0,highway,7.462352951331873,0,fire,21.416434249120854
24.160763716078865,2,urban,9.482468986022225,0,police,113.1114308604934
27.778699182986717,0,rural,3.395256010183033,14,ambulance,38.14232054784415
24.766201173214235,3,urban,5.349494183132942,22,ambulance,127.95571637532609
1.5906364524346397,1,urban,3.2195191908664933,1,ambulance,3.8063438311603317
11.494719068548658,1,rural,9.089350467822877,3,ndrf,33.449944617429615
1.9366049332586126,0,highway,2.877333831660933,4,drone,1.6755116661025145
3.723827587879461,2,highway,6.938113038714862,7,police,10.150401916681847
20.42151604569078,1,rural,1.7505557489113266,21,ndrf,41.88234071534501
21.541116791195098,3,urban,1.0525145107667266,22,drone,15.111981596244252
23.324760141172977,0,highway,1.5563456430634126,7,ndrf,26.866653087377774
26.030968167642055,1,highway,5.2945526661615405,17,fire,46.65786666166357
22.313228320057043,3,rural,8.445410405091966,0,ndrf,112.20963325058992
24.125711967145644,3,rural,9.992797251729058,12,fire,122.48256758565458
1.9444294397867377,3,highway,6.226830438277805,15,drone,2.60907920779925
7.418786938018308,2,urban,5.336035318471664,20,drone,7.947845908894034
18.84598431456975,3,urban,7.868825904651726,19,ambulance,139.83985478833085
25.814696486432283,0,highway,0.6374420255455882,1,drone,23.102740268629745
0.6327536857199441,3,highway,8.0939723534594,9,fire,2.6114130195790137
15.68156559243232,2,highway,7.583795409918271,1,police,29.158699899457496
20.479978281249718,1,rural,5.295415261049545,0,ndrf,48.58378500724187
1.3734150292940899,0,rural,0.22986975746400073,3,ambulance,4.508386192799598
12.339988947824944,2,rural,2.0219698052466417,22,ambulance,23.372830284105447
26.921229000819057,0,highway,3.6971259940431143,6,police,27.35550719465894
20.31257786124783,2,rural,9.412222259289457,17,police,75.6081436516965
7.51092171913762,0,highway,6.384888241900477,17,police,11.986538998162484
25.657043324141423,1,rural,5.100926132488267,20,drone,29.491315230184213
10.766926990580671,0,highway,4.884264204058147,12,fire,12.868098438150202
25.673667798749754,1,highway,7.799757316191496,23,ndrf,45.390326782231625
9.318837708007713,1,urban,3.2363023896460827,10,ambulance,33.07159299511552
17.914447401052897,0,rural,0.9452480378514327,18,police,30.87627266589608
12.209731998561105,3,highway,6.770433077897705,18,police,39.25647849482426
8.607338997274477,3,urban,3.2901600790391097,13,police,45.3850186802795
26.653448084070142,1,rural,3.255928369817566,7,ambulance,43.66309445147551
6.0340136172149945,0,urban,4.547152360941297,3,ambulance,17.262695624537308
3.0019419414550113,3,rural,2.4273402173534864,2,drone,4.076128257028605
10.586844687096981,2,urban,9.21702529807127,11,drone,14.945127193749345
21.670354855426243,2,highway,8.469704221724978,9,ambulance,46.00169671096653
24.31923237630031,2,highway,9.910883309730615,5,fire,55.04224408842116
29.962929416969562,0,urban,9.645487959306626,18,drone,47.470537734538915
9.242680681829365,1,highway,3.1445534521355087,3,ambulance,8.119979200261579
12.534287558372824,0,highway,3.805979586807852,11,police,12.27587861156843
4.536227701873976,2,rural,6.982579903000729,10,fire,18.29469130216706
17.45872192387949,3,highway,0.15845902553231817,23,drone,12.422039690225953
29.92861109925606,2,highway,9.938888853887859,2,ndrf,71.66528304372783
21.175989798559424,2,urban,0.10843082066116505,20,ndrf,84.64936686857055
18.058778792194467,2,urban,5.314859251023113,16,ambulance,64.86657156492092
12.074888241192923,3,highway,6.687003121303704,18,ambulance,34.860095862644606
27.501313428423867,0,highway,9.141463079551363,18,ndrf,52.21414278481555
15.159039585845308,1,rural,6.4413632077811,18,fire,46.02663859043807
4.463823942735314,1,urban,5.969687997034011,10,police,17.24874338389167
11.278664664374437,2,urban,3.0035929915030724,13,ambulance,40.31935445425441
2.4814167310091237,1,highway,5.909213949620363,8,ambulance,8.26065218379587
6.458381611819056,3,highway,7.497015129922744,21,ndrf,20.911287410292605
1.02122903949741,1,highway,5.155916789551758,5,ambulance,1.448982633545691
13.87175753675482,3,rural,7.7963529828712455,14,ambulance,52.43481140657473
19.218937816078018,3,rural,0.6961304687418479,5,drone,17.318150077509475
10.627127640177779,0,urban,3.3537745099959446,8,ndrf,43.72763978769852
12.901262259405675,3,rural,9.598139340640396,23,fire,67.78071938453886
28.79667354891499,3,highway,3.2344441306562786,4,drone,24.941536366095345
22.682912086460007,0,rural,6.218553018155858,21,drone,28.572422278085007
16.45527078987606,1,urban,5.198847576668167,19,police,64.0672057056579
8.893955815798845,3,urban,9.366240133227148,8,police,77.61831069802318
26.961405563803357,3,rural,1.6277187640605217,8,ndrf,130.93703499996406
7.435364947979455,1,highway,2.9938809950975918,0,ambulance,10.653348921443156
10.097610550241972,2,urban,8.62377305430861,18,drone,16.202255058774355
27.31741202547698,0,highway,6.662025447731985,15,ambulance,27.71154018021272
16.121490630909634,2,urban,5.430493606690497,23,ndrf,77.77065853577126
22.398379507830313,2,highway,3.9490039199118856,6,police,35.51502866307333
17.926971427831102,1,urban,4.113154330205101,9,ambulance,61.70226337418619
19.776456665780106,1,rural,9.349226827645014,16,police,49.04873770927062
9.331807099687355,3,highway,6.710756045338119,8,fire,33.22714589119661
7.620475817986556,1,highway,9.290983864151366,7,drone,11.314256464335582
10.013524241475626,1,highway,9.721861087879931,4,police,16.40476768434019
5.085526140460963,1,rural,5.470080061031949,23,fire,10.804896623292557
26.29227377607882,1,urban,6.098889452313125,11,fire,94.64372625458569
8.855784530878365,1,rural,6.563649290710664,18,ambulance,24.208891581501973
17.063937135224347,2,rural,8.391690028798521,15,police,45.30774716074068
23.863245541670533,3,highway,6.590717126063011,14,police,60.48570845116749
23.62281122658355,2,rural,1.1464742218243018,7,drone,20.40625382254271
13.43239462823369,0,highway,9.424301095541663,7,ndrf,20.6682984389812
14.549590603308406,1,highway,6.609343584536336,11,police,20.950297593268765
29.843701593583233,2,rural,8.699172717895419,3,fire,93.97697412072365
20.40062557088121,2,urban,4.247377457819681,12,fire,87.36769180158434
24.53183407197754,3,rural,4.747163578906174,2,ndrf,104.24531641034282
27.12534209196734,1,highway,6.888563527225337,6,ambulance,32.58937017088583
23.733900168765505,1,urban,7.764039863320484,15,ambulance,75.10914044638811
5.962790676130243,2,highway,0.7845870998204973,0,drone,7.75404121256263
17.08403664525838,0,rural,4.073428335260443,1,ambulance,25.375978092441002
3.5058776407790737,2,rural,7.69856380293839,5,fire,13.299211497107475
19.76120273363795,3,rural,9.922359301463109,18,police,107.30662350195529
28.682808131540423,2,highway,0.1164245119625329,19,ambulance,42.35407505777794
15.625595896853284,1,rural,2.6480822744173493,0,ndrf,34.58294924737943
13.272688539599132,3,rural,4.648485819038069,6,police,41.802496723599724
1.5573611668358138,2,rural,2.229417017682792,1,ambulance,3.3677853251362713
28.813348408712,2,urban,0.269221985576531,0,police,88.91072682132766
3.538579181839684,3,rural,5.395430241053415,22,drone,1.31853222174343
1.7118332524929847,0,rural,6.493986090396646,10,fire,7.090068734525609
7.758965039395685,3,highway,4.160620609981132,19,ndrf,27.89464233846717
2.4331478005922813,2,rural,3.6987807968833932,16,police,6.379095346996213
13.92597635114699,2,highway,9.85610560179485,10,police,36.28640655131953
15.724590137084816,0,rural,4.775285232201694,18,police,29.416654795735823
9.720813496343226,3,highway,7.980694532416885,5,police,23.773822858358557
2.0033342359591386,0,rural,2.871741721958021,9,ambulance,6.986566382825227
3.792210863352188,3,rural,8.30188253071832,9,police,24.223427687427662
11.84287915070288,3,rural,8.236996891998968,13,police,48.678326487506546
2.2855892993828157,1,rural,2.677021214430233,5,ndrf,7.531611307025915
21.096596905492447,1,urban,6.558549521417055,17,ndrf,109.05501886448403
6.607105974981954,0,rural,6.820149766873508,20,police,11.876240926012306
9.411111279117335,1,highway,4.426155289437177,21,fire,14.993867807669693
12.126710426753876,0,urban,7.737800628774386,21,ndrf,45.985436297472226
12.789984175539862,3,highway,3.0688526119698922,15,drone,13.226399294475739
0.5489908764066157,2,highway,4.842718391176158,19,drone,2.516450844784445
3.8060759444615777,0,rural,9.901517058297904,16,fire,9.067126743183962
25.951554630355904,3,urban,1.7867567165299936,22,fire,146.21076895929903
0.53637534410129,0,highway,1.4778272201724918,2,police,1.441898066393742
15.490936996479816,2,rural,1.421986873968969,4,ndrf,41.552115369397896
14.940309191962639,0,rural,9.981092718345717,10,ndrf,49.10113523089
10.326277749813816,0,urban,1.5991327659359522,14,ndrf,28.77920541821758
13.224147094320264,0,highway,1.9023923683194066,21,police,11.718407236869556
23.527143557034236,1,rural,6.947865854074225,2,drone,29.88471727498317
25.315509333341215,2,rural,7.594966248048913,3,ambulance,63.30333699746063
8.180282030749876,3,highway,5.270613054661631,20,fire,22.971588331083435
10.01346800854803,3,highway,9.826691191676183,7,police,29.904413771788338
7.653244164335815,2,rural,0.38908880321243733,0,police,18.6976922026001
14.655970316256422,2,rural,6.208208690487828,16,drone,18.49744096658862
20.65612155093498,1,rural,6.06469319401617,21,ndrf,52.95983514213455
7.233459826170906,1,highway,3.212447872864085,21,police,9.137342359179447
10.256704390618566,3,highway,8.994404700778476,20,police,27.880112763599413
27.94634621887994,2,urban,5.528817061050869,1,ambulance,102.01790281771014
1.9327940504852632,2,urban,2.4634026815821475,3,fire,9.034539344879885
14.092703354567204,0,rural,0.8835851620074231,20,ambulance,19.536334068796737
21.490962227104944,1,rural,1.0711889353817605,16,ambulance,32.346850404089246
4.938393340945485,2,highway,8.973292462700195,5,police,13.684633392325491
1.8975335901617147,1,highway,2.5030876233841615,9,ambulance,4.714083731800553
4.577058463336657,2,highway,9.070053016117429,20,ambulance,9.881456119225197
27.605284209155144,3,highway,1.2011790879899176,22,drone,23.271424320600484
0.7731635637231407,0,rural,9.839352570099543,21,drone,4.587033946430617
6.055498256934879,3,highway,8.333490708623094,11,police,15.197675147980306
1.4228636305985143,3,rural,1.1622874159701446,18,drone,1.0
3.763569293084996,1,urban,0.860565028163407,1,ambulance,12.098250395775512
18.79440395553474,3,highway,8.034371824215166,22,drone,25.99067367869966
7.6283478078030305,0,rural,0.7806625528967848,5,police,10.81711187654095
17.291755487704965,1,urban,2.621809856747598,23,fire,55.25723561803331
17.910763791600722,0,highway,8.012498092667707,0,ndrf,26.664016637714656
25.55834232614848,2,highway,9.075800123483242,22,police,47.88766334983453
0.6398710909002807,3,urban,7.676520582586871,12,ndrf,9.232135644571766
25.67439905059982,2,highway,8.898928207528702,12,fire,56.35491185353688
18.764013049595732,2,urban,5.59888313037427,16,police,74.77184663249601
5.300932840096249,0,urban,7.796111620495082,11,ambulance,14.932723337138526
23.301652949990878,3,highway,3.44186328489424,22,fire,57.62485066782242
25.73700048282228,0,highway,7.852140689960153,2,police,27.835070846121866
8.000772770747641,2,urban,6.797409074244872,15,drone,10.469209049119188
27.604413586629086,2,urban,5.748300636590601,5,ambulance,101.24127788551937
13.906494193810406,3,highway,9.9230132068225,0,police,42.30934296143653
18.301021402832983,3,highway,4.697795248748412,15,ambulance,40.613398999663055
29.547161241720488,2,highway,6.192472375705515,16,police,47.67234611354775
11.16531431985638,2,rural,5.099056868638472,3,drone,11.263130011324554
24.48820070169333,1,rural,2.605113395759581,17,fire,61.87042361899279
9.89277397593956,2,urban,3.303654809667255,22,ndrf,44.94347165999034
24.076798906123983,2,urban,9.78785767955941,16,fire,135.18607107020972
18.22165060644795,2,highway,3.9211045801470688,5,drone,19.254602405948816
6.882493009149342,2,highway,6.79406267436745,2,ndrf,16.78556692509283
12.713769766782473,1,rural,5.670972636687143,2,fire,31.25172413449934
9.87025121372507,0,highway,8.898052718095137,14,fire,13.86384918932625
2.8041975958707344,0,rural,7.576900780630048,5,drone,3.0480029540267433
1.3801257179410757,1,highway,0.8065140599985721,8,police,4.542630773722165
10.721120334511838,1,highway,3.5544187143874395,1,fire,14.743575015241378
1.061507360615854,2,rural,7.1191354275780885,10,police,3.1530014842850043
5.3818888486623635,3,rural,1.613568080117006,3,ambulance,15.072481820723393
21.89290796510063,2,rural,5.034391815597697,10,ambulance,64.35536499906048
21.388691452665842,3,highway,3.1776904832886768,14,police,43.88191789878014
22.288121400492788,2,urban,0.6475422979350298,23,fire,84.05750342236355
9.856018548334374,3,highway,9.97146087838624,6,police,27.15286810723603
26.755573984972017,3,highway,9.293645995091463,7,fire,84.66888995171502
18.018001166839205,0,urban,7.475261543083259,19,police,63.66963185150614
4.217777081525482,2,highway,2.0102583525334596,22,ndrf,9.707945913271324
4.739700512938257,2,highway,9.885261935894702,9,ndrf,15.697325571300947
20.946315094426193,3,urban,6.307922829660213,8,fire,181.13566684110194
5.601846125041303,2,rural,9.66075437867294,17,fire,25.403001533314484
15.465134696670278,0,highway,0.42578907291869417,18,ndrf,22.1756919914863
29.757347039896967,0,urban,1.7347071733517094,16,drone,26.159269973656357
0.6182243396335152,0,rural,6.772468852115795,15,police,3.0397186012865944
0.9891041559779292,0,rural,9.071797111456736,3,ambulance,4.098903194966523
29.795995166949943,0,urban,1.7578221279281026,6,police,64.25235513030678
17.746845606957883,3,highway,3.1709823962512473,1,ndrf,46.55414187209006
4.243844277796137,1,rural,5.8817733150858995,9,drone,5.5892225500127095
26.97041489274576,2,highway,9.996610201562314,20,drone,44.399571824642706
26.47121885376692,3,highway,7.9966508678308,5,ndrf,84.26031927029392
16.31791218678557,2,urban,9.235627789828913,16,police,74.27156922495773
18.842864880892318,1,highway,6.750125345977426,10,ambulance,30.88016264624577
8.559022149275853,1,highway,8.773712706666522,4,drone,13.704059510366895
1.990331042974152,3,highway,5.070450323170567,5,police,4.267947336895617
18.0397444622805,2,rural,1.2415863494219215,16,ndrf,45.53040463100103
9.195278199481509,3,rural,7.0955741923149604,18,ndrf,55.67794152667878
20.076820876480383,0,rural,6.014749223998957,7,ambulance,31.195927574601384
25.169232716856737,0,highway,4.853500641148587,22,fire,26.95281457829371
1.0357360454737397,0,rural,2.749909155177731,1,ndrf,4.658842820746144
18.07355635322896,2,urban,7.8420301219235755,13,police,77.76670501839843
7.322775920762141,2,rural,8.204100814164875,5,ndrf,23.263554186021306
26.27971068816214,1,urban,3.6418562743509844,21,police,73.20772257134445
7.9831029435739405,1,highway,9.277665595945592,18,ambulance,15.325457737455839
18.51771893044484,2,highway,3.6974169436861013,1,fire,29.828962406077075
16.829454782643538,3,highway,1.0756249481278246,9,police,42.9976272799116
12.186911751747843,3,rural,1.665283675105791,17,fire,55.71428063915033
20.489812526193926,1,urban,4.9451547040891715,13,ambulance,59.32348610063131
21.9102042241053,2,rural,0.7986299335113689,11,ambulance,40.66204381494288
17.22466496192191,0,rural,7.184125440133404,3,fire,35.9656604448442
22.873455996950245,3,highway,7.950958552978423,13,drone,29.882845034920077
29.51080374179166,0,highway,5.494683326953115,2,drone,32.76300674340995
12.868535443073752,1,highway,8.933484529802092,7,drone,19.634610746814985
15.680200030623162,2,highway,9.542864667462519,5,drone,24.38648235580044
0.8678613992657904,3,rural,4.47581087710658,15,drone,2.6070905331482104
23.982842411156163,0,urban,0.8912716822310185,11,ndrf,64.61634218189552
15.846786977856818,2,urban,2.3126410964207356,10,ambulance,64.6756342041286
12.534862195636673,0,highway,6.576160437134909,20,fire,18.434392980685598
3.275122911137176,0,urban,4.0578438304980216,9,ndrf,15.918128841017388
26.74486443942422,1,urban,6.850093941496444,18,fire,130.24132253965854
12.152713581196414,2,highway,6.667351861527889,21,fire,26.725414858029573
20.636157147172,1,highway,6.053681366117138,3,ambulance,25.446859704581765
4.906537612860448,3,urban,1.5783256689898395,17,fire,36.27105554865751
28.86571407146046,2,urban,2.8591529605712274,1,fire,116.94513617285665
5.764031973744012,1,rural,3.7786162654581226,15,drone,5.990671371778578
6.386488790534966,1,urban,8.244179899315892,5,ndrf,29.132078666599828
25.839994386452556,1,highway,6.822228367634663,6,ambulance,31.782502493859955
27.42119095218697,0,rural,6.44934266002749,20,police,44.23153781709802
6.758348521937392,2,urban,6.721373447109728,4,drone,8.809572425505653
14.359126201157423,3,rural,5.032020814513962,12,police,51.61281294514311
22.138099684603482,1,highway,0.39631715468063433,18,drone,19.78982534974105
26.41178914741865,1,highway,2.0112068749896173,19,ambulance,35.69104563268461
11.682054503600504,3,highway,1.4030215580040128,4,fire,29.309229907026637
15.752074862058162,2,rural,0.6399666439371066,8,drone,13.547092320974995
22.38063411033218,1,highway,3.1947664798329845,13,ndrf,31.504547281421544
22.068511311257463,0,rural,7.877301916963484,14,fire,45.633770165999415
23.597323835769505,3,rural,1.1513180364380438,3,drone,20.439968241680823
17.31304764992503,2,urban,1.1142251708192186,14,fire,65.78805004704368
3.586145355740869,2,rural,1.2426401919151742,0,ndrf,11.962961859252983
27.167212080902182,1,rural,2.698216912564412,15,fire,56.42624189049291
26.034389909970333,0,rural,2.0220713804762367,17,fire,51.45911657465555
24.043874356640824,1,rural,0.13961116473593882,11,fire,44.48583766944587
3.44594307624152,3,urban,2.7650231358435464,5,fire,17.392511442308795
6.529722328902161,1,highway,9.962944646561171,5,police,11.566203813527945
22.436210770675732,2,highway,3.364864428559289,16,drone,21.925460419181235
1.1826327901674198,3,urban,2.112590319738227,10,ndrf,13.836615300763023
29.38712669436475,0,urban,4.957139294921719,22,ambulance,70.4680005289424
11.625768070492581,0,urban,2.2936846424947688,23,police,28.478956864680352
21.719719743879295,0,highway,5.596452013207131,10,police,28.043506379945974
26.68334711039728,3,urban,4.006558464008299,6,ambulance,128.98484227859393
12.141581700427427,2,urban,8.968413182794492,19,fire,81.65427710110171
9.914408413690149,3,rural,9.279192622132506,17,drone,17.586436154314235
18.45786330249828,3,rural,7.130612580266465,3,fire,79.84989147081332
17.639186525567496,1,urban,2.156942477402364,22,ndrf,60.07985181706573
12.569629339931517,0,rural,4.738985478734483,4,ambulance,18.121709585407956
18.2523552980974,1,highway,3.0542316704074746,13,drone,15.846405685315686
28.093750402211594,2,rural,7.982774691098729,4,drone,38.40356610110978
14.295387570484596,1,rural,0.2917410915370322,11,ambulance,22.651171162486804
6.303894332143624,0,highway,6.6249169434482855,14,ndrf,6.938955684908604
11.627576495048615,3,rural,3.2322682614412757,2,drone,9.642291323944232
12.126155986496999,1,urban,4.810045824483817,6,drone,13.655598625800868
4.367706444273486,2,highway,3.22994971289066,18,ndrf,11.686122804980483
5.30470926635937,3,urban,3.647900272583641,22,ndrf,35.466536532660406
20.69458116511348,2,rural,6.743626387928471,21,police,54.35790497258234
10.51459374916263,2,rural,5.9549433342975036,18,ambulance,30.21156893720136
28.669502559746324,0,urban,2.4408924569483648,23,ambulance,59.5191217726286
7.686103988078919,2,urban,0.43637628147627283,3,fire,30.74641515310106
3.418272900592258,3,urban,8.560218098530704,4,fire,26.287503416989388
22.728384608507607,3,rural,4.923066816235303,9,drone,25.088722284046977
26.490563531577166,0,urban,6.187302242491834,22,drone,29.4661178145809
8.704344027708892,0,urban,4.884992724639577,19,fire,32.11722390372581
6.4615989985416,0,rural,6.189402069330599,8,fire,14.65270461970615
5.980100978697072,3,urban,6.26972471798573,0,ndrf,41.83475437072309
15.899362890312114,1,highway,0.15040536754404088,14,ndrf,20.941955136273016
14.318290916779743,2,highway,5.332591165996084,7,drone,16.79419940470953
8.153475275708761,1,highway,5.021079689040664,5,ndrf,13.992401082854395
1.8326069511880785,2,urban,0.9581751628905644,5,ndrf,11.094783241943102
14.703994539625281,3,urban,7.458818609963057,5,ndrf,112.88828102952968
28.800304255250445,1,highway,2.358593695437743,7,drone,23.440433858378913
19.749316422203567,3,rural,0.5452534775398465,14,fire,67.35861792178203
15.117443420544243,1,highway,8.031589740834093,3,fire,24.27488452157406
3.7654161838736755,0,highway,8.651317513122754,11,drone,5.9975128869340955
7.946870571212824,0,rural,2.4069475631502635,22,ambulance,8.633141202704818
9.195831512449011,1,highway,6.875455169503578,23,fire,15.346695140068793
23.06170480191341,2,rural,0.04950674062496829,19,ambulance,55.883661366038126
26.36296851930627,3,rural,7.211499583823048,6,drone,34.35406301942339
27.098434680209934,3,rural,4.648204434406437,3,drone,28.36650886977688
29.544773943397246,2,rural,7.924831064682994,21,police,79.57734736569131
29.479817151583706,1,urban,3.930339726659268,9,ambulance,100.83689140091016
28.613474416655453,0,urban,3.5107572752078164,11,fire,77.53534271562411
2.618753144835089,3,urban,8.407848751374708,10,police,23.916090850410495
4.564909309870253,1,urban,0.3864669791516595,3,fire,14.019490235101518
9.481762531042971,3,rural,1.8716498687641692,17,ndrf,46.36680350849812
16.810498494901612,2,urban,4.1212886888758575,5,ndrf,75.81965233493378
3.360847716811639,3,urban,5.963381613914404,5,police,21.697326037017955
25.451010255163204,3,rural,0.05112513117040307,18,ndrf,115.46527602783463
18.694307282780617,2,highway,5.751476946673746,17,ambulance,34.51474326802665
16.499749867915046,2,urban,3.7849253963380045,19,ambulance,73.13421568138874
5.376684039335089,0,rural,6.300020436999634,16,fire,11.844973963989172
7.971036494805822,0,rural,9.069738395892294,0,ambulance,14.344701338290134
5.229204736976612,2,highway,4.408720116266,10,ambulance,12.347284622920307
25.63202815494656,2,highway,5.545786432995715,9,ndrf,64.66612946880616
17.734721871805938,2,highway,4.627899184928572,7,ambulance,23.830861743304865
22.186318111829184,1,rural,1.1852200321160677,11,fire,44.26533445657435
9.232969455845758,2,highway,7.931129877471204,11,ndrf,20.486188383920723
11.451952794104177,3,highway,8.851957205737913,14,fire,40.80190178457882
12.443221450582747,0,urban,8.114665812834795,23,fire,41.72906630891444
22.92044166644903,1,rural,9.47596574352075,15,ndrf,64.49911277509389
23.284413136399756,3,highway,4.680285177968844,22,ambulance,50.67134190897098
6.600999061663935,0,highway,6.523217555027388,19,fire,12.051216410876787
28.27539627377392,1,highway,1.683416049881078,17,police,39.58455139378488
4.059332454588748,1,highway,9.76808121180261,6,ambulance,8.097572986619396
26.935601431497094,2,highway,5.805540498739694,13,ndrf,52.32133777122567
3.461671546669374,1,highway,2.6166310810087956,2,police,2.356589597535433
8.303924428963677,3,urban,8.053742783688826,22,fire,64.70122401268914
25.47111681400473,0,highway,5.86491117208565,4,police,25.00998979981965
5.79501613420958,1,urban,9.496749819688242,5,ambulance,24.100210623448444
12.70025397364411,2,urban,7.699773790486449,22,ndrf,70.13744448252521
13.770849348351723,0,urban,8.772648232111969,2,police,41.61102924119442
7.735139704184685,3,urban,5.4665000887533495,13,ambulance,40.82386507651203
21.452233439411604,2,urban,5.173084253454471,13,ndrf,106.97877357663809
25.61437215736501,3,rural,7.573264712106715,5,police,96.49688333192765
26.29996662573937,1,highway,1.0501397549535518,9,ambulance,32.73885748706513
10.510003299228547,1,urban,0.5403159148356262,18,fire,41.9396548912719
16.160086631490525,3,urban,9.837022460713571,17,ndrf,177.92153006613282
7.827988914036719,0,urban,9.162955287067758,14,police,23.26615138035951
7.721496795729291,1,highway,9.556609412449067,13,fire,15.015357930244772
5.2569948541317615,1,highway,0.6236406349639578,8,ambulance,9.214534654566682
28.230560818821683,1,rural,2.6930141191004884,14,ambulance,48.80949719172744
26.695670443864607,1,rural,9.01542379194018,0,fire,73.97906531793849
23.432082043166922,2,urban,0.8947957687613262,1,fire,85.91503825172542
15.771014877988007,0,highway,4.514345121083978,18,ndrf,27.69985862941017
14.97293350760022,3,urban,3.4129135311177503,4,police,75.41896137825397
16.12749715238369,3,highway,8.79850478500603,17,ambulance,50.00504357648599
16.328756400524135,0,highway,5.180761323371474,0,ndrf,21.224957664497165
13.319610998581865,3,highway,2.903741822069038,6,drone,11.981963258268497
4.386767570315991,1,highway,5.243011757880086,22,drone,3.5731030541815416
4.207083659621812,0,highway,1.1244620561216812,6,drone,1.0
28.591366617447658,1,highway,7.312027325564641,23,police,41.28264623907005
14.719907407797342,3,urban,6.1833755445991025,6,fire,100.50326735169959
28.619562984703073,3,rural,6.0070878106093515,15,ambulance,95.26684998075224
5.325517892448245,2,highway,4.378443530084093,16,ndrf,10.228960609705346
16.85528828517804,3,highway,2.9424415309399077,15,police,36.9160387035991
6.627658973870408,1,highway,0.6538065273452143,7,ndrf,10.169320635001093
7.968945880734745,3,urban,9.470325041280537,18,fire,80.15989982758323
1.3866100734547742,2,rural,4.165539215589015,7,ambulance,2.352568037897235
4.009122666836234,0,highway,4.959217039488859,19,ndrf,9.002471888059297
27.547028025061273,0,highway,3.757667547931014,9,fire,39.308440884433864
9.985223248728786,1,highway,9.878773506736778,20,police,17.087102939996125
18.439811751480452,0,urban,7.961720106186995,23,drone,25.18474539772801
14.217916893683553,1,urban,0.9576022478136914,18,fire,56.4491988895768
12.31331173473571,3,urban,6.081750647072628,11,ambulance,67.02479736374285
16.19063969470901,0,highway,4.8463457365243725,10,ndrf,26.674079420751625
6.0235488661525745,2,rural,7.933520352196407,9,police,23.0622427490844
29.663815006327507,3,urban,9.973160121568533,8,fire,305.75266388872564
24.640082126763957,1,rural,7.44306740602412,11,police,54.409966851064866
22.377631665579703,2,rural,8.649288208049933,11,drone,30.28723554799069
14.328399261911597,1,highway,5.026355023558152,17,ambulance,23.854514396319555
5.0098751027269115,1,highway,3.7359799036096355,21,ndrf,6.630480463218243
27.65964281907025,3,rural,6.432796815053643,21,police,101.37973628613656
10.570918487760965,2,rural,7.494184137360973,14,drone,13.063494765576158
1.9781473460595462,1,urban,2.275339332040305,23,drone,3.472933022482328
10.600908465913546,3,highway,5.033874798597817,21,ambulance,25.47754247851951
23.936482399628588,3,highway,1.137909867908652,11,ambulance,43.55979794992915
18.869907977152142,3,rural,2.1635281327923437,9,ambulance,69.36651249459348
22.64973824997336,3,rural,8.818588901432303,11,ambulance,86.26241849009271
23.912243823940134,1,highway,1.4473198263072629,0,fire,29.91272158209186
6.752661026876006,1,rural,8.11348251802212,7,fire,20.35455692073088
27.751607824748817,0,highway,3.7259574325304046,9,drone,27.62262304288299
13.42069328615099,2,highway,6.6352137554379915,18,ndrf,33.504472978662044
19.350902653292856,3,urban,9.10326371642405,6,fire,150.3207341376126
0.5681087913088891,2,urban,7.808986800827582,15,police,5.633849797303478
29.804370703129752,2,rural,8.25941119798457,7,fire,95.53987948930158
8.786443385942576,3,highway,2.61149070103343,8,police,22.683388281269835
2.3308616429345794,0,rural,3.6167460362704995,1,fire,4.127332013478094
14.018730225327161,1,urban,7.327920205396588,12,ndrf,58.788169989849884
4.306386686870232,2,highway,7.7723458662128575,2,fire,10.777381374856752
4.993637949648483,0,rural,7.9005226760087846,4,drone,4.338131460454006
19.1523429843912,3,urban,7.401079814042882,12,drone,25.459143147233654
12.091358051321881,0,urban,2.316226112425449,16,ambulance,26.62695640008688
27.694647279572354,3,highway,2.89086640155928,9,police,73.60087655815856
9.915116590938066,2,rural,9.420410075640557,6,drone,16.546956622660485
21.922313787325084,3,rural,5.538603817453273,21,drone,23.670127010956982
14.102433189569775,3,highway,7.544504012773732,8,fire,50.327427271303904
19.968563383313725,2,rural,5.9919567955942155,7,police,48.75991488592886
18.191013023121716,3,rural,9.245018652468179,1,ambulance,73.36113143604317
14.447127196390447,1,urban,8.687818180963168,8,fire,78.04038651567105
28.526802291420896,2,rural,2.613747913556239,5,fire,72.90546534509286
10.610052461271199,3,urban,8.847094719558887,8,fire,103.04336431688671
5.728447286853541,0,rural,3.0003935878031305,4,fire,12.003374266844766
20.503774795954932,1,highway,4.409804514306616,4,ndrf,29.53649008501294
25.45722305858331,0,highway,8.51233578118903,17,drone,37.3595827719798
1.6874853282277509,2,urban,3.240190753390071,11,police,6.076800004334634
13.764164308469077,3,highway,2.907719181874995,16,police,26.064226173883924
26.828386845776127,0,rural,6.6865684939592,13,ndrf,60.335255478152106
22.61374925822459,2,highway,9.99676362413976,12,ndrf,56.1663712065395
29.758327636680033,1,rural,1.3105698109144814,11,police,49.11799922853742
16.17670744211869,3,urban,7.01060646519703,9,ambulance,112.99579227147089
19.96987370463396,0,rural,5.269553879052183,6,police,33.163370299647575
9.42316829356888,0,rural,4.106174903087034,21,ambulance,16.08813061179388
28.452300190146772,0,rural,7.4985874970781605,9,ndrf,79.28135746491567
11.306896912417821,1,urban,5.548363294096092,21,drone,14.353191299706449
22.286066024255543,1,rural,7.9781114804139595,18,ndrf,79.5873979305395
12.392636021512917,3,highway,7.4385394474908315,14,drone,17.073545801492237
17.07365843685848,1,urban,9.851189839346281,20,police,61.80323347364972
21.733584783135612,0,highway,8.108658485300461,15,police,24.35657041137693
15.51355747666495,2,highway,0.6679979742859687,19,police,29.396419339114438
27.2590466438305,0,urban,7.795792955441254,19,fire,114.06712987042559
12.869379143870402,1,highway,6.4970322020795095,15,drone,15.879565872193789
19.588618045228092,2,urban,0.8979035022694515,17,ambulance,75.08158425404687
10.599691782351597,1,urban,6.054892285180937,19,drone,11.705406217427374
12.540621712814884,2,highway,7.508036005675395,5,drone,18.351296684935274
13.481478192889796,1,urban,1.9719451324438886,21,drone,14.712595738788792
4.211307040212414,3,rural,4.349116479735767,12,ambulance,15.994389406613445
3.2058485322406973,1,urban,5.424862882439079,2,drone,4.846609371476049
20.19095273282936,3,highway,4.131527185958397,3,fire,51.80991564181386
19.837773281120043,2,urban,8.760048029512742,18,fire,133.32839300586303
20.05583656919781,2,urban,1.6890320542356285,19,ndrf,106.18602223217331
1.0831101376094043,0,rural,7.715555525568549,15,fire,2.02074258433472
10.133131858817507,0,urban,7.780911925380661,15,drone,15.740743320488729
6.335390494146309,2,highway,4.480299608926592,20,police,11.124730640607511
23.455466965048366,1,highway,5.394779919009797,23,ambulance,28.998119277745992
25.888596841185837,1,highway,1.5356244931295249,19,fire,42.16886823978243
7.777071128171346,3,urban,1.9515757212065399,3,ndrf,49.15542907429753
20.2015501860156,1,rural,5.316648121021177,19,police,50.42573938457609
4.316202702019096,1,rural,2.246807829334916,12,fire,11.325691047825668
8.616999505250543,2,highway,8.064653846285895,19,fire,22.910831124080403
4.590307638885876,3,urban,6.162180833820243,17,ndrf,45.808862877581035
8.863862614677261,3,highway,0.5657867840440334,16,fire,19.61583445076128
20.4047281468037,2,rural,3.5787666833830833,20,ambulance,43.96728523145215
27.35464385046495,0,urban,8.584259313682445,3,police,77.81112566499291
6.474411033763486,0,urban,2.7744404803362057,20,drone,6.263825064707671
16.491331531046214,2,urban,7.197178887491729,8,fire,102.28338347755587
21.191037486681253,2,highway,0.9380013799603659,4,ndrf,36.02782383553706
28.611212820324187,0,highway,9.305336539493748,17,police,46.27582493195172
18.49678424517163,2,rural,4.493456813337938,23,drone,19.699477328637677
8.025654465307731,3,highway,4.915656355917494,2,ndrf,26.663150307928163
18.95160562896112,0,rural,5.6983013122916955,23,police,32.419746011194256
9.954489269501478,3,highway,3.6343233960012498,8,fire,31.930857261423153
29.29578752540538,1,highway,7.252853012017616,23,drone,37.14241097291512
12.290445987327288,1,rural,0.1458356570631092,1,ambulance,20.0335951616686
20.72011776244992,2,rural,1.622042676448776,14,police,44.779619714834
1.185213679229375,0,rural,1.8882091761012698,12,fire,1.9881741416880443
12.301812660975283,0,rural,6.353401839327967,19,police,27.993922138107777
26.315674593014094,3,urban,8.906008145754619,11,drone,36.64090963451682
18.50170961078075,1,highway,0.6363974148133322,1,ambulance,20.01008073409234
13.596315148681303,0,urban,8.524585999724518,4,ambulance,39.758074363595036
28.110156233353916,2,urban,8.1951359575253,6,drone,39.04935886411821
25.692539096343257,0,rural,0.7662566216197997,20,ndrf,39.92404982430953
10.00536237777668,3,highway,1.4322842377891887,2,police,17.903895515039437
16.564177860219516,0,highway,3.500453242304858,20,fire,20.431246917312613
14.94981555472765,2,urban,1.1466961435509515,12,ndrf,58.72622711185633
19.14997375338844,1,rural,7.582861351004835,13,fire,48.98865467276848
10.356282375283289,3,rural,5.040693137644878,23,ndrf,47.310889252062154
7.7040475225937035,2,urban,4.107646082865203,18,police,38.91461431207226
27.423819140038315,3,urban,7.249476252597914,15,ndrf,207.50856406227146
27.754297735205935,0,urban,2.9289537306426636,19,ndrf,102.6075632524695
25.37802512997838,1,urban,8.715314151146606,11,police,90.67240507023261
29.357030707554557,3,urban,6.539667386808084,22,ambulance,157.4348558045913
22.47725001050081,0,highway,3.465053120452252,19,ndrf,36.187269181493484
23.05768324257899,3,urban,5.398726903215298,23,ndrf,163.35525797513424
22.996407712897902,3,urban,2.5944847609439172,13,police,114.5561782095941
14.677925112798043,2,rural,9.84980740761668,15,police,43.79141270226492
13.965339738171014,0,rural,4.356043266423785,10,ndrf,36.2472371388485
7.586675146395593,3,rural,8.967741526853759,22,fire,39.55743974952622
19.52216623359907,3,highway,9.780204572746733,15,police,56.099976850921145
9.03494401501887,1,urban,5.357924599738996,3,ambulance,28.80990023888061
8.105348086219454,2,urban,7.299955700970154,12,ndrf,41.83695189893319
17.785860535833613,0,rural,5.722467869412084,3,ambulance,28.383162000432815
12.594480452638773,1,urban,0.9156763278072177,15,drone,12.027484767870417
6.95626995944165,0,rural,9.524180526173541,16,ndrf,19.926002269273685
24.573652494208517,2,rural,4.566364510152646,19,police,73.99406748000952
25.88681261918409,2,urban,8.940631235615296,3,police,119.3360997300719
5.447135830494538,2,rural,6.556053459385618,11,ambulance,11.867841704598387
0.7214574675999961,2,rural,1.0519089103411894,8,ndrf,5.154992522170792
10.415834071616525,3,rural,4.170529709663131,9,fire,53.075974210844365
24.0265696525822,0,rural,1.9584815469581973,22,ndrf,43.81637569662265
25.25562905391257,0,urban,1.6985986448755985,13,drone,24.892919429888934
4.580707568423452,0,urban,7.1508874368339415,10,drone,4.871576874257715
23.34290908490001,3,urban,0.30019987321461605,21,drone,21.72171060313866
3.913272935628169,0,rural,9.661405688939793,12,ndrf,12.497043645442037
12.006846409617612,0,urban,4.499233759460843,10,fire,44.274782974258876
29.95898069285152,0,rural,4.897576810587319,12,fire,53.03797728305671
6.1814292853118395,3,rural,2.9942889597115463,20,drone,6.610333146697525
5.0419256860399795,2,urban,0.8561607281242811,10,drone,5.142446151018028
12.972609810130407,3,urban,5.882426783615048,14,fire,87.06629550559522
18.780221516110913,0,urban,3.4475449850542796,4,ndrf,54.90145214676516
28.02057308119097,1,rural,6.240726160444169,0,drone,33.997789432628224
29.43422379322451,2,highway,5.557698078073537,1,drone,32.50059046859221
2.554398779446142,0,highway,2.1691084680939463,11,drone,4.616974166504129
4.570926761763207,3,highway,4.616539224076285,17,fire,19.03636903012402
23.82677022993182,3,highway,3.080630093895853,5,police,47.88215673695435
8.483648491990383,0,rural,2.3972408122616464,22,police,13.52273464331373
26.603047255437637,3,rural,7.697043592969022,3,drone,36.555519684383775
20.07187108825806,1,urban,0.11906591999208294,16,drone,17.067483751083778
3.7994216702299766,1,highway,2.6888285862512493,5,police,4.030569315457633
25.05961390525821,3,urban,5.310856836719877,1,drone,29.09312705374412
5.702513210238237,2,rural,4.761459884304578,17,fire,20.651950929986562
12.993114143049787,0,highway,9.401653269195618,12,ndrf,21.828915283540283
16.789455392500233,3,urban,8.43657481257244,15,drone,22.240051590262425
15.27260139786821,2,urban,7.516026271882577,22,drone,21.26592039370957
20.741806010646936,0,rural,5.140781332703593,12,ambulance,30.69324226305912
19.75425867864303,2,urban,4.289067323841324,20,ambulance,69.9827866670127
29.76523916307762,2,urban,0.36569568578795564,11,fire,109.72051456186959
29.98294632211354,1,rural,8.21668249638819,8,ambulance,77.56909900596605
15.735552377751407,1,rural,4.3071290416211205,9,fire,44.60282062594271
3.3083730653454877,3,urban,3.209673917226561,8,drone,2.0410860623087617
21.97137731957719,0,rural,6.066343799442816,21,ndrf,48.45242103239493
29.31159030738938,2,rural,7.541378188997427,12,ambulance,73.31116787759315
9.8906284350561,3,urban,5.230513205327359,22,ndrf,68.9771610948093
14.105662132208428,3,rural,1.4958317547539168,6,drone,12.097732598983294
13.03091928205595,1,urban,9.216464707040448,18,drone,19.86090072281852
2.016865059429416,1,urban,1.1284948992637966,2,drone,3.7037185398271912
20.33180072109162,3,highway,9.695716314967438,6,drone,30.72847376292156
10.9234620045198,1,rural,4.424771019306642,0,ndrf,26.172102954812697
23.730184301629315,2,highway,9.466231942262747,21,drone,36.470096237130655
25.04754222081859,2,rural,9.146497597379259,7,ndrf,93.2223632015746
24.72630820463644,2,rural,4.062672654902636,19,ndrf,92.68166282119515
12.791646942176463,2,rural,8.000252905254005,10,ambulance,45.01389317591132
9.985597626106536,1,highway,0.8977253182676559,2,drone,8.910455506803883
22.590213000178117,1,urban,0.8273426927180005,8,ambulance,71.92401642536453
24.140988298360327,1,rural,3.559566037213562,8,fire,66.38701553190532
14.9920946685453,2,urban,6.0978510014316845,12,ndrf,76.96872336091222
26.84441507632094,3,urban,0.09321069819484995,7,ndrf,154.04660893071505
4.745306534317469,2,urban,5.151751250097513,16,drone,4.7215312620666285
26.432528999939326,2,highway,9.7564690374854,17,ambulance,63.75098592577157
3.3348093726704975,1,urban,8.584454286001957,3,ndrf,16.288309566733293
5.029002900611109,3,rural,2.3247061975224916,12,ambulance,16.94435841378576
16.24828039158183,1,highway,5.280687619300749,13,ndrf,27.526919797794807
2.4917951655287434,1,highway,1.7140876911667802,6,fire,2.954832824342241
2.0578094913032556,0,highway,2.6326014736299888,18,police,4.229684465600215
0.5153029528883128,1,urban,9.230008384772747,5,ambulance,4.034830028124198
13.371341460980762,2,highway,9.977781347610138,20,ambulance,25.390415478878314
23.35140449812078,0,urban,2.4256098811784677,10,drone,21.700632528106926
1.527731333257512,0,rural,2.1206787300786765,8,police,6.8509558458974364
19.741599390742735,3,highway,3.8385932434157413,15,police,40.98070482236849
24.7822558637775,3,highway,4.45856422352045,14,fire,60.89312382406057
5.456025033047198,1,highway,0.8924866763088812,12,drone,4.188958058256702
4.832480177231425,1,urban,1.4770866393739401,16,ndrf,18.783299203906655
25.893628721805815,2,rural,4.2482726742361105,6,police,61.03307513358438
24.782175993527794,3,highway,2.3542056806648315,19,ambulance,60.258950454475475
16.39878210479351,1,highway,8.449347694783974,14,ndrf,32.00231542801426
24.66639643917242,0,highway,7.515465621428125,5,fire,33.56778006525037
3.2363042840225957,1,rural,5.363384308807269,23,fire,8.264716390823729
12.137204779193254,1,highway,4.326293190684014,20,ndrf,18.17147995651574
22.265027905138,2,urban,8.309878032139913,4,drone,29.08045223053729
8.09483280005692,0,urban,1.6599534357395618,18,fire,27.322579851874483
22.693702975789808,2,highway,8.873878588674325,12,ambulance,40.92818422158107
15.373268829529009,0,urban,0.490773833685646,18,police,42.14462102001969
22.632846644472874,3,highway,9.233944617888293,9,ndrf,98.10675372614088
14.208049316791222,2,urban,1.3881005236448785,5,ndrf,58.33642588523308
11.35317803654362,0,highway,8.120990440371688,5,drone,19.660652740907615
6.966081886119653,3,rural,0.18045078394280378,1,fire,23.339453362539643
6.647190572332943,2,rural,8.150781704084231,21,ndrf,24.625269334673252
22.668978911856183,2,highway,5.840707731398851,7,ndrf,47.709550416897876
4.007855267001835,0,urban,0.19034250925496266,22,drone,3.800589230019689
3.0364793282728813,0,urban,7.742097595242466,5,drone,3.2530483397707437
5.70059526815284,3,highway,1.0155730104748528,8,fire,18.90203644971252
5.672722087890696,1,rural,5.399054259028981,21,fire,12.35270229203475
24.781674872803542,2,urban,3.3200394043715944,8,police,114.34647311513415
12.255945392489267,3,highway,7.591682612979886,18,fire,46.72672686801188
29.71645949213423,1,urban,8.532215716726503,2,ambulance,97.89851256709066
4.547732104823066,1,rural,4.642767010028885,22,fire,9.472647198331487
19.77942485796248,3,urban,7.579402135569584,14,fire,139.614702493527
13.737520462436892,0,rural,9.166249324370497,18,ndrf,42.59876117552082
12.091086212563681,1,highway,6.892005374743148,0,ambulance,19.32320624469954
26.31498387209543,3,rural,3.219904860941518,23,ndrf,105.72988394244398
29.28007155193779,0,highway,4.63312079555701,11,ndrf,37.761321932219026
26.24933928383827,1,urban,2.2999774013396665,5,ambulance,67.44974237763044
6.172870031536425,1,urban,4.584083396092091,3,drone,10.452812935680981
7.013538675663554,0,highway,2.4589047905749792,2,ndrf,9.076375223983273
19.854179433304367,0,rural,8.072497248574589,16,ndrf,47.75647254024777
9.027965658326655,1,urban,6.099174272638085,5,ndrf,36.69083092693224
22.174391358027105,3,urban,6.3324598571946655,22,drone,25.403184556533667
17.20940919888452,0,urban,1.1026328847084743,5,police,37.39688751014392
16.751808670466886,2,highway,0.014603075486518957,2,police,22.337623071994226
24.94213428274418,1,urban,7.891866348975528,20,ndrf,108.78904564164999
21.460716766408996,3,highway,5.423064157282757,18,ambulance,54.761640540177254
1.284044067420105,1,rural,9.315533748414849,12,ambulance,4.915651205790722
1.9590445458074628,3,rural,5.372392389896086,19,ndrf,11.884368095246828
18.245974347452464,1,rural,2.146785243146383,17,fire,45.61662477146162
14.842666230857127,3,highway,6.984765852563366,4,fire,40.729805261861934
8.175447332618246,3,urban,7.009829803127559,9,ambulance,58.96377608764984
12.850354575786648,1,urban,0.6553260416055051,22,police,33.04858580393896
22.858354402619387,2,rural,6.936508973210471,16,police,58.69550785674411
24.885038797408935,0,urban,2.1252822252442005,14,drone,20.31716117224131
17.056080502756302,1,rural,2.5452061578585914,4,police,30.33762119475387
11.868399685284539,1,highway,0.3141469625578064,12,fire,14.447246915486133
8.485554464105658,3,rural,6.273722227728666,3,ndrf,37.44919895790388
15.896594887692977,3,urban,7.317293934655078,16,fire,111.78549548681667
9.78511374764924,3,rural,2.304916631505032,5,ambulance,28.26244549838084
17.140806542893078,3,highway,7.925389321530762,6,ambulance,41.350555821059636
20.461245284034312,3,highway,7.62031286140658,13,drone,26.102661465113716
2.4493367221221476,3,urban,4.097662081694507,0,ndrf,15.844911083692253
0.5314902181710435,2,urban,0.6822516220561403,16,ambulance,2.228363980091877
6.762175595801917,0,highway,2.8018532747267786,10,fire,8.365359307890829
26.88808918270404,3,urban,1.6542914892909821,12,drone,25.655831642939244
19.565577515242495,0,urban,9.588182371271817,17,ndrf,99.12419238073764
5.5728303821421745,0,highway,8.177442641796127,18,police,12.072395326632224
26.762786873796752,3,urban,0.7837647142421045,22,fire,143.5461003662489
14.36370023847653,0,rural,5.134600292427565,4,fire,29.323253376876558
14.544706822020489,0,highway,2.6688632957572977,10,ndrf,23.35169457990841
28.098487343358325,2,rural,0.32117976507208823,2,ambulance,51.456517850231656
2.2548574194085305,2,urban,3.2230127088917024,6,drone,1.7076506600830519
6.847759101547196,0,highway,1.2758529381399308,13,fire,8.420138718462693
17.78025409206431,1,rural,2.2273202097996547,3,fire,36.23555189338135
6.266852032669121,0,rural,3.2654046192851927,10,fire,15.690967216087401
20.546046771664255,1,rural,4.088904501478368,22,ndrf,47.865340730058925
6.815722535433246,0,rural,4.68442453193312,1,ambulance,10.929205046675124
3.4251306326650233,2,highway,5.201972713663894,5,ambulance,8.829918840948618
6.606062209404772,1,highway,3.7000076444331267,6,fire,10.451674175046971
12.970654011025836,3,highway,4.98349590959227,21,ambulance,27.765825506337237
5.696079825605857,0,rural,4.178584594186203,17,fire,14.070673765951613
4.473414735238745,3,highway,9.64438977596954,4,police,13.740024615860397
25.878315643458755,3,highway,0.6764087059553547,16,ndrf,59.35316627653839
9.95171750612058,1,rural,5.859513404485494,0,fire,22.621882975101375
11.142381252288482,2,highway,1.9364717138057896,19,police,24.379225052874954
2.130477080286215,1,urban,3.7543785325461245,5,drone,1.0
11.042403893310597,2,highway,5.4646580988691404,17,police,23.781272444393196
8.3118117309866,3,highway,7.598094474226883,11,drone,11.737057323123988
18.50930948658276,2,urban,9.77731111788676,17,fire,132.78906206935275
6.559013781335997,2,rural,4.93621663154037,8,drone,8.016828579537393
26.706780865353796,3,highway,2.569791159710282,12,police,56.593377028594816
27.925165317126876,1,highway,7.915752181336764,21,ambulance,37.4693859661719
3.4450161867153106,0,urban,2.2157244984737323,19,drone,5.621163775955731
3.6683872105130275,2,urban,5.078406722177686,13,ndrf,20.86326829650758
3.902129924274145,2,urban,8.46711297649563,22,fire,24.184749469643805
18.777293061154204,0,urban,4.037985089607691,2,ndrf,57.16633360016535
4.0980844441838755,2,rural,5.5697776663347485,16,drone,5.640731324571409
25.645278378942855,0,urban,1.1955001907374518,15,ambulance,51.319281469378204
22.75100969066783,1,rural,0.559677734729277,6,ambulance,35.05062686991661
24.68436131802171,3,rural,9.862824707332202,9,ndrf,170.7934856868561
16.018785543137618,2,urban,1.7889569210794343,9,fire,77.39087688348057
29.901977739815027,2,highway,3.3554903695524843,16,drone,29.029396530816033
1.8031655368527575,2,urban,5.046848871741836,14,ndrf,11.82869880159657
12.337316443490344,0,urban,3.7447160819740857,18,drone,10.618279049671349
10.056131733660267,3,urban,0.9733906002416859,15,ndrf,58.84437739642084
28.48504221202291,1,urban,1.9691412389830298,23,drone,27.510174711585424
17.51739827567899,3,urban,4.934476679033093,19,ndrf,156.096499594524
24.282633480619396,3,highway,4.388015758120894,13,ambulance,48.58628399226947
5.5250652129263065,0,urban,7.98193843775579,0,fire,20.118826795640686
29.369707245062948,2,rural,3.1178795725329533,8,drone,28.218009825178118
15.209866632851298,0,rural,9.403151202268013,3,fire,36.622258008839054
15.063326249984051,2,rural,2.82810357150172,10,drone,13.73530957095122
29.141099492099265,1,rural,3.3129865777130476,23,drone,27.873375228047244
11.731604655905779,0,rural,9.493133292496669,9,ndrf,39.34370364605503
12.226988224372292,2,highway,8.404833776614684,19,ambulance,25.96132976541236
17.75020473274563,3,rural,3.1696796588330143,10,ambulance,67.20164703483071
4.277552011159715,0,highway,3.9528469110116884,13,ndrf,7.205435902693463
9.97202597914972,3,highway,8.422602753190661,0,police,29.22485687069394
6.199645512131351,3,highway,0.8608943421384152,16,police,11.483620256079098
3.5468626336579634,2,urban,2.9467631105710055,5,ambulance,12.271171233072367
26.051265886765094,3,highway,5.315560978625405,11,police,59.33638730056845
17.885269400760542,1,urban,8.289041768922994,23,ambulance,60.3723253850221
11.08084735007338,2,highway,5.646166740198727,5,ambulance,18.152864727542966
12.555746632318028,2,highway,4.89778847247382,22,drone,13.627072372627012
13.229810608776962,2,urban,9.621175686531643,19,ndrf,101.3774024578035
19.17790087326893,3,urban,1.164103941509248,1,drone,14.529610899094507
27.839697048925302,3,urban,7.800659256819722,8,drone,37.165184215502784
28.016998779880986,3,urban,1.2703485752532695,23,drone,26.65699766195972
12.049013396154571,2,urban,7.328274397039319,10,police,63.43973500596174
10.213242558134201,3,highway,5.430896185627216,19,fire,34.29583562879572
13.805871755465024,2,urban,2.6464621077057737,22,ndrf,60.416435664636744
17.25405979764053,2,rural,5.433370872417558,0,ndrf,52.91564585402184
14.123628387767575,0,highway,8.794160870529588,17,police,25.522977112944464
19.933225589592677,1,highway,4.721836720567757,21,police,23.714493154095486
16.854771189703026,3,rural,0.06578565862789709,13,fire,54.71038392796845
9.961108627475245,1,urban,0.5660560806625048,23,police,27.746344869487814
10.699058769997661,2,highway,6.326369774462916,16,drone,12.049063530939097
11.668487233012062,3,rural,6.779315619207526,15,police,45.15254290587555
3.2918731633569664,1,highway,4.017748877627254,2,police,5.411846721618235
5.398847656212207,1,urban,2.427803871396831,18,drone,6.104338955478279
21.83185716328889,0,urban,7.159665882356737,20,drone,25.352283002024024
11.97835298990136,0,highway,3.041611745399493,7,ndrf,16.201584420643
6.828899690524238,2,rural,0.7401158583763623,3,ambulance,14.831488566830608
17.09883611195829,2,urban,4.0961053950375295,13,drone,17.31909133270176
22.788416502966104,1,highway,5.391385951585511,22,ambulance,25.682219602470322
8.093959689188456,1,rural,9.656287973326132,17,ambulance,24.48760543483055
24.890301516750462,0,urban,5.922217128336738,19,fire,96.8465477804071
27.86139335893896,3,rural,2.0832014612990077,13,police,83.6520740782673
18.1231386076783,2,rural,8.321935849893885,10,ambulance,59.7096396982056
20.233955940251597,0,highway,2.9148199180504006,7,police,21.07393962390417
2.0509917145301335,2,rural,9.592781835747754,19,drone,6.218515070119692
28.39283678514624,1,highway,3.253122666743977,15,ndrf,42.81217847668671
12.078299660815842,3,urban,9.095179554576355,17,drone,18.565972085303972
27.75506181609018,1,urban,8.789539681759157,20,drone,39.7482526690889
17.579836980132157,3,urban,8.639927475497062,23,drone,25.218924265825056
0.6362545658781644,2,highway,0.39385280359247044,20,ambulance,1.0
1.6369889800413535,0,highway,8.498699684477904,10,ndrf,4.780810071676061
20.5723547672627,3,rural,7.2130011895171675,3,ambulance,74.58453446011356
17.098706408042027,2,rural,3.3429827639951606,13,ndrf,48.79110800811907
1.282706897579193,1,rural,4.900984265557274,10,drone,1.0
22.43206885606037,0,urban,6.399150401772084,22,ambulance,54.78548219038664
25.63828744354086,1,rural,9.43536978255857,0,police,59.58513484410887
15.144315731959594,2,highway,7.800844877367364,20,ambulance,24.035777017671112
14.239844490539022,0,rural,4.285007422951747,15,police,21.318983555715388
0.6614567106215108,1,highway,6.454207064345764,1,police,5.126250852758263
23.70616651856118,2,urban,1.8587087544380487,5,drone,19.853879436571045
10.25612396901011,2,urban,4.239423957328988,1,fire,43.95251529098066
26.42352678358492,3,rural,7.913013333024831,22,ndrf,129.82633085886323
11.505287332962565,0,highway,6.065897144957917,15,ndrf,16.066393460447873
17.169798363605814,3,urban,7.832491476711906,14,ndrf,134.65020733488194
8.475082751880162,1,highway,5.09816735472223,12,drone,10.89395438318106
5.237355221255101,0,highway,3.8014343429482986,9,ambulance,5.452077817156679
23.359783149749177,3,urban,7.425403780879463,4,ambulance,133.8251409627071
15.149419125965307,2,rural,0.9375485847996035,17,ndrf,49.58803463777375
16.326393750691395,2,highway,9.786068342296787,3,ambulance,30.04463797338186
28.979770627711197,1,rural,9.483737740040342,4,police,70.19237876786143
28.925607410553532,3,urban,8.803686062028643,23,police,184.23382947714626
25.741442590220903,0,rural,8.842780988496456,2,ndrf,61.36335690585781
6.03447413656849,0,highway,5.110561205014259,22,ambulance,9.16954796230456
18.031044481896608,0,highway,4.979457204538717,2,police,18.305482098204006
26.405349027338353,2,rural,8.200821714832536,11,ndrf,90.37552654087301
11.546686125243662,0,highway,2.832565122008054,13,ambulance,11.000340043647922
3.4826318950997566,3,highway,8.499137794059852,2,fire,11.229315433752916
24.423405616077694,0,rural,2.0088021190378367,21,fire,40.17279182408653
14.712024765184063,2,rural,8.79107271077931,22,fire,50.72030541774272
17.14958407059577,3,highway,5.410852197856519,5,police,38.767544330463565
29.47325674137641,3,rural,8.432110276584037,5,ambulance,111.1245777929699
18.412737199575126,1,urban,4.9314278356899175,18,police,73.13564222162233
13.03689187714999,0,highway,6.084321860615098,8,ambulance,18.474850173406967
11.414538851492335,3,urban,9.267861301740757,0,ambulance,72.74594065883007
12.819769133294345,1,highway,4.18212252308099,18,police,19.744253471017284
3.9927729537707286,3,highway,2.2028638804064657,8,drone,1.0
23.94514147331837,0,highway,0.9098033846338871,9,ndrf,34.85361586285627
25.212647316517714,2,highway,5.899790636562154,15,fire,48.73749381342843
8.889715469915561,0,urban,6.110851203400119,13,fire,28.702970328331695
9.462000243093351,1,rural,6.2070510934116205,19,police,26.697333579666573
26.29286056187699,0,urban,0.37166120758105325,19,ambulance,64.81685405044391
1.207125488074686,3,highway,0.2741548690539819,22,ndrf,5.509023928062196
15.853494591133217,2,urban,8.95417020052927,22,ambulance,70.3994797888847
14.178433583104281,0,rural,6.955019832253651,15,ndrf,32.39505942374661
20.858739702564563,1,rural,1.1331720798663847,13,fire,42.402582637291744
5.320055154408907,1,rural,0.7463679374126297,11,fire,13.678662519326997
20.215756853457037,2,urban,1.6185701409143138,15,police,65.58230464044183
11.613653232308854,1,urban,8.069189800609065,1,ambulance,39.856173823566884
18.75208595600444,1,highway,7.230860277436099,9,fire,37.622702075273935
1.6828027912468897,3,urban,6.3865318899143775,6,fire,11.556392905509007
14.120952316943027,2,urban,6.407907871069414,13,drone,16.69406898294864
15.906401372479978,3,highway,8.588738665817429,22,ambulance,42.30099393401387
6.822628884222105,3,highway,3.334587383631283,11,ambulance,13.977864410004859
4.618897798284061,3,rural,3.2223002078038387,13,fire,16.12930122176412
6.059991938862891,3,highway,4.2542682967194505,9,police,15.932628438056385
10.652161802868767,2,highway,9.896760120928134,8,ndrf,35.13235330929954
3.355899404496658,2,urban,5.54898942602502,16,police,13.57469229496629
28.44593397402333,2,highway,5.469011350468795,5,police,41.889934643967536
12.44732481412661,0,rural,8.095937864009382,21,police,21.33548392780911
24.364603273949093,3,rural,1.7806449941359404,2,ambulance,69.19786237315459
29.245305131710975,2,rural,4.054010081835235,5,ambulance,63.96045587435873
2.8816907600808035,3,highway,6.413624061922379,18,ndrf,12.006718797759573
19.724249304082324,2,rural,9.880167684203432,1,drone,32.658568843686
26.206568058865813,1,highway,1.5446959669807891,9,ambulance,35.65699943201341
19.209915802018486,1,highway,4.520267802267622,9,drone,19.17998792927132
13.156270580043675,3,rural,9.055818021048896,22,drone,19.552165046829835
13.21675255031918,2,rural,7.255310683954473,3,ndrf,43.851141243236064
1.5590171372170878,3,highway,6.137802371949127,10,police,7.297899881911738
16.27072216303362,2,rural,2.5710836301634945,11,fire,40.94715026126096
29.809518405212,2,highway,1.8721073419209355,19,police,50.11559478541448
28.781872016172056,0,rural,3.7421229353163454,12,ambulance,40.478534266344866
1.6917772508438138,0,urban,2.551079063586581,3,fire,7.992323234118702
21.321011607069902,2,highway,8.0847589885968,20,fire,45.38654415081284
9.402063567559459,0,rural,7.207034277931921,3,police,19.033391496790994
27.138180025481034,0,rural,8.351981208843377,16,fire,58.9554300587411
1.8308849984237168,3,rural,1.7108231070449964,6,police,7.4061554121435424
28.108286009326875,2,urban,3.0996935836971207,2,ndrf,123.3875121789071
25.205534441739417,0,rural,7.685514629746808,4,drone,31.94452490282493
3.9663792764517445,1,rural,1.6354841656113317,22,drone,1.5757777872311216
2.2648179508603263,1,rural,1.456050571222175,23,ambulance,7.15856950242783
25.123876097644608,0,urban,3.830588805377806,14,police,59.071096084170954
5.094851293750091,2,highway,1.8643688795116786,19,police,7.97500223543344
16.27949551278818,1,urban,0.7890265803920415,21,police,44.36115902979764
27.51447330742193,3,urban,3.1277452455499244,8,ndrf,224.05317921792476
17.239719349705037,0,highway,8.755995150398308,18,fire,33.142963415700926
12.21838239344831,3,highway,0.5653292863961101,12,police,23.59185301681167
13.62797361819277,0,urban,5.661051207231573,4,drone,14.516753491233223
2.361956535764195,3,rural,5.630038839142397,12,police,10.738866066192676
29.078193480167165,3,highway,5.308405607920422,1,police,65.77984308404139
9.664298459891942,1,rural,5.055087230150424,14,drone,10.426731494658775
6.086223004349188,1,rural,0.1723646975992965,6,ambulance,12.627998138170295
8.938395404291661,0,highway,0.4745118934635961,2,fire,11.88654284876866
28.949009249298626,1,highway,5.112070126556567,16,police,36.97155448346827
3.2814385778962065,2,rural,9.683092727130594,8,ambulance,11.686077119950609
26.08543969478485,2,rural,4.079757805057493,10,police,74.22379989518704
21.38139488484271,0,urban,4.723267624934375,2,drone,24.692210429628496
24.98556578519133,0,rural,9.820631153366055,1,ndrf,58.43767755786111
29.288977440852943,2,highway,7.7911340543572685,22,ambulance,48.04061232665696
25.34356233774772,2,urban,7.701098471176563,14,drone,33.69014653798986
28.32977936269666,3,urban,5.047354470397718,9,ndrf,248.3978866177664
4.244590075332133,3,highway,8.979126531983407,15,drone,6.609273913958496
23.975762672425617,2,rural,5.8117630539306555,17,ambulance,71.45944380748037
16.59743297539091,2,urban,6.566973259043557,2,drone,19.38827475090432
16.53312005485589,2,highway,7.875555202922049,22,ambulance,29.494604709346955
27.01818650145515,1,highway,4.065848801050644,15,ambulance,31.506570459015077
29.168212650077983,2,highway,9.532702845431832,7,fire,64.47171012988846
21.292730529773838,0,urban,9.880072328490794,6,drone,32.92498972821784
14.746682489417626,3,rural,5.8713783205533705,2,drone,17.063933507249818
13.963913808104438,3,highway,2.220553872582224,6,ndrf,39.09459834636047
11.897072988083863,1,urban,7.749020173254387,8,ambulance,48.4223455942606
11.167171372393549,1,urban,3.221386034799474,5,drone,13.445128285897978
12.049451829690726,1,urban,5.771035015888702,16,fire,42.2564766502268
3.1477204399102607,3,urban,0.867035204583182,6,ndrf,18.89499057322783
2.7843645151829275,0,rural,8.073907050301507,11,fire,6.81086217295788
23.506160394233195,1,rural,9.590869588706772,13,police,56.69646468207095
13.65915034114667,2,urban,0.9422152463364719,1,ambulance,42.57502781564988
27.955192412066303,2,rural,7.315990604468636,4,drone,37.72864774709367
18.560519753521596,1,highway,8.608388635647465,1,ambulance,25.64657714105971
1.5376914744403827,0,highway,1.0950621941550287,16,drone,1.7206197228805986
5.146938568865645,2,highway,2.467964695634892,16,drone,4.7041517722495065
6.571683893883724,2,highway,3.9187124805505267,3,ambulance,13.773052358634285
29.284212719494988,3,rural,8.367603317067863,17,ndrf,185.39329179058979
6.9517746714732285,0,highway,4.934312655030474,19,fire,11.274704904876225
15.714792450497514,0,urban,1.3696330254163713,2,fire,38.978814277385844
28.117219483385785,1,urban,2.5637105903708877,2,fire,90.59915831992521
29.327185532473543,2,rural,4.673778408700676,19,fire,100.51672277614415
7.472632843814565,0,highway,0.3926424615521995,7,drone,9.331039111975684
1.9489704906261838,0,rural,6.3099706896922045,8,ambulance,5.839195545379044
5.031254059863875,1,urban,0.25321896414725376,14,fire,17.037530575016117
2.3681901217254637,1,highway,7.80871344272688,1,fire,6.3973314111628214
6.256165112223924,2,highway,7.338509375054766,10,police,15.147985254669267
17.272806583760193,0,rural,8.654399919726487,8,fire,48.22157522272962
27.417239490721432,3,rural,1.5771274050315798,19,ndrf,131.81404998936654
16.34795706898303,0,rural,6.025852109574771,17,drone,19.996808376166825
18.966691922622882,1,urban,7.810275835867573,6,ndrf,81.0141333313283
6.455083922481463,3,rural,5.1574878059037275,15,fire,25.88055473323028
24.117216809878578,2,highway,1.3080432701283473,9,drone,22.375383331153344
18.724772800914703,3,highway,0.9892561667712774,11,police,36.205855959471876
25.992036461185382,0,rural,6.0589740794125575,17,fire,60.28259379455547
28.49087165667063,2,highway,4.976076082739115,6,ndrf,54.809192322208105
10.763072884819472,0,urban,9.295601367321504,13,drone,18.882662611778454
3.1720822267954607,2,urban,8.338407710232708,10,fire,22.337904964157598
7.164904258545083,1,highway,7.237491916538147,15,fire,12.105932215414324
13.416326187437198,3,rural,9.823967605473424,9,ndrf,91.13457886664632
28.397962728821962,0,highway,6.946106835231996,22,police,30.925601582512108
11.66013976001575,3,rural,0.9236273369910664,9,ndrf,54.10463019232053
23.237809803128414,1,highway,0.7756297750739305,2,police,25.762516566119423
16.444062419037273,2,urban,8.158691934099378,11,ambulance,68.05539011664283
5.892858727713808,2,highway,3.607035836030711,5,fire,11.12174522438422
9.961656509126822,0,urban,9.242837865623452,10,drone,14.173453216885102
19.769160608173152,1,highway,1.1824743505147473,22,drone,19.59880852979766
20.349175143204356,2,highway,1.987870119352414,2,fire,32.29059102006358
13.325412530866862,3,urban,7.731674993100201,1,ndrf,103.29618126857642
7.245045278532382,3,rural,8.474744417280395,6,ambulance,28.174088445414622
21.796249995623953,2,rural,8.671963442858313,10,fire,91.30251794622589
5.481754727575086,1,rural,0.9913926525147188,3,ndrf,13.586392299154902
28.131755910021234,1,rural,3.8180230248846927,16,ambulance,49.30710379724313
6.0431555815760625,1,rural,6.46386353103183,14,ndrf,18.223710008618003
3.665714703559353,1,rural,9.187956166815633,16,drone,9.56948058308771
15.180607219778675,1,urban,2.390150310417657,10,ambulance,47.7240071205087
15.826713144235974,3,rural,6.003428834803833,22,police,57.31708059835791
15.491690985958222,1,rural,1.4351929544850672,16,fire,30.047486892185752
13.381690935495765,0,urban,7.472787114221163,22,ndrf,50.6984956203195
29.847039338473447,2,highway,1.2752445666955436,2,drone,26.267216522489946
14.845278073782165,2,highway,9.99982488442239,16,ambulance,25.144128937594306
14.599424131825014,1,urban,0.9226689968743984,8,ndrf,62.11583379955701
12.942098850079558,2,urban,6.853371560380504,4,ambulance,51.20900270395994
2.4713597636931555,3,urban,7.770388341648827,4,police,18.1037932608638
17.992220618913674,3,rural,2.5798978345664283,4,police,55.17564626746306
7.225049280583882,3,urban,2.5482866931624013,2,police,37.46772876748472
19.309464916756973,2,urban,5.961470516000201,10,ndrf,122.92443094637856
1.999587127480076,0,rural,6.304745848799741,18,ndrf,6.152865370187876
29.45091948696355,2,rural,7.205259761657977,11,fire,90.3236276617121
14.33564983087383,3,urban,5.8029398768192575,3,ndrf,103.00977132724317
26.954283461925602,3,urban,1.7446677397043209,16,police,130.15023228186195
14.529054610371576,3,highway,9.241434746542744,4,ambulance,37.61020394250622
2.279759147939541,3,urban,1.666115757134462,20,ndrf,16.46850706528705
24.755299609767306,2,highway,5.652385183718831,8,fire,56.89903670207196
19.621420025180463,0,urban,9.20002844661282,0,ambulance,58.0175956782222
23.56183290343138,1,urban,9.12969591451325,7,police,84.6183111092709
13.131010973511763,1,highway,1.679064748106488,19,police,20.665395169485073
19.319133955276026,3,rural,2.386026957309566,22,ndrf,75.8744276780533
25.75875561199992,3,highway,6.018505770595171,10,police,75.99088859018488
19.11643056472068,1,urban,3.371643330781471,23,ndrf,69.77551176681412
10.756372227659147,1,urban,7.308832394782829,5,fire,39.845686370426016
20.044623033802896,0,urban,5.224043209340676,10,ndrf,80.42110935722434
20.319698564114987,0,urban,2.66090055944189,11,drone,20.36960168362916
28.83731539394544,1,highway,4.110379176123428,4,police,37.48386787523174
11.441913485479242,0,highway,6.91111071078239,9,ndrf,21.475628208302414
13.03991214166687,1,rural,7.851413591907351,11,fire,30.12353570653399
24.457627355018246,3,highway,3.695609901445672,16,ndrf,64.4734371386382
15.419988284910866,2,urban,1.0498538336456609,11,drone,13.429189966212205
22.228906246914125,2,highway,3.532770072359468,2,drone,23.762387494264683
14.061429201380966,0,urban,6.304707195885038,11,drone,17.000266070963793
6.8571066834746635,3,urban,7.598321608464019,20,fire,48.43563482467587
22.48351336203982,2,urban,8.79659238635984,0,drone,34.054780260120154
4.369077490948943,2,rural,9.619418822585397,23,fire,17.538490813935603
6.358218074173588,1,highway,5.293641744942633,3,drone,6.368876894448842
18.991336992134155,2,urban,8.80207443150878,0,ambulance,81.76210711825291
22.544459105666057,3,highway,2.6207801762563268,3,drone,20.43540291784998
26.89329266260054,2,urban,5.5965171442536485,6,fire,121.39608830756579
8.541301673768805,1,highway,5.393849258644748,8,fire,16.54262469745254
3.766365628716353,2,highway,7.686941411774981,19,police,9.600974919782708
28.70337645591756,3,rural,7.731228495022513,13,police,111.32079915029921
5.055481096653202,1,rural,2.8534295832295875,15,ambulance,7.262488651561744
6.331175976511866,3,highway,8.858614340697748,21,police,19.840148655378826
9.09421887997474,2,highway,8.914929833318674,3,drone,13.890926704215914
16.11704494377548,0,highway,9.482415257562582,5,police,20.560223584157807
26.5433541980053,3,highway,4.5764432748917026,23,police,57.77335821051061
22.936107670531076,2,rural,9.874143241465967,18,drone,35.37818271064348
21.390647838357737,1,urban,7.849113307642982,1,ambulance,66.57159990363984
5.667826751752108,0,urban,6.53187382213479,5,fire,17.792815688926545
11.05163763001624,3,urban,4.322579703041805,8,drone,8.935802939222667
14.612945319557,3,urban,8.424312208082505,0,ambulance,85.7813890560896
4.849065627824783,0,urban,7.641375549748654,13,fire,14.983767544329254
8.566176212736838,2,urban,5.855582652404854,15,fire,42.444152817715974
9.595829516608905,0,rural,9.971458870067387,8,drone,13.88331508665979
4.254647850706657,1,highway,2.494613655940632,5,ambulance,6.175365449861167
16.7320709112936,2,urban,6.4175409128661345,10,fire,102.81058994945437
21.29833179746369,0,highway,3.2112716555167387,22,police,22.31899687444093
2.5629831285674056,2,urban,4.578432403415247,17,ambulance,12.774397103279911
14.693131502012918,1,rural,3.389464941438596,22,ambulance,25.135448446650372
23.575230260399955,2,rural,3.3455520525357754,13,fire,61.806162146697496
22.565708804097184,3,urban,3.76826108473575,2,ambulance,112.80412033765757
24.544656338453247,0,highway,0.5667957646999922,1,drone,21.327998466039872
13.723098678532907,3,rural,0.3986108334795646,4,police,41.184123293379876
24.70643393787589,0,urban,7.249222621743053,12,ambulance,67.08824510007231
7.60221560082095,0,rural,3.1090855296355766,5,ndrf,15.797894008735401
11.143911561816703,1,urban,0.21214610823473534,7,ndrf,38.23892931063758
5.702489504325139,1,highway,0.8148115657673705,21,ndrf,9.935144214295486
14.290793913142869,0,rural,1.958492412360393,1,police,21.636067695484734
12.065770661255575,1,rural,0.4821225625005332,1,ambulance,17.907931273585252
7.60734993422221,3,rural,9.461472043997437,9,ndrf,51.1360653311722
22.677530922308055,2,highway,5.683608801593238,18,drone,25.075935768667286
9.758479777293575,2,urban,3.9402436978193456,19,fire,55.32564564582711
8.547727739302154,0,urban,5.327122338526886,6,ambulance,22.829388290260525
4.361264760089604,0,highway,1.1282010085911554,6,fire,8.230112896041485
13.445240203157486,1,rural,7.018455800108835,13,ndrf,36.079019993726696
9.437456550700409,3,highway,9.69590494232618,20,ndrf,34.818382542533875
11.393548819558573,3,highway,1.3065713557915104,4,drone,11.064911272463988
7.461919247306303,0,highway,1.526001225907877,21,police,8.095066482150221
23.013086949687064,1,rural,6.286633848354367,19,drone,26.868099788178075
27.93509874696416,1,highway,1.5192992735282163,6,fire,33.294681766494264
15.188989657272185,2,urban,1.2605278824976585,16,police,50.27557460960196
19.468453488554562,0,highway,6.704838175701399,15,ndrf,27.49572711568057
26.081582159897827,1,urban,6.1865746738455005,0,fire,98.26064482567993
29.96547430134293,3,urban,2.1773701080664596,9,fire,219.10050513302406
18.598736299530046,1,highway,8.231789488269262,5,drone,26.005318605343334
26.748494262926126,3,highway,1.0525084532059559,1,police,54.07485687374156
27.30394327339144,2,urban,3.3257489925253814,11,ndrf,122.13309320890679
23.84781889032486,2,highway,7.388676438036281,16,ndrf,53.45151976514813
14.09747603665675,1,urban,6.139012102124127,12,ndrf,57.0522561019706
2.89404301250503,3,urban,6.0007095315353185,2,drone,2.097419178085657
0.9662638854839485,0,highway,6.862741289471428,19,fire,2.8811960527458345
14.577418681846275,3,highway,6.4646272483874885,1,fire,43.21780645984556
15.082278739271223,3,urban,8.742707397902839,9,drone,21.540153132134517
12.517190441957682,2,rural,5.687673475699954,13,police,30.98361887453916
17.260936863095253,3,highway,4.012844823615762,22,drone,17.768706302428473
16.7887997474806,2,urban,7.66089327195848,18,drone,21.685628142444436
25.180084710464442,2,rural,2.5923969449490656,4,ndrf,70.62081971288323
3.705384546236741,0,urban,7.595920357518501,10,ndrf,21.14112960711079
7.142741150113591,0,highway,2.799839789365378,20,drone,7.153250826258828
23.893646879309095,0,rural,4.803807584509973,5,fire,44.43811289171603
25.51118758309781,0,urban,7.391933182406111,21,police,71.7414247918304
29.8473143018156,3,urban,6.276592478215405,12,police,170.8141949598886
26.25090448341898,0,rural,0.8568904529599786,15,ambulance,32.059991762785955
26.752020708633765,0,highway,4.465596768859817,15,police,26.55077500545109
9.773264307582194,3,rural,8.118555599682413,23,ndrf,50.20900651022529
12.349018203276604,1,urban,9.967649723712169,16,police,48.4807998100727
8.408510592206255,3,rural,4.667979817339339,9,ndrf,44.227933099395514
18.385832246685112,3,rural,0.8592572255510555,14,ambulance,50.18477839911638
28.194757949107633,2,rural,3.6618571039493766,16,police,62.31814989954533
10.666906152092723,3,highway,4.899229976460452,14,drone,13.12554333765337
16.93155256550278,3,highway,0.7342852829736768,0,fire,36.932289336293906
9.24083909837781,0,rural,8.642589832568948,21,police,17.66425182080243
5.509099226294872,0,urban,5.387911049071253,6,ndrf,18.372069153127484
6.257973129650342,1,rural,4.161155974413667,15,ndrf,17.198960444397454
2.2093876638748333,2,rural,3.9718450461099675,13,ambulance,8.030506297523274
28.504158928773094,3,urban,0.28308536844540044,2,ambulance,121.95114291443102
12.384948450975074,0,highway,5.188756214002959,21,ndrf,18.920027572044283
25.106566314062192,0,highway,4.755760816511717,1,police,27.75796974656817
20.599219444345888,1,rural,3.458852570408167,22,drone,17.70984829821156
6.161674261627019,1,highway,6.586772919058368,22,drone,8.737834903428205
5.676136274083091,3,highway,4.11032245168049,13,ambulance,12.42654577981793
24.453651944561074,1,highway,5.717640038387147,22,fire,34.8500137620451
8.308995463276352,3,rural,8.850424247903701,20,drone,11.944074152659203
27.441912919208285,0,urban,3.6388670091806388,21,fire,76.34244565000076
4.631634438339973,0,rural,3.979238396885486,19,ambulance,12.181495540420679
20.49240412640685,3,urban,8.659039712668443,22,ambulance,121.7366669123146
24.52697934291255,0,urban,3.5809393023784866,18,police,74.25826406152379
7.440063458261528,0,highway,4.393628990686843,21,fire,13.139825920349807
8.648117221968699,2,urban,8.008122223582614,2,drone,14.784763384045839
28.95330714110645,0,urban,5.918669023914298,10,drone,28.218417868578904
8.30562935771167,0,rural,9.338858487702641,11,ambulance,19.57398589898444
13.18373297205141,1,rural,4.706629401722289,21,drone,15.734448331200745
13.2592100006498,2,rural,4.790264083801581,11,ambulance,26.953688217822766
7.964525122925665,2,rural,0.42928370716479036,10,ndrf,25.869157796633214
23.38583704989417,2,rural,1.9730316366181666,18,drone,23.142958841160105
23.26955562526008,0,rural,5.3999931605179095,15,fire,44.12363876452434
11.660381419601677,1,rural,1.8711063697115315,14,ambulance,18.781368488893143
25.136210836881645,1,highway,4.535833956822985,21,ambulance,29.25898416478921
6.78571056477057,1,highway,2.833171801275646,19,fire,13.791365653648759
0.6270203821965201,2,urban,0.20813330710572675,17,drone,1.0
17.34943718064436,0,highway,4.751094275389159,22,police,18.325098567146604
29.825294287345166,2,urban,6.462699822537848,1,police,121.00000737654457
1.6400071398930958,3,highway,3.3823369646346615,13,ambulance,4.029887364841309
6.635943174399587,2,rural,7.765269615292131,0,ndrf,21.955729247027147
15.807981953368984,1,urban,1.460539307945985,19,ambulance,49.578642042047164
24.393251725123683,1,highway,0.91291735422102,3,ndrf,31.65461280553089
3.12673914971407,2,urban,9.348414940460628,13,drone,4.289448732762741
12.159422285887382,2,rural,9.216565477070114,18,ndrf,54.94379523055577
22.538736118581646,1,highway,4.0654424850523885,15,police,27.7868615183409
11.460524647987667,0,rural,4.199318880479025,1,ndrf,24.376186423473598
6.07067440403135,2,rural,8.510355797973315,11,fire,20.05997890368545
6.267126908199327,2,rural,5.305211180459597,18,ndrf,24.833533013763272
12.59643921399233,0,highway,1.1711378826719832,23,ndrf,14.964130763916481
14.642803706773789,2,urban,1.1487344271800148,21,ambulance,44.36793807470772
25.923525325572413,0,rural,1.3113073830969568,19,fire,53.95976483421717
19.44644634775581,2,urban,7.807652043355564,7,ndrf,104.45014571622868
20.866857658207294,2,urban,6.0189626559344305,18,police,104.66734026997892
29.498121560309254,0,highway,2.9976619110907166,4,fire,31.55924260081254
12.649381488878726,2,urban,1.6207342040324946,7,drone,13.023086666379395
12.398954895849284,0,rural,1.234635206339989,6,drone,10.725160042308941
27.73873554791146,1,highway,7.413875087843116,11,ndrf,51.05493177443885
7.753329816649229,2,rural,8.858625696091057,21,police,23.87453139602559
22.029549765934565,1,rural,5.310783866712191,20,police,44.47726543594337
22.759907577434973,3,highway,7.727100971850992,21,drone,29.68535220712198
3.384745924640571,3,rural,2.831284049916425,22,police,10.893478383273145
14.312826467960729,3,urban,5.85663793454085,0,drone,16.64196916409595
6.416592903985844,0,highway,4.380388478451426,23,drone,6.054292505722135
5.968570547673327,0,urban,0.8769419218029229,21,drone,2.4960270723509335
14.182929258654848,0,urban,4.873667744747579,17,ndrf,58.78783712779852
9.038176371487916,2,highway,8.467867489989576,1,fire,20.460725920774422
23.983783204963192,1,urban,0.5178251782599497,17,fire,89.90199939683636
27.27434429601923,2,urban,4.771059769711555,16,drone,29.719684981608214
24.180257856006786,1,urban,8.732630760610352,2,police,86.33266673637223
8.347910742339124,0,urban,7.900719294766435,4,fire,30.990384854418057
8.586964613813947,2,urban,4.934499796666493,18,ambulance,40.796893787531154
8.014486328465289,2,urban,1.7134463926368737,4,ndrf,34.83165214504364
4.483623833658964,2,urban,8.485261962914995,8,drone,7.770243196361447
28.34205185905948,1,rural,1.5313458235462163,14,fire,54.874882619631585
12.360410045633547,2,rural,2.7682071319710175,20,ndrf,35.304896236856926
7.128339499103276,3,urban,1.2427519145223431,6,fire,42.41324402342559
25.476795989993185,2,rural,4.5900911442790076,0,fire,67.92411365238615
12.276261428404819,3,rural,6.291979279726508,20,police,43.89637205391862
1.5359459277351641,1,highway,8.271183109857416,22,fire,3.8271332528509046
5.27727632236412,0,urban,4.613376083818563,20,drone,5.578107664188334
19.357885040507014,3,rural,9.707202715851897,11,drone,32.32635249568715
23.595705588065858,1,highway,5.958569874552183,17,fire,43.30560635940211
6.722564460417032,0,urban,6.044100352750758,3,fire,21.814990702694672
27.563169883351193,0,rural,1.752880296263355,15,ambulance,35.219884088931636
25.60441504153885,1,rural,1.901160345200964,14,ndrf,57.02245436371497
25.527232244801887,0,rural,5.7662615708350025,15,ndrf,53.49324582790895
7.216003830576817,2,urban,7.208794037554325,16,drone,9.884244516179246
1.9908116651767023,2,highway,2.047066876477971,21,police,6.071647750071863
26.088994414736216,1,highway,4.840176776925935,18,drone,26.055719943644526
9.521106747787737,0,rural,3.562000613081638,0,ambulance,17.652460062436727
18.758033244619014,0,rural,4.3876375608179075,16,fire,32.855018898663026
22.919023069171537,3,highway,2.2213093801535355,17,police,60.07656085522626
4.284651126078045,1,highway,1.4072286403234757,13,ndrf,8.369532903564677
23.534731458311914,0,highway,3.205010290538708,14,fire,27.093671168030298
28.186088039351443,2,rural,8.68916666839154,1,fire,94.13339416350327
21.987061489519068,3,rural,8.052257595087662,6,ambulance,82.37502141333024
13.516071080176463,0,rural,1.0165413371271248,20,drone,12.05294557383058
26.362005093175235,3,highway,0.878085122803608,0,police,49.33563887137288
16.060000087140487,2,rural,4.929512288190442,23,ambulance,36.80416876623927
22.470742370594248,1,rural,2.7738220213947775,5,fire,45.831035321621755
24.70492534382882,3,urban,8.234257950112601,18,police,198.72570723946322
22.605909420120675,1,rural,4.8618117957940115,5,police,44.544733823718026
8.991718843420541,2,urban,8.52707740451865,0,police,41.82644989924823
3.976395076722017,0,highway,1.0819881864237713,14,ambulance,5.357731795440823
7.5309866161807735,0,urban,9.700770767284455,18,drone,11.21854511115231
15.33481064092042,3,highway,7.671013420774461,2,drone,20.8878073308221
15.405669207646328,3,highway,7.318765630660359,6,fire,42.33583010132024
17.688008304778858,0,urban,9.402161612316954,7,fire,62.20973413011836
12.15550420766278,0,rural,4.703027402251736,23,ambulance,19.779651662282706
23.713295752775817,2,highway,1.4888891406185134,7,ambulance,32.014210631066454
27.43803563524263,3,highway,4.969007458410761,1,drone,29.675896499682118
7.778389077644403,2,rural,8.152238394105588,23,ambulance,21.715289920053205
22.227434922205695,2,highway,8.595429589656343,2,fire,48.12390109628082
20.500169650078817,1,highway,4.885457056278328,11,drone,23.223287450569398
15.93116972873979,0,highway,7.323022201742937,4,fire,21.655960793053374
6.061641899287727,3,highway,2.469527002391878,6,ndrf,15.394220128108275
23.959351628189932,3,rural,2.3054704190987696,18,ambulance,88.66973887147644
28.838475426050564,1,urban,5.862595523830682,3,drone,36.07538707772662
21.794171800891597,2,rural,4.217511687575996,15,drone,21.21085626684761
27.576869900459155,0,rural,1.610524094220972,13,drone,24.303240317093124
29.53346531596599,1,urban,7.613624928283792,17,ndrf,160.1167964279364
10.885494890057526,0,rural,5.3214744772596205,3,drone,15.985288960543821
19.32759481132694,1,highway,5.203923074165578,8,ndrf,37.81722976322918
14.4810157603233,0,highway,1.893095196796798,0,fire,16.208308984182086
29.605548032465286,2,rural,2.411406362659272,21,drone,26.884559332480407
3.267330808227885,0,urban,6.927078843826669,23,fire,10.164312020022434
12.665059971768127,2,urban,8.519030825013484,10,drone,16.18717293726219
26.328401813553466,2,urban,1.7721214681431374,12,drone,24.463022557929957
8.879513660532206,3,rural,8.123457211941819,3,police,37.1017114374707
23.739889093846745,0,highway,7.880951668927496,21,fire,31.703315952239535
11.792103302017543,1,rural,8.149118185753277,18,ambulance,34.01897611523159
29.40936692675967,0,rural,5.817438138918311,2,police,44.21435236832949
26.564130174499372,2,rural,3.5184201869075125,12,ndrf,73.22184414320692
9.388950551047152,0,highway,7.7102092161904325,4,police,10.968524484609139
23.220696849366725,2,highway,4.799454215720366,14,ndrf,45.28407590771147
10.437268043081426,3,highway,2.218640814052526,15,ambulance,20.06646581894068
18.387703786358287,2,rural,4.0238676015720145,9,ambulance,50.640692076689554
19.92518266760211,0,urban,4.57716841280349,10,fire,73.57723101320032
24.973064568028295,1,rural,5.053451527916994,17,drone,29.418801748291678
1.2212998060194389,2,highway,8.975635754087849,3,police,5.377886152663967
6.99465778899284,1,urban,4.111650125762684,0,fire,25.2922158018756
21.50157541236307,1,highway,2.848108170410196,9,ndrf,39.53291384741416
17.12393549060135,3,rural,9.623479576913013,11,police,74.4916682168952
15.12034980693372,3,highway,2.4194819093109077,6,ambulance,32.18739398009595
2.1286937228854237,1,urban,0.11116290742092083,10,police,9.586732103665145
10.774138562112958,1,rural,8.498210181212254,2,ndrf,30.601016341921163
26.020456841364126,0,rural,9.544457707681575,17,drone,40.707657701964656
1.4113386925629494,1,rural,6.821319474729187,18,fire,7.071386451512074
12.194868943261957,2,urban,4.076496541921209,6,ambulance,41.94424422400409
28.381874486287792,2,highway,5.4375468519430346,15,drone,32.98225083450265
2.0009816690779316,1,highway,8.320015710966564,5,fire,5.603596348804726
22.616319655816785,0,urban,8.853403299465953,9,ambulance,82.03427475776739
8.099572177370074,0,urban,1.0252588671091978,7,police,17.203608370084037
26.06496054853334,0,urban,8.67996717241004,23,ambulance,69.14958954184755
22.509005379301268,0,highway,6.173498162163165,11,drone,25.95824477035281
26.628302540321705,0,rural,0.3227855213599673,15,ndrf,44.282778829727675
6.869781317722347,2,urban,1.0848570257039691,5,police,21.096332317885118
16.17313626714885,3,highway,0.45534213713688265,22,police,30.07331152604679
23.488463335456622,3,rural,9.48558572585442,16,fire,117.16891912248029
7.748142418351939,2,urban,4.2651790266668455,2,police,30.601391812004795
7.3070160053829,1,highway,7.156156308578509,7,drone,9.809932477656327
1.3018729381787582,3,urban,0.017173413479111277,12,ndrf,7.714115641362982
28.776201172275844,0,rural,7.931719665755405,10,ndrf,83.98548293055003
21.44549796161139,2,rural,4.820353873133164,19,drone,22.47845874759595
19.24903044330045,3,highway,9.236026697626786,13,ambulance,49.25437508266996
22.44784431950223,2,rural,5.208974912551904,13,drone,25.39376797516106
16.18258110151546,1,urban,7.888001492240496,9,ambulance,67.3813423736449
14.545947722167105,2,rural,6.294666913603165,20,fire,45.83442414377449
13.761201113143866,3,rural,5.205384726396178,16,ndrf,61.518395764464145
19.39295675705742,0,rural,9.482441888685017,16,ambulance,36.16130546623503
6.445281774075304,2,urban,4.955992221253746,15,police,25.67348169153924
26.697731502938655,0,urban,8.923883649741768,15,fire,93.07596161735614
24.446694950968322,0,rural,0.36077630134868977,18,ambulance,38.488179605453105
10.812126537834999,3,rural,6.574188452491182,5,ambulance,38.46695943098718
17.56897425596947,1,rural,9.116615792341454,12,police,40.333976679326454
4.660305348525431,0,rural,8.992753294862739,3,ambulance,9.135890306073378
29.184214314041142,1,urban,4.850536305053504,8,drone,29.948614817593416
27.135334285093364,0,rural,4.720971659696804,6,police,41.72471438139178
27.695976441726412,3,rural,8.105134346232395,4,ndrf,136.272098259599
10.298809907251822,3,highway,3.350158851062038,13,fire,28.898946152387417
5.489473867794245,0,highway,9.371614251565445,10,police,11.800061854327275
6.747278822256155,0,rural,2.5068412055425937,10,ambulance,12.792969396621256
3.155041035830151,3,urban,0.7439782731311972,20,ambulance,14.778665624753877
4.043263587990838,3,rural,7.719239526128563,8,ndrf,27.681123867033953
2.603483758452939,3,highway,4.047242555122495,2,fire,11.19320870386998
29.699780541543767,2,urban,3.557773685633401,18,drone,30.595822451736257
2.684701659387671,3,rural,3.2090995477958595,5,drone,1.0
4.409991388066702,1,urban,9.80442234186039,23,ambulance,18.55129288072618
24.904010569926726,3,rural,5.7167665307321585,15,ndrf,112.08646588761033
17.61708639391682,3,highway,9.91914442598791,6,ndrf,65.77106110533049
23.345307534795307,0,urban,3.435809883434695,13,fire,63.435861315003585
19.111904229293323,0,urban,4.139692386603108,22,drone,19.98808874267102
26.524164574703967,2,rural,2.117626981086679,21,ndrf,71.80941547524405
19.334792069059848,3,urban,4.303641163395035,9,fire,151.91058117550511
15.90269024064295,3,highway,0.6200534290361548,0,ambulance,27.64230185308512
21.52611596595834,0,rural,0.005578519329870746,1,police,29.179678153010467
13.698086177867228,1,rural,4.530734761053536,21,fire,28.458242154532577
10.708882775689673,3,rural,7.460239245928238,15,police,39.78625115912904
14.295747347281267,0,highway,4.3706516646205404,17,fire,23.38304065239254
5.5065661004075395,2,rural,5.1800539916342005,17,fire,21.97324933007536
23.998866029179396,1,urban,4.4561589556552175,18,drone,27.077763442330756
8.190761549410366,0,rural,5.2680427992129175,12,drone,10.090625300517429
5.0291806169429005,0,urban,7.7560404774967715,9,ndrf,24.326907667494226
7.76739113260519,2,rural,8.037862906184452,5,fire,28.03156563951858
25.341069477281074,3,urban,8.380580437124706,7,police,159.47567392988216
10.240938220133076,0,urban,2.1242990806961637,18,fire,34.5372472830193
20.738471150424054,1,rural,4.578444563439169,0,police,39.08460712332568
25.76408410434431,0,highway,8.310056962035713,3,police,31.50985635391486
2.7934676742887423,2,rural,9.418790198772951,18,drone,4.624109257865191
23.068219952752266,3,highway,5.4298338240411415,15,ndrf,63.59503341299488
9.576131258181386,3,rural,4.929999780017083,3,ambulance,31.417988226778416
6.890359743429259,1,highway,7.6459477114746,0,drone,9.37651817146423
20.822592847362678,1,highway,9.916943136025408,5,ambulance,31.160681412920066
27.339000370630398,1,urban,4.259321983513246,2,ambulance,74.33441550752693
9.203066657015665,3,highway,1.6509967823483351,6,drone,9.28333221686815
17.28059725883741,1,highway,8.343068010869455,19,fire,35.13808674934894
9.05010635856,0,highway,7.104252084799802,20,drone,12.352278626122082
16.851424778929623,3,highway,1.450757719952812,6,ambulance,34.09360092897839
18.844929904303047,0,urban,3.235092967380516,6,fire,50.587835746526814
18.504893969310302,3,highway,5.532233922300136,19,drone,21.051102512077282
18.894617904461004,0,highway,7.314655603268763,10,ambulance,25.897435102751388
4.484853870416961,2,urban,7.806465835550647,5,police,20.491461045982565
20.959443852808228,1,highway,1.5573136982991398,17,ndrf,35.407266002351626
20.40513551321659,2,rural,2.167506705671461,11,fire,54.21855268853392
20.636349605398053,1,rural,7.441225144250455,21,ambulance,42.032419700412554
2.6850813057918366,1,highway,1.161123727740857,21,drone,1.774264973341701
13.681745851217503,1,rural,4.981602389245619,18,ndrf,41.46362823480682
12.566536395349027,3,rural,5.459921543916701,23,drone,14.42055288579069
3.0579887674743746,0,rural,3.3935454712561555,12,ndrf,4.191867641723715
7.059853872955916,0,urban,7.963362141268813,13,ndrf,28.254662220537888
13.508397638042084,0,highway,0.5541581074579038,0,ndrf,15.12056771747834
22.415736140813426,2,rural,7.774444947807966,4,ndrf,76.90068583374581
7.493331271047564,2,urban,6.460327483149886,3,police,32.20987077911547
24.97762234868489,2,highway,5.07217575673398,22,drone,28.7195634082178
16.60104942931417,0,highway,8.723726974786018,6,drone,24.79430898787283
22.932439712946216,3,highway,2.02246438033613,14,fire,54.21083328648774
14.440401508437285,3,urban,8.00774035124349,9,drone,21.29489422638954
15.22622964995559,3,urban,1.8777454076154654,18,fire,109.65153779919618
18.781721986699388,3,urban,9.904460972230009,8,ndrf,211.69889166339328
27.875132940891813,1,rural,0.32764769889810696,22,drone,23.70083071191107
15.008471151680844,2,rural,5.531972591780506,12,police,37.30870988898754
16.095397374194583,1,rural,1.680168142213092,5,ambulance,24.917967378227548
18.258910424062123,2,urban,4.079750664733717,9,drone,18.53980295581227
22.25669655028291,1,rural,1.4794667017456131,8,ndrf,60.168453637241456
2.6195848968439126,2,highway,1.9382545179054012,17,police,6.542007072265073
15.712779436398176,3,urban,0.6098050872648819,7,drone,16.206718023067562
14.706951881578282,2,urban,0.08003545273850943,1,ambulance,43.69385264956844
27.689707035008325,3,highway,7.19305886106666,18,police,86.69441734376834
15.058444122872062,3,rural,4.534605327461706,23,ambulance,46.42892412037878
14.315455773482764,0,highway,0.45592185178122246,6,ambulance,16.11774078082524
28.88489966177371,3,highway,9.389698188838715,20,fire,89.2870206609327
13.792005676226006,3,highway,6.656101454625324,0,police,36.823772299247096
5.836090694501665,1,rural,2.6427313203349403,8,ambulance,13.453749242619336
6.899025622770755,2,urban,4.386951471200986,0,police,23.527527280264508
3.308032380940737,2,highway,4.89266682905633,9,ndrf,11.967115954553067
0.5167598131388613,3,rural,5.699278147708641,14,ambulance,3.786678055779572
13.242396999514217,3,highway,8.574502776695622,23,ambulance,32.658337104238036
23.192656148297534,0,highway,5.899002827341522,20,ndrf,32.43514219083422
22.137260062595157,0,rural,9.787261490448632,22,police,44.566500967126125
1.4483980901840807,0,highway,7.268090892967259,15,ambulance,4.069738584616822
17.314495656023972,2,highway,9.88517198270809,9,drone,29.591251984410842
5.051352199697542,3,urban,5.5074915127648065,21,police,29.969549039200714
28.26175040055857,2,rural,6.784491884630896,1,ambulance,69.08385928718624
5.437267489503289,0,rural,7.378985720646466,19,fire,14.837693193596076
18.985856922075705,2,highway,7.5474703456899706,23,police,34.652206220606544
10.124031683839675,1,highway,0.2442962833629092,0,fire,12.825937417376748
19.42605911594839,1,urban,1.2747432073515796,15,drone,15.411996746686334
12.661628595690217,3,urban,2.2772238602908934,21,ndrf,78.76733380021176
22.909470043038645,1,urban,2.714944908764181,16,ambulance,59.111651661784826
7.305034197171806,2,urban,9.053681892953225,23,fire,41.71083743541509
27.220859660970675,0,rural,7.2260322347243555,6,fire,52.625859357368945
15.256184654743887,1,highway,1.4328161053436883,15,ambulance,18.239741100478152
22.804747857529158,2,rural,4.2635503308108,19,ambulance,62.36308781263382
25.5670406463362,2,rural,2.431215451290826,1,ambulance,48.148716912266664
29.965444023166746,3,rural,8.298636465708096,13,ndrf,147.4019974243098
7.106397135021767,1,urban,9.177969860195557,23,fire,31.277104171660167
8.963326200121918,3,urban,1.6429013681358917,11,police,44.59833197333698
7.8877760585907035,3,urban,4.165707819775105,19,ambulance,50.82116203208665
8.254704298713587,1,highway,9.528369852531629,17,drone,11.2983671540339
17.682119875411633,0,highway,6.570894426915891,6,drone,20.39941776665213
29.808914432802368,1,urban,8.680968683429342,8,ndrf,168.98221745835554
29.713203569236256,2,urban,3.5769373100415427,11,fire,124.09894857011057
16.03981032518808,3,urban,2.097023662365698,10,ndrf,126.19302773272635
19.351302702807878,2,urban,6.913037289790341,14,fire,94.39683398661909
25.869131039197377,2,highway,1.3742633487746903,15,drone,20.066969816330584
28.021537024378404,0,rural,8.399018967262602,9,ndrf,81.01527897554033
6.513888506221545,2,rural,7.548371568554116,15,ambulance,20.83399037846442
16.09198100380236,3,highway,3.049066350268034,15,ambulance,32.79912182203384
25.068693112514612,1,highway,4.9871151971896825,23,ndrf,38.903279647202936
9.444461260720454,3,urban,7.991938996193749,19,ndrf,94.69529037610909
13.474366753173769,0,highway,9.349103197724256,13,ndrf,23.857775710966536
29.575822494604235,3,highway,3.5216049588722766,4,fire,74.14105757770751
29.558877553265695,3,rural,7.899918183852645,7,ndrf,142.6917514785883
27.230150917572857,2,highway,1.9446708109428334,7,fire,42.299771499305564
24.0542261724277,2,urban,9.03540139186564,6,ndrf,138.8601872222045
8.439349771322771,3,rural,6.862500101999565,22,fire,38.33023813358817
9.96507718498203,1,rural,1.5273932007014823,12,ambulance,17.609830328576262
16.644843815543805,0,highway,7.398289216099308,23,drone,24.39849494823127
17.04293254957936,3,highway,7.240576712682807,2,drone,20.414182438760715
15.412333171033476,0,rural,7.422974569170884,17,ndrf,43.93402650044928
19.28177325753103,2,urban,3.4487741742468083,14,ndrf,88.13179524568463
12.54552916767317,1,rural,7.398002499268358,18,ndrf,44.58408184734418
22.600637640808223,3,urban,8.265700568100572,9,ndrf,229.43099172922228
10.339722831111484,3,highway,3.471289095410822,12,police,21.845329783033822
10.2549714099174,1,highway,2.0795766658104373,8,drone,8.967174995944657
4.253165875808926,2,rural,8.878799214929188,16,ndrf,19.446980000566562
6.0670101958531175,1,rural,6.206940649811684,4,police,12.201701976271762
25.59036592818005,1,rural,4.6038716904494965,15,police,47.442411145500635
13.665328988123026,3,highway,8.79743905939987,11,drone,21.18061377300326
7.222099703308597,1,highway,1.360056435781477,19,police,9.776269394402922
22.900562450660427,3,highway,8.105846058609751,0,ambulance,55.34079303304001
16.842443211597352,2,rural,4.9082127588330335,4,drone,15.506711991786043
1.124102336987158,3,highway,0.4252426151803135,14,ambulance,4.178898971146486
9.832662991433098,2,rural,9.72612685678538,8,fire,44.69164598194252
5.721541628079561,3,highway,7.7806674274884235,6,fire,18.52440599789435
19.848249398993797,1,urban,2.1475582385457725,22,ambulance,49.465085899652166
8.613415698592458,1,highway,9.236955800012666,21,fire,16.803526649970745
2.415929986693337,1,urban,9.353455586557802,2,ambulance,10.103308270436598
2.120582181331243,0,rural,8.00465600096518,12,police,7.585618702640924
17.66095528978209,0,highway,1.271704331420751,16,drone,16.544909104291623
1.1408419432706438,1,urban,1.8638133323337291,18,fire,4.270989017626354
25.539367337514616,3,highway,7.540329349042491,4,fire,72.58560814497649
5.084215018089631,3,highway,9.138057704629919,20,ndrf,17.826030677573428
18.39370688826518,2,rural,2.1501813789442012,15,ndrf,50.27202872832525
13.618296826316998,1,urban,4.608278352236001,21,drone,14.402813834443057
13.564119876341124,2,urban,1.5479395968245258,16,police,45.516337400149645
2.618015699621353,3,highway,4.7800784283069415,20,ndrf,13.272019602765162
24.181191381260362,0,highway,6.425291300347242,0,drone,28.23211850402246
26.845048300220952,3,urban,0.18554888409359926,5,police,123.2244175268738
0.8249916878347396,3,highway,6.429271916942968,12,drone,1.2516302899786313
5.768823183064973,3,rural,6.39749927685734,7,drone,4.017816721201657
27.165173569466624,0,highway,4.550084868656362,4,ambulance,26.36954047548849
16.710061577601717,3,rural,8.95402262594213,16,ndrf,88.51397508957419
4.926167558322199,2,highway,1.3481901752005454,23,ndrf,10.971055426954702
6.482318351970186,2,urban,0.5131183045372334,12,drone,6.206631456552913
19.969594204994866,0,highway,4.958311599746558,14,police,21.212441524613812
21.882096256282754,1,highway,5.330345200821096,14,fire,31.82242399643084
18.18309085310809,1,urban,2.666891862436851,10,police,65.5578831972474
28.61787720741951,3,highway,9.616277066536863,16,ndrf,98.01249908256038
15.074876308022423,1,highway,2.537272399831496,19,drone,13.351655860743374
9.358021408204538,0,rural,2.7016182873312786,2,ambulance,14.598895143436266
14.578370844285995,3,urban,8.109864548212066,6,ambulance,85.84162223759091
11.110155663165024,0,urban,9.22823675828765,4,fire,42.14470020685287
7.120268833903246,3,urban,5.361397460048596,19,police,52.2476474957867
1.855915855534132,3,urban,0.1905398694656435,15,ambulance,8.56959128502535
10.890268560171164,1,urban,3.554348825558603,16,drone,9.378068622293485
21.486575757437397,2,rural,2.2393982861582575,15,ndrf,57.40240329246552
1.0439151848182173,3,urban,5.110180473346554,12,drone,5.128683967720514
13.455766139575074,2,urban,6.825717892687797,19,ambulance,66.61982461006863
19.498277342771118,2,highway,3.9243628540801234,3,fire,35.53517890259096
18.506921220642063,0,rural,5.373599807259232,16,police,28.18215729147836
23.41112885871712,2,urban,7.598603144122315,20,ndrf,124.07213281042219
24.410331611964025,2,urban,2.461470084731663,4,ndrf,105.31750395141884
21.49532171712194,2,rural,1.9596789826376027,17,police,60.748177082703286
3.532532036270108,3,highway,8.056349468271817,1,fire,10.249759118158423
14.513162098128639,3,highway,0.3702362384083513,3,fire,31.497834123915542
18.300475745884455,2,highway,1.5059658371056506,9,fire,38.853191103762036
7.744198144878823,1,highway,0.12356745462270502,23,ndrf,13.953756312373944
1.7552786205799071,1,urban,5.553847934559068,8,drone,3.1001837481013172
7.095914465843384,0,urban,6.000857318073685,10,police,25.86308882910043
13.919384851112845,2,highway,5.310306943695037,18,drone,14.315597762278502
12.710944412110726,1,highway,4.1426902931028025,19,fire,21.670992132642375
5.711675949151268,3,rural,5.290291234184641,16,drone,4.9939513024349065
24.82025850916304,3,highway,1.9393780151596263,0,ambulance,44.793812748772496
27.807756727733373,3,rural,8.262427248361568,20,ndrf,138.70771263973634
6.4397754120550985,3,rural,9.807730037062758,6,drone,8.779812443091105
27.922401009233038,1,urban,5.406228826460545,12,fire,100.19842803974252
1.0268982956678343,1,urban,3.743555383183894,17,ndrf,6.185072345336566
27.78639294485489,2,urban,7.917827165591712,6,ambulance,111.34829755426304
28.581899307386784,1,highway,1.9307193108419518,16,drone,27.13627784490185
0.8555299589697934,1,urban,3.207735660958353,12,police,2.893356287894566
23.009069254914067,2,urban,9.399805834353263,3,police,108.8250064557807
29.12094639081038,1,urban,1.862941726179358,5,drone,27.435940159841007
27.224115455124462,3,highway,1.1211557783658221,18,drone,22.087544190610316
29.135949755288284,0,rural,5.463536956445234,1,fire,56.01311742401114
16.73454341808036,1,urban,5.874173366827583,9,drone,17.792477831706105
2.805606126618954,2,highway,5.9715010401092,11,fire,9.023597369587767
25.568781335248566,3,rural,1.6447822904091303,9,drone,23.287368489381773
18.607933546365842,2,rural,7.211447272885668,9,ndrf,76.64024494879085
18.634733953554527,0,urban,2.4228112793273695,23,police,40.45642292237546
12.808981490831243,1,highway,9.48102550946899,0,police,19.946944154661523
17.36933830737272,3,rural,2.279571773487117,23,fire,64.09172471776452
5.0306034830403785,1,highway,0.17311479100916904,17,police,8.024266754251391
22.323215783701436,1,highway,5.678451933174161,22,police,28.671670057678945
2.7130105668704987,0,rural,2.0284787310671204,15,drone,2.9756405391816285
22.028532627791865,2,highway,6.285738253474129,22,police,33.49057160677766
25.544863467433192,0,highway,2.292133605709478,1,police,25.27835257860965
14.437825988152401,1,rural,4.280843641898019,17,ndrf,45.65873312434706
15.539995798682956,2,highway,1.7951440078801273,17,drone,15.341932543344969
9.710321051201309,3,rural,4.28811357077414,22,drone,9.753152671496347
29.099028219904834,0,highway,1.3652033872339608,1,fire,29.1437534676845
22.127171999506587,1,rural,3.3797305772584463,12,drone,20.178479128929208
11.385162322360177,0,rural,1.9893161681780303,12,police,15.407930264789801
5.656817893873649,1,highway,8.161018727831083,2,ambulance,12.594547695294516
6.977597969961694,3,urban,7.293540835945105,14,ambulance,40.67823899663854
14.185707440246476,1,rural,1.6681939816389346,11,fire,29.983616623474433
28.305767809272968,1,highway,0.829045525276777,11,fire,36.39631276863629
22.157317199947084,1,rural,0.2574460601302908,16,police,35.87664305610045
6.84969057128492,3,urban,2.2667179613444075,17,ambulance,40.098929187419294
25.85705343585749,2,rural,4.801773659967113,15,ambulance,58.217074103598264
11.656915428785592,2,highway,3.998831968642005,9,ambulance,20.301839781818494
25.6258043911993,3,rural,9.71499031762559,23,drone,41.268550742897304
7.630138140443362,2,rural,7.922456451919524,5,fire,23.98452384092186
18.75048805212137,2,urban,0.7818668274786456,8,ndrf,97.20393749124189
27.836779398397816,2,highway,1.58932382533298,11,police,37.33402549596797
8.107873269859926,2,urban,0.2659905187485645,7,fire,33.42498337890707
20.941334422282722,0,urban,1.382263614382565,8,fire,64.06184656352758
29.62572228873574,1,urban,5.294171488262903,22,ambulance,88.1286282503838
4.942649473668603,3,urban,0.7673803532520918,3,ambulance,21.822465510047152
3.107867575669895,0,rural,0.5986794731012701,12,ndrf,6.794381422040278
20.388758177122078,3,urban,1.1816150429593408,11,police,96.39572305413209
10.522210458596396,2,urban,6.694136450732135,2,drone,13.64414334539769
2.601712082314438,1,rural,0.19358124908109842,4,ambulance,6.969170358302563
14.521515727566323,0,rural,9.696261001940625,6,drone,23.965067874331755
22.736235049496695,3,urban,3.8078626351455256,11,ambulance,113.67809114536146
8.911110812248069,0,highway,3.3658736102372044,9,ndrf,16.15631221518003
10.383882886401475,2,rural,4.748128339678629,14,drone,11.217186146149857
25.448132319085676,0,urban,5.178617946166306,9,ambulance,75.42215256288752
15.842121411713899,3,urban,4.200133889638339,18,police,106.11715147726461
25.360593079790924,0,rural,4.863258808143107,8,drone,29.246790877181407
13.66849001823943,3,urban,3.397339007492862,20,drone,16.305139682460357
28.612767266023052,2,rural,3.2200742072343225,23,fire,75.4060380270837
19.698440396673234,0,urban,0.27315265115261056,16,ambulance,34.31283815153152
3.919016526917858,2,rural,6.7180053407704765,2,fire,10.053509760061157
26.61024315269062,3,highway,6.1727197956523785,21,police,61.85390084049146
14.933323129508535,0,rural,6.6882037737220115,19,fire,37.9770476580369
4.678349555200697,3,highway,9.410550540649721,13,ambulance,13.584387349839382
5.0043589483219115,3,rural,4.730847396688014,8,police,24.972220560169685
20.78225108574122,2,highway,8.817704343022418,17,police,50.8568895818517
1.8974889485199486,1,rural,4.439432468578483,14,fire,6.232959804572897
8.954516064957492,0,rural,4.776140274615617,18,drone,7.625212730293513
4.6237339188611095,1,rural,6.329525177148896,15,fire,10.653790622253561
13.511784173709886,3,rural,2.159013993856187,19,drone,12.718665778609301
12.723436273833657,2,urban,2.1735612255710333,23,ambulance,42.10272584126812
15.895354823321249,2,highway,5.09831844219614,18,police,30.460812754673533
8.749271708524642,3,rural,0.6860981772029384,7,drone,8.738844029368318
1.4452858866562273,1,urban,2.3665804942399395,21,fire,3.847492429286612
18.62439014278798,0,rural,7.934121535809416,19,ndrf,49.85972957202569
11.524681085029364,3,rural,4.637334273262396,11,ndrf,48.64421657129138
19.71438246283137,2,rural,0.2662193354911635,1,fire,48.42927715704725
3.7056756387259195,2,urban,0.607414183622893,22,ndrf,18.96798229968058
0.9064319811744848,2,urban,9.195153785726319,12,ndrf,4.79150541275775
7.824680312616136,3,urban,9.567184483402928,9,police,66.2205325755264
13.96814602832454,3,urban,6.411038378215835,14,fire,96.35648700494428
12.125123237969785,2,rural,1.8494510854174662,1,police,25.962542430415795
24.40392538056726,3,highway,3.68086207452523,19,ambulance,63.53423960360788
11.646210503688307,1,highway,3.0546705652130433,4,police,15.738367680870779
16.148014798290827,2,highway,7.851563208214376,6,fire,35.29115871301663
18.00870997704467,3,urban,5.370896851257651,13,fire,115.55861838626967
1.1440260535514424,0,rural,7.796565486146969,15,fire,4.94595747068764
15.696434616962575,2,highway,3.6051061021499975,0,police,26.95739645652475
10.672522152265717,2,rural,8.695114634767066,13,ambulance,29.57807387732754
12.927763766656012,2,highway,4.291623747294771,3,ambulance,19.37674247504258
3.4584782556098825,3,rural,4.173740683812439,22,fire,14.390338329401011
23.593206686635035,1,rural,4.890984380224874,8,police,54.543036091107
28.300925398851415,0,rural,5.918057537044134,11,fire,52.08255622361984
1.1569302085732,0,rural,8.941118531581282,14,police,2.7411340520795644
18.24049650293476,3,urban,4.577555447973872,3,ambulance,89.47318364934696
23.033399985006564,2,rural,9.301362372139817,3,police,64.54947802603981
8.901823865171737,2,rural,3.9366833536688017,23,police,17.937131940438146
23.732889753464896,1,highway,3.245726945417158,13,fire,31.24717321304154
19.154473997605887,1,rural,2.9504560731878726,5,ambulance,33.21472693315305
27.910297651996565,3,rural,0.21152004699864224,15,ndrf,99.54165499083588
29.439641934936297,2,highway,8.491439406138564,21,fire,61.57372821120535
1.7492103629617917,3,rural,0.7923373776263432,18,police,9.478128806117747
13.625663950296683,3,highway,3.3433135258726887,9,ndrf,48.8669452811884
16.636139733557435,3,urban,2.504567863872312,15,ambulance,80.91550598023773
4.8289253796257485,2,rural,7.444367341932216,21,ndrf,17.976533962016585
10.42043199760717,0,rural,9.325871756708981,6,fire,23.997427212258025
29.635599708815622,2,urban,8.167097839288438,18,police,163.77993301643414
0.9787984621029076,2,rural,3.199983297572527,23,ambulance,4.852911047253964
13.84898397996933,2,highway,4.557573435309291,8,police,27.5589936273552
25.358311340686786,0,rural,2.470368964346089,21,fire,42.000445096126555
10.055087250219009,3,highway,9.239801913213695,0,ambulance,26.484865934112168
14.654055831277024,3,rural,1.1874457458987975,8,police,54.36434959826787
29.352349500745408,1,rural,9.519544556447064,6,ndrf,82.70767001703783
14.508866676033264,1,urban,8.136568274160046,0,fire,58.61774498812248
4.362178708321721,0,highway,7.115777125263103,14,ndrf,10.04393060627789
2.0257840041585364,3,urban,7.7399365665003526,12,fire,18.496995906352467
28.38978888697848,0,highway,3.3934680690204724,9,drone,29.262562702565965
8.341377691614438,1,rural,2.958865074071122,20,fire,17.705159653161804
15.369885243654252,1,urban,3.814208655676522,5,ndrf,55.3474502295635
3.1757020996540737,1,rural,1.8161324842075466,19,fire,12.121196326012143
12.997826056242848,2,rural,7.463600851961037,15,police,33.79178976711751
27.93811281787866,3,highway,4.750438370060198,21,ambulance,57.56153588490353
15.321183312112682,3,rural,8.858099583197168,0,ambulance,61.74697112291693
29.148486978168673,2,highway,8.783815092768526,23,drone,42.26652795178993
8.13565129850329,0,highway,1.5585387858254485,0,ambulance,7.97348239688917
15.384084571266147,3,highway,2.188182686737863,17,police,41.40994103175186
25.856158358375094,1,urban,4.106402256611266,18,police,95.7803378974632
13.723444459335441,3,rural,1.188144596176337,3,ndrf,52.20762175790577
8.744877520320593,1,rural,6.89433884760382,0,ambulance,20.569222737343583
25.736523220827507,2,highway,7.375956553365053,0,ambulance,37.96407545689822
12.001739331741966,1,highway,7.213503587959317,3,fire,20.780099087839044
16.156337086276906,1,highway,4.702103140180689,3,drone,16.24835845598899
29.307548459246796,0,rural,8.432162218673353,23,fire,61.947719729134334
6.001257195297985,2,urban,6.0584574673860025,4,police,25.41807116759059
9.391318783245477,1,highway,9.936117761866095,19,police,18.85343452344042
1.4165532020602782,3,highway,8.15438218109179,1,police,5.838923715126327
12.059212442346556,1,highway,7.222588157830618,15,drone,16.178710748160537
6.405411202253356,3,rural,1.2330280251749104,10,ndrf,32.22221931042168
20.561030594532795,1,urban,8.32600037631681,12,police,72.37817347994881
5.848983033592645,1,urban,3.055722156580493,18,fire,25.674327943785347
20.406976195973154,0,rural,4.1891429554486095,5,fire,36.50979277789274
8.272525131584871,2,highway,4.62760284620285,0,drone,9.229353266815242
10.978926106575393,0,highway,3.3131052897870985,5,ambulance,9.842788237007268
10.791389235368726,1,highway,1.084388001294565,19,ambulance,16.976759807207277
21.644176629826475,3,highway,1.9936384788835326,14,fire,50.036700155702185
14.26202326258112,2,rural,8.034664544322625,22,drone,18.966057725664676
11.15831751615415,2,rural,6.522701322317147,20,ndrf,37.4879943115975
25.652370211663772,3,urban,9.428414909660992,3,drone,39.15259943742669
17.372543456415478,3,rural,8.210683536514637,1,ndrf,88.84242317442526
6.808009227700935,3,urban,4.022202260481152,0,police,38.277868106711594
27.052692705238638,2,highway,7.862061504263718,4,ambulance,44.93683542840693
10.608183732992398,1,highway,5.764291924631171,11,drone,13.83127369612196
1.6498916373509516,0,highway,2.86301082824973,0,ndrf,4.201942606842455
15.09070660724636,1,rural,9.75089313335739,20,ambulance,32.66074524335204
4.156172606005895,2,urban,9.284909933541279,11,drone,8.040886631981651
7.534760089614405,1,rural,1.1219845379245752,17,ndrf,18.38375530664714
22.539770744278627,2,highway,8.394214816636502,20,ndrf,46.240218326829314
4.357178494601398,0,rural,0.7768671976020269,0,fire,9.538244879738418
24.304854618444054,0,highway,9.288191937719056,10,fire,45.67993802040745
28.138764999863135,1,urban,6.2416604281347,16,fire,104.8342004107255
18.392696962034368,0,urban,1.665822444473315,23,ambulance,40.478350111717255
21.455596164673462,3,rural,8.172624358079378,19,police,107.66309861640917
21.550804992268812,1,urban,5.157818407635075,5,ambulance,61.192350396223
29.787834739478125,1,rural,0.5954987468042394,6,police,48.997281180817694
10.575378734947874,1,urban,7.984273847917338,19,fire,54.376944526011584
5.304268261659724,1,urban,7.883381889891865,15,ndrf,24.16439203589889
15.815433429972483,3,rural,4.82059946850147,5,fire,63.652357541910405
16.230869390035394,2,rural,7.311096664942628,11,fire,51.13295353129613
5.748418404736262,0,highway,0.4014832901306775,22,ambulance,5.846062216868958
18.586727860327116,0,rural,3.1810659681476605,4,fire,31.57644225297596
0.9166796375663071,0,urban,6.7322238256099105,7,ambulance,2.5547644335776973
27.866217872399535,1,rural,2.3060572552470315,21,fire,54.394400000837706
8.304941195727219,2,urban,4.504113796713176,16,police,34.82381556437057
1.6670261475106583,3,rural,9.3194675878901,5,ndrf,10.225594000842914
3.693358523508283,1,rural,8.267517785730398,6,police,10.108706226806062
7.58734397424943,0,urban,5.579965476627059,20,ambulance,17.33222279599203
8.580231973878334,0,rural,5.7671633086450615,6,ndrf,22.707811426497102
1.4678949851829959,1,urban,8.87006017302953,16,police,5.858738608409139
8.74096695971501,1,rural,8.630591021027094,11,ndrf,24.195578117880636
6.191781226557723,2,highway,0.8829673438296826,5,drone,5.590437279704031
11.669317359318299,0,rural,4.655773804978514,8,ambulance,21.383746646513554
11.86244825200109,0,urban,1.9085365357144068,17,drone,11.538561983086813
10.500728347784932,2,urban,0.8321975708784002,19,drone,6.997840701930695
10.173754564155768,1,urban,2.92395508677496,0,police,31.12915904596461
3.147072693366911,1,rural,6.1064380534530756,21,ambulance,9.069047364995452
1.243545940221784,0,urban,7.943703208565303,5,fire,5.833858128838613
6.462371854615764,0,highway,9.124763695257382,15,fire,8.362663741960821
22.82115810879015,1,rural,4.2295613478817975,6,police,41.110566403824734
29.7288880837581,1,urban,4.223230733110949,6,ndrf,109.34550225012431
27.89152216419121,3,highway,1.5325254784920295,21,police,52.163726936282636
15.374470988364175,3,highway,1.9484128382638577,16,fire,34.589043663079174
16.188803745449057,1,rural,1.0249489070081408,21,ambulance,27.315421188429802
9.780156286557355,1,highway,9.75900546321928,0,drone,16.012385712069307
23.33121343981086,1,highway,1.275974364154352,6,drone,20.621916844780486
23.060322294013133,2,urban,7.56642450583838,1,ambulance,92.71124758718439
25.406034548682115,1,highway,3.177642901667823,11,fire,34.23253818915615
26.91738502730809,3,urban,5.371477994703119,11,drone,29.85173063389974
13.313302822646225,3,highway,8.727102121042634,23,fire,42.36969918574979
23.12282925916233,1,rural,9.361674514742003,5,ndrf,69.00304977797794
24.28876249947842,0,urban,2.4023031886584176,15,police,55.36312675473579
9.59955886368363,0,highway,9.112694033600837,23,ndrf,18.404144004135972
27.912646198181424,3,urban,2.5205243439918004,1,drone,26.087044875525343
3.283074327869836,1,highway,8.04797202630107,10,fire,6.636863982542999
29.830940785316844,1,highway,0.15250376858487957,9,ndrf,50.91671981034141
23.21767618568665,2,highway,5.352314762690444,0,police,36.515959915682615
3.251491707067654,3,rural,7.258126866619588,10,fire,18.844277822288113
19.858774619097517,1,rural,8.389389688982419,6,ambulance,42.81937305803776
1.5082926223836746,1,urban,8.41128886394696,7,ndrf,9.127959480629201
23.220515008603396,3,highway,2.9886783342009693,5,ndrf,58.195553710881725
24.07707618894213,0,highway,8.531496094809896,12,drone,35.096483669528645
18.271102466197707,3,rural,3.2364702775355845,9,fire,89.89007004447372
25.777381561538828,2,urban,2.3376736783453875,17,ndrf,142.08260310584342
3.3875567663383612,0,highway,0.014732697202091138,8,ambulance,4.854429067716114
8.63975334020399,0,highway,2.3571525513340474,16,ambulance,6.514721726622909
12.71823688698378,2,urban,1.1843882378939852,12,police,45.57821207183464
1.7525096084288991,3,highway,6.749366025989959,8,police,6.4127859185419736
13.722374583349401,0,rural,1.4478762776088594,19,police,22.766911829491338
8.323796955320695,2,highway,5.853835177445658,17,drone,10.080886317270714
12.085682857001713,3,highway,1.2646775972522262,12,drone,12.333568975775833
13.040527643773041,2,rural,7.044185328618452,12,ambulance,34.725977065421446
26.44264613788671,2,urban,2.8554550164786674,18,fire,135.9598316592209
8.475058630565353,0,rural,3.0869638761339067,18,police,16.891231153607524
26.865422297130024,2,highway,6.403853151150553,17,drone,32.11595562251996
13.066143461979053,2,rural,9.389453237101401,2,ndrf,50.43180271634314
10.170327760472587,0,highway,9.91601049956975,5,ambulance,14.498852051602288
15.324105455386809,1,rural,3.5726361156658304,9,ndrf,45.35952152531845
12.82342694770377,3,rural,9.463265732168958,13,fire,65.12487833853204
8.09248323512681,3,urban,6.1232146830214464,9,ambulance,54.63585689376536
15.329040081483974,0,urban,9.064685760641261,19,ndrf,75.19875946124057
4.978151125825523,2,highway,0.2785214816144044,8,fire,11.570435440961438
10.8819333191775,2,rural,0.33172851847926177,13,ndrf,28.494551701487474
17.19081147153567,2,highway,0.7457397770408536,16,police,23.178030771540005
12.695543209500828,2,highway,8.043930019338056,9,police,29.862277432355413
24.805414650998497,3,urban,1.3795647796454746,13,fire,136.05105429646235
8.073291965287403,1,highway,1.7658501163977813,17,fire,18.625649592499656
29.108261575514796,2,highway,5.853999019862456,9,fire,71.31233858104119
23.649299615114863,2,urban,9.574458620689562,23,ndrf,141.59099610895447
29.04399426692543,2,highway,5.671124870804397,12,police,45.45037753576585
25.225028367493973,3,rural,7.325958008693723,18,ambulance,112.61916029069151
4.692065812623459,0,rural,1.877342634901784,16,ambulance,7.504737913743994
16.030572673732905,3,highway,9.141740531486434,19,fire,64.74228787296641
5.514366375275679,2,highway,0.5587664856619778,16,police,6.694766634852376
24.637706902504092,3,rural,2.8281900831094653,12,fire,90.78579986411394
17.73278340090723,1,highway,4.537241913294023,18,drone,20.472120055848023
8.27175477352872,1,urban,2.2617215474612173,11,fire,24.162045631664874
27.923169674211554,0,rural,6.637608141129633,20,police,45.55472366171011
3.89798857277069,3,urban,6.787924332037118,12,fire,30.304664202771644
17.13394090240376,3,highway,2.1185801861538134,17,fire,51.68283523282217
21.7706963626684,1,highway,0.08591268731870216,4,drone,16.692210705339004
2.2360318513067377,0,urban,0.7431724799065231,4,fire,8.45027866448927
18.136752979583008,2,urban,0.004278850272756429,13,ambulance,53.10906842811872
24.569085856161276,2,highway,9.053937154973559,20,police,45.560834629767854
2.4920557753325747,2,urban,6.216656952220426,17,ndrf,16.12915417137175
15.6111676476455,0,urban,1.3843527537019484,7,police,34.57711962376752
8.12743675538783,3,highway,0.9251292219844032,20,police,18.341051707924347
20.056271320339164,1,rural,8.175948644785514,15,drone,26.923369870134568
4.000982328825925,2,rural,8.11039595776331,13,fire,15.425046128571527
28.14301720477995,3,rural,9.273796402142775,23,ndrf,147.1717050298066
26.894493160584588,2,urban,1.5927348125447294,18,drone,25.495796010600742
5.986245386333421,0,urban,5.22274760159522,7,fire,18.367427065524133
10.036343588770587,3,highway,1.2147605670243478,1,police,22.819307389271923
17.835231752264768,2,highway,7.956395647745966,6,fire,38.45299951546308
21.68283893071039,3,highway,4.124847838071448,4,ndrf,59.15338823431292
13.558352447227618,2,urban,6.958255565776691,4,police,57.131987725185574
5.110593997848764,3,urban,0.3031368223071518,12,drone,3.9539175890639275
3.572469067184712,3,urban,7.779309970918005,23,fire,26.615401442725958
29.993077438973145,0,urban,2.294862847504718,15,ambulance,63.16196258201965
13.932887582582874,0,highway,8.428043578066644,10,police,20.31020593457654
26.239686599880695,0,rural,1.8585848391828685,5,ndrf,45.12154190975031
14.730092136558877,3,highway,7.900972375949854,18,fire,54.63788563076033
27.709550337107096,0,highway,1.3410573167990714,13,drone,25.118606760188978
3.0889017917607426,1,rural,6.634172383170589,1,police,8.937503376588115
3.8635661443692535,3,urban,7.7925872520948145,11,drone,7.465628490897741
27.924149537864615,1,rural,3.8623285111216887,4,police,50.1114331075899
28.451044828821157,0,rural,2.443326139046098,11,fire,45.877618985049935
9.784164700228219,1,rural,3.445275946434907,1,drone,7.752367327335324
10.97736416631922,0,urban,2.965916589849508,5,ambulance,25.23043492553426
13.84728192762536,1,rural,6.330666303549623,19,fire,44.403008193470725
12.776769561985079,2,highway,0.4456174448005179,4,ndrf,22.023881413119344
6.106333870808101,2,urban,0.41436385442046086,2,drone,5.528364936947333
27.00207382621155,2,rural,2.8777257985423397,5,fire,68.93903726876844
7.97257422081649,0,rural,2.7697336169382805,22,police,13.28028201954758
21.30553607959072,3,urban,1.7707023817428413,22,police,103.64185101298445
2.4810924931817,1,rural,7.168149465887174,15,ndrf,11.214569775598719
1.6431642800886692,1,highway,0.2376292376879363,18,police,4.80348742799903
19.78504894101916,2,highway,9.242347693904343,21,ndrf,48.21745419331876
10.50096779841118,0,rural,7.574868264630448,7,ndrf,24.055803151361946
19.836052085240038,1,urban,4.029577021134356,9,drone,20.211069884154103
3.273625463980496,1,highway,8.589344199347678,0,ambulance,6.072665902700839
28.52061570751797,0,highway,6.1815351739364575,12,ndrf,38.15137504187972
22.581176773346314,3,highway,5.702295615994481,22,ambulance,48.918696280940345
26.349883374261076,1,rural,3.1301786094606667,0,ambulance,44.778041580411596
4.525881344313072,0,rural,6.6310467361864625,17,ndrf,13.948003662613633
9.944748582339647,1,rural,1.3969471108450515,11,fire,20.059202178698047
11.36615284408715,3,highway,5.248992943783392,23,ndrf,33.39177998499316
16.34659312564115,2,rural,1.1611006073964214,14,drone,12.94348341730631
9.257620322468721,2,urban,4.4514694125372065,9,ambulance,43.50845565541778
2.288606894587451,3,highway,6.1627120970217835,2,police,6.526656372863737
11.381912231755386,0,rural,1.5550343753900553,13,ambulance,14.223538480306546
8.009204781504824,2,rural,2.2211961207760753,23,drone,8.40048575377043
11.884678098164839,1,urban,8.132577251170765,0,drone,17.290338368958885
6.3103065072907745,2,highway,2.5571286723417783,0,drone,4.99842100084028
8.225943049659696,3,rural,0.9555605806847278,21,drone,8.346299251641858
18.99509404275193,0,highway,3.3069012127099375,6,fire,22.964559781958954
11.95053812005292,0,highway,9.351399403070518,14,fire,21.5135695140229
10.688810098500015,3,urban,6.937825615694014,14,drone,13.24030250168666
16.25021616531,1,rural,5.754343202505798,11,ndrf,40.84417620031036
23.26988595489581,1,rural,8.40419621497762,11,fire,59.356040916012034
11.676604712264739,0,rural,6.601872500318644,16,fire,24.748390597566804
17.831825030397297,1,rural,8.111454488057616,5,ambulance,37.20177108674941
29.0029774483612,0,highway,6.571570021935532,4,ambulance,31.556263703448455
15.898413366482496,0,highway,8.642578201707758,23,ndrf,24.333718266160265
27.33902850726756,0,rural,6.240081755153254,0,fire,53.4011377581306
23.913342415564593,0,urban,2.6487486935888316,4,drone,22.194292599361738
2.2322011086794165,3,rural,0.4111814285119919,17,drone,1.0
13.158416708343077,3,urban,1.0532024692005881,13,police,63.18027773204049
21.10039303212335,3,urban,5.124457856179236,7,fire,132.46278078134236
29.608001417221896,0,highway,9.717683805949788,2,ambulance,35.20327816486619
14.022100589264621,1,urban,7.5946168622472365,8,fire,71.33505662364281
3.2371708967388138,1,rural,7.754426702065114,1,ndrf,10.48678896180216
17.0792706540296,2,rural,6.637871219469609,13,ndrf,55.761615466893446
4.233631867656829,0,urban,9.034881326389216,11,ndrf,17.665073747964158
22.669827028242103,0,rural,7.354593195420667,22,drone,29.72832302288329
15.476471425122448,3,highway,2.583634108711814,19,ndrf,50.72033135089692
21.84122536712995,1,urban,4.994822851707576,11,police,69.96825950639513
26.146173892916448,3,urban,4.043429963168688,12,fire,159.12802245638355
19.053966506301926,0,rural,1.6539081810874545,16,fire,29.47726015629862
18.566960212968855,3,rural,2.223770647406975,7,fire,64.72888256833545
22.75982371546912,2,highway,2.8515678823270196,14,drone,22.722981439859108
25.352422542853688,3,rural,1.7364366499228623,0,police,73.66721165780295
26.13708669517158,2,rural,2.173083992357314,22,fire,63.259323420351144
1.5746907726450574,3,highway,9.1639336102378,22,ambulance,3.809090761986062
16.907613755534786,1,highway,3.4323920820934495,21,ambulance,20.15226444485747
6.879944639027768,1,highway,8.275166895834012,5,drone,11.884605307657276
25.880203778062608,0,highway,0.6438994432760392,18,fire,32.209617688032424
19.627731713499156,0,rural,9.818093895928307,13,ambulance,37.303909903233645
12.896563131456926,3,rural,7.647917412896393,23,fire,54.76112734309981
6.049074729579863,1,urban,9.067160670736094,0,police,22.323972520305105
10.50119696463488,0,urban,5.259113715795641,9,drone,12.801883970030914
21.261441988936625,1,urban,6.345379182003379,2,drone,24.944946062085013
6.528606583743344,1,rural,3.60819029339267,22,ambulance,14.05626404606583
3.260696887481996,2,highway,4.320312209738343,4,police,3.3407967714884914
26.696848367712754,0,rural,7.507428143285576,0,drone,33.58982053543989
23.044205312613446,0,rural,0.4996863999890522,2,ndrf,39.470335238368314
6.393950454414911,2,rural,0.36551335399587326,23,police,14.961922268176941
9.123190531184754,0,rural,8.749210477285015,12,fire,21.833404502342404
29.17607022536113,1,rural,1.100076400494655,2,ndrf,60.35892157077691
21.391442359393963,2,highway,7.210299493398731,9,police,45.07260178278652
18.51039912430783,2,rural,1.9954279729751534,10,fire,57.71676018203759
9.575040320011846,0,highway,3.6620888641852645,19,ndrf,19.673324662472133
9.324191752912407,2,highway,2.9354981944083622,5,drone,7.353472840705056
1.6659467513617987,0,highway,4.903354898703913,2,drone,1.0
21.990215073606976,0,urban,8.266614865868076,17,drone,31.506361593462977
1.7736691391780939,0,highway,8.755340908477251,10,ndrf,3.7172743497117864
0.6432914644297316,2,urban,2.220445251938874,2,ndrf,7.39354829416177
22.020105091898884,2,highway,3.3764849915948947,10,fire,51.98927314681602
28.491775835899197,2,rural,8.36916859188292,10,fire,116.8232039265353
22.81683990795566,0,highway,0.8963500193551288,5,ambulance,20.021325756224467
14.41338562341917,1,urban,1.1689683853528843,4,ambulance,33.41295305495823
14.838334862045754,0,highway,4.795814196881526,2,drone,17.662407615473427
13.366024468148607,1,rural,7.90144356111975,20,police,26.458076651425806
10.076988179754842,0,urban,3.3597618108488425,0,police,22.649166892147406
15.890569318482285,2,urban,0.694319094902518,12,ambulance,48.86593397182453
13.218953235662894,3,urban,9.678675472064771,0,ambulance,85.59981150434005
18.145952461202853,3,urban,9.389113222571053,19,ambulance,143.2566614032295
26.994542374782288,0,urban,6.519014163086007,9,police,90.15272730519638
29.852777811052405,0,highway,6.818764131118148,23,police,30.627218927302266
2.822927051546055,0,rural,9.336953513521314,1,ambulance,6.386204318949266
11.84816244350957,3,urban,6.43863414734065,7,ndrf,86.48459544496264
5.8308327751208795,3,highway,7.884124293129985,9,ambulance,18.146878617395938
10.887553980803244,0,highway,4.635158686554183,1,drone,12.814452983381825
8.980454047178478,3,rural,2.2800259814882784,10,drone,9.031127791708082
5.648845382990255,2,highway,8.32532151789574,11,ndrf,15.20897069632849
23.04024357592807,0,rural,6.843819294780461,10,police,49.76048808721754
15.140517913462457,1,rural,2.8956217129285378,12,ndrf,35.30497122615394
27.617744675408158,1,rural,6.232755511608305,4,fire,64.37829235483056
1.4614770757869275,3,urban,8.164839821445224,5,drone,1.7386983119804293
2.4758513873937025,0,highway,2.703452263377085,11,drone,3.646117152039462
12.396570696445151,0,highway,7.681521087219072,15,ndrf,18.46231522673175
2.8681809519190953,2,highway,0.723433889918218,9,drone,2.3864234934529827
8.25052309423759,1,urban,6.249488241409268,10,fire,42.05967311930158
29.587877420760396,1,urban,9.98933625204296,23,drone,49.25130638743662
6.6643084207961145,3,rural,8.663747373989498,15,ambulance,26.19735941098415
6.344473371656676,3,highway,8.756580522899686,1,ndrf,23.809507400842083
17.42239972947342,2,urban,6.803571528382734,8,fire,105.13894109855195
15.190949578398124,3,highway,4.611871275958452,1,drone,15.857972480311645
17.62292976748392,3,urban,6.7721553195935,21,police,102.71384871723673
11.613690707152127,2,highway,3.2119233711213013,19,ambulance,21.233111953029717
24.88948961690094,3,urban,5.527685374189522,11,fire,162.83235940735895
4.588126267552654,0,urban,5.396799104493076,6,drone,6.360497190928263
13.137583052323237,0,rural,5.437303509234969,17,drone,15.5636760886325
20.84797452910057,3,rural,4.119875904518647,4,fire,80.6625291850971
26.11297498834554,0,urban,3.5280183036130697,18,fire,90.7231703035998
11.402362387524352,2,highway,3.3035451435396066,20,ambulance,18.586052970589297
17.248495173265706,1,rural,2.24730858279473,4,ambulance,26.1503553365141
2.5396283777142146,3,rural,4.385472449378486,12,ambulance,8.72962712411707
5.524413099298954,2,rural,1.177456536354795,3,fire,15.463891229536605
2.5395757927503775,0,rural,9.015735423209382,14,ambulance,8.593727267487616
21.972486313956395,1,rural,0.6968379971361849,16,ambulance,33.3253975954831
8.99776907730315,2,highway,8.374187147485667,0,ndrf,21.35535788968932
21.850486060659215,3,urban,2.4124840836438066,22,drone,18.443300344031538
2.4587492317765993,3,urban,8.532191794779191,6,drone,3.118193595221038
25.945160112045603,3,highway,7.202661947472286,11,drone,34.00054213759983
25.148140844277204,3,highway,9.209751212620601,6,ambulance,65.8353318719479
3.123397919983338,3,highway,8.702329741435598,21,ambulance,8.999232548394767
1.2008169404870024,2,rural,7.010875235684093,18,drone,1.0
2.1605199829687396,1,rural,1.516788230918762,23,ambulance,5.330709764196675
25.682090107828653,2,rural,5.490453198046304,9,ndrf,97.93831847466784
7.423752927030924,3,highway,3.3982805362545143,13,ambulance,17.809367514980455
16.674062876816567,1,rural,8.857756356404241,13,ambulance,34.32295047707175
13.074203993811674,3,highway,8.722284940547848,5,ndrf,44.6429807910229
23.968003023743762,2,rural,3.1403745239871084,22,ndrf,67.43241035055185
14.922499893384783,0,highway,6.716995792779947,20,ambulance,17.48244649020743
15.269494799507456,3,highway,3.382848270572134,23,ambulance,31.07109209889877
29.67821221524712,3,highway,6.781904953913194,10,drone,36.42841333513925
4.928821924103085,2,rural,6.138710443936849,3,fire,16.639761752051488
25.005766193004977,0,urban,5.1094795245207925,3,drone,28.62095803858246
2.0266174953146012,0,rural,8.784060140676273,13,police,8.307374600254686
14.590638702402638,3,highway,2.460502656822472,19,drone,12.156192372110867
26.646877306024194,0,rural,7.9746666429891855,16,drone,33.1957490888624
20.123811985321577,1,urban,6.895077229722929,17,ndrf,104.22913710451006
20.713831271300922,2,urban,2.8126786977069553,18,ambulance,83.72141038363782
8.267859826566323,0,rural,4.21685754610899,20,drone,7.081935414769479
12.8479563451629,3,highway,0.6901417052308056,22,fire,27.268838225483346
11.31414137322199,2,rural,5.975766577032856,8,fire,42.27056494817829
15.882574699660829,0,highway,8.878909459755109,17,police,26.729638192140744
14.13572393923821,1,urban,1.1781842339802107,6,fire,44.818899314628844
10.143501380371186,1,highway,1.3199846000598237,16,ndrf,14.144936792864549
9.511678064949518,0,urban,4.745668524576646,1,fire,27.763530335230037
7.9001603038261035,3,urban,2.812301040578374,1,drone,10.870410403482374
11.268893783100374,1,urban,2.7692891141379916,4,ambulance,31.247791037794283
4.923273599054789,2,rural,6.386701341168086,13,police,14.302026714285205
26.227076909105428,2,rural,4.102563774642892,21,drone,27.078535974380966
18.262522059086105,0,rural,8.446475588893303,14,drone,25.357143887304936
4.446699555018736,2,urban,4.289061207435837,13,drone,8.03322014363308
20.96885035916554,1,highway,6.152754816410713,16,ndrf,34.5789777568664
25.50616080594021,0,highway,3.9789137886833528,21,police,25.742115649605836
7.507302325541637,1,highway,2.5602349716972537,14,fire,8.89607366774796
4.942717532949286,2,urban,4.713321064567534,17,fire,28.238580637638798
0.7542090854456855,0,highway,7.204804260909691,9,police,2.2001012597433243
1.8938849962663107,3,rural,9.528091406754694,23,fire,11.880700529687912
22.98641477495359,2,rural,0.4216682590559795,11,fire,52.85665609815143
29.62199679522997,1,highway,5.318269476809787,21,ndrf,46.83191957082019
1.8239695130501596,2,rural,6.359660091859331,23,ndrf,6.752506573415402
22.568093292856833,1,urban,0.8572052673885289,21,police,56.64532127803535
2.6199338923083215,2,urban,8.291710239223569,7,fire,13.514788302948073
17.967918334658172,0,rural,2.7595199865804956,8,ambulance,31.30340751372654
22.804220831633017,2,urban,8.749119459578175,18,fire,153.15926570331342
11.096529719398262,0,highway,5.526069617502159,22,fire,14.526845018225904
0.8225742727645802,0,urban,1.5207892768195175,14,drone,1.0
18.058085887700063,1,highway,7.392208902190904,18,fire,37.27884228506309
29.74171653013082,0,highway,1.5722850262005406,10,drone,25.839398127335244
8.099713973735625,1,rural,7.203784388482979,20,police,16.743149682765477
6.089992677022867,0,highway,8.081982193893948,9,police,10.765414474384503
4.155813836228691,0,urban,5.755291451280665,14,fire,16.836849389487995
16.880040787051655,0,highway,2.7109244599314284,12,ndrf,20.581898808113994
18.095130431128062,3,urban,4.373377636454108,20,drone,16.83586894299281
23.87198969652687,2,highway,5.280204549710063,19,drone,28.650992598665034
22.715661571805036,0,urban,6.6578109972282284,20,drone,29.626383550241897
26.82997409645507,0,urban,6.339255382669025,2,ambulance,68.39768725580872
24.27029460109789,3,urban,4.004243293625631,5,drone,24.713406896779098
7.794378950843611,2,highway,7.581663674604794,21,ndrf,17.284554364766482
16.898383443834952,3,urban,7.714163649355044,3,police,102.72543040536006
9.27365279326061,0,rural,6.963311990829958,18,fire,26.49542757215557
10.228668696769322,1,rural,2.7215470420688437,15,police,21.430154239066947
27.99235889228489,0,urban,4.693962867146625,8,drone,28.38094928912205
20.615929199478668,1,highway,4.327570021432992,0,police,21.735042980729396
29.250417190907623,0,urban,8.167922359448653,0,ambulance,78.29617372898058
12.798919833202962,0,urban,8.081799809344815,21,ndrf,45.636666697356894
16.35440841394231,2,rural,8.6608090462578,2,ndrf,57.574566326254576
14.86990488753444,3,urban,2.311757813734916,17,ndrf,117.84586033930506
3.664968196949944,2,highway,7.484545669873828,3,fire,9.732545192726288
7.482708838534799,3,rural,8.703992086757037,9,fire,45.260237318876776
16.065272637832223,3,urban,1.6649074106336215,2,police,77.42171196274666
2.487542001423684,3,urban,0.3993706062490099,15,drone,2.3413500623458847
27.978126914612233,0,highway,1.0550854845592261,2,drone,20.671011722126135
4.153388617329439,1,rural,6.062023767018667,15,ambulance,10.27160290149797
6.34043201929876,2,rural,4.21647870455585,23,ambulance,14.59105401452131
23.07697610618978,3,rural,1.9505136392789002,17,ambulance,81.917081807133
3.3595689827847544,3,urban,5.283035717568284,15,drone,3.0634617132348074
27.05820393865458,2,urban,7.855225142746414,21,drone,36.45198159665109
21.9081786363148,1,highway,8.558176806969795,19,fire,47.62869746309884
2.5243152847113377,1,urban,7.517209827954959,17,drone,4.70222712208639
20.90948830792676,0,highway,8.855113948021845,13,police,26.70288160390837
19.133041994053876,1,urban,6.041853987183935,9,fire,88.60345314021549
22.8418082658276,0,rural,8.370736807831642,14,ndrf,48.24613214157853
24.931836648435407,3,rural,4.171870923625419,2,ambulance,77.40124181148028
21.691341613608074,0,urban,8.524786176576871,21,ambulance,60.553008464826256
17.79220071049367,1,rural,8.958131888170177,21,fire,47.505045846254276
10.01266789816244,3,urban,6.864080607184095,6,ndrf,76.82157149383633
21.069573023982908,3,rural,4.310463046493716,18,drone,20.48403147924735
28.730661746607993,1,urban,2.816739129610746,16,police,78.60272190118545
17.83189252560179,1,urban,3.2517947294756597,20,police,49.30776835852956
20.09817361881049,2,urban,1.323551020734428,21,police,67.37571369914332
13.395277244894121,3,urban,0.471618052607915,17,ambulance,72.9394325604066
22.805563887420693,3,urban,4.144180460981123,22,ndrf,154.52741601616572
29.93118807398976,2,rural,0.4266868555804604,7,drone,24.213945290335793
5.231485059998215,1,highway,8.805880266982273,10,police,12.58086230844953
6.470955745360988,1,highway,6.499580902226491,3,ndrf,11.567346512058334
16.41341388059949,2,urban,8.436672462272691,20,fire,87.46607821986395
14.700574219218918,3,urban,4.4441666074921224,6,drone,17.569584276911247
17.361308642948206,0,urban,2.2395294367534992,12,ambulance,36.616007335212615
1.9476844078660547,3,highway,2.9027882893496004,3,ambulance,6.0028434784396225
12.426155461748245,1,rural,8.547331206241424,6,drone,19.770950187705427
17.697858730934044,0,urban,1.2189323049101486,16,police,39.13614424811726
17.7631448634964,0,urban,6.982658341878835,6,police,47.262652230202036
19.89135187216702,1,rural,2.25690242570181,12,drone,18.54230686582958
21.74637285557858,0,urban,3.531698801646299,10,fire,74.97454887059851
19.42564249855527,0,highway,0.030467529708588792,14,fire,20.34423697647501
23.812173083988334,1,rural,4.790887693300667,6,ambulance,41.27044669305999
18.930438723195454,3,urban,1.2835281714028735,11,police,89.95277498783501
16.356476044847533,2,rural,8.596474081839219,0,ndrf,55.777004636610535
18.38279465219042,0,urban,0.9772791900653832,12,drone,14.278787529495716
3.485204319223304,2,highway,2.503685373556505,2,police,5.47431833202872
8.55811795140284,1,urban,0.14798405884745236,17,ambulance,26.821950923745902
16.05829352941487,2,rural,9.928773782230785,20,ambulance,43.630523661666636
26.25312285435036,0,rural,6.414377279545803,9,fire,63.57577475702233
20.532020910495795,0,highway,6.435768210038422,21,drone,25.886196643388026
3.1670383149209784,1,rural,5.188608485495089,9,police,10.815305698664808
17.97211103810993,3,rural,8.680554992067059,20,drone,22.10308542240011
7.041270635294419,2,urban,1.4418808484438106,12,drone,5.690557635323297
22.153488513767325,0,highway,7.928518564660491,13,drone,31.775329366888876
24.909505149008044,3,urban,8.071234759519763,9,fire,232.95512705500113
18.006960041404213,3,urban,0.36128357979896664,22,police,83.02360165966299
17.945196987675438,2,highway,1.3267694921208673,16,ambulance,24.425693050601165
10.488447574719014,2,rural,5.471489008726178,11,fire,29.486371863683843
13.664375624258627,0,urban,0.9019152044321299,19,fire,44.45488324256682
25.99119643755269,2,highway,2.823662262198672,11,ambulance,35.77961768395478
21.837949763531117,3,urban,4.036731099900164,21,ambulance,107.46488866659276
15.832732961027371,1,rural,1.5721755877033683,11,fire,31.02191950334092
11.362855394326942,0,urban,7.041466880981916,19,ambulance,37.950628194681876
1.9862022795123535,3,urban,4.95061330959638,6,ndrf,13.74907858985604
4.718718339128361,2,highway,6.398164408325032,13,fire,11.636456030098035
6.194243091411434,2,highway,4.742995289911321,14,fire,10.4927596784187
11.514814526130905,2,rural,4.124843968311625,12,ambulance,24.78041982484708
28.3522375887501,0,rural,4.923890534881346,10,police,57.24195689633752
15.402025148333086,0,highway,8.995147680329882,0,ambulance,19.190019401354338
7.427784816147317,3,urban,3.9603882829294035,23,police,39.29431172485897
3.619629055114665,3,rural,6.422625968137278,5,drone,2.1967899722509276
10.480012975787439,0,rural,8.339625162146508,4,ndrf,25.146351694786084
24.564053748756177,2,urban,6.210876502288178,19,ambulance,116.4098601133675
11.808612405609983,2,rural,2.2606438067324133,1,ambulance,25.59370131159745
23.2889212776612,1,highway,1.2195968250743017,18,drone,19.566104287829674
24.179796795742927,2,highway,5.908771296482246,8,drone,25.329146224601008
3.769212706111772,3,urban,7.273952915756931,17,fire,33.479054912945614
18.45546270249012,3,highway,7.687371501956882,5,police,45.89015092019885
28.793333869447768,0,rural,6.938021974697687,16,fire,57.275624093118076
12.363073209654841,1,urban,0.034542248571275413,23,police,30.204900176833604
2.002850625589157,3,urban,7.738402948469364,12,fire,15.079700516305211
27.73742936260742,0,urban,6.046226894301795,13,drone,33.493646895733825
26.568155306388245,3,rural,9.881813824315056,14,police,115.09275903970513
15.903172692665553,1,highway,7.645872803327482,8,ambulance,27.719166200178826
16.791467050148285,2,urban,4.302071607706957,13,fire,72.40849899482879
6.746362531895684,1,urban,6.761499591679198,15,drone,7.721505851544342
24.6737972885668,3,highway,6.159357349166306,0,fire,67.93249994702086
15.208701132567729,2,rural,3.373934781909429,10,drone,14.661454662876304
1.499394956705417,2,rural,5.335291444353844,12,ndrf,7.8294793024402445
20.648941215245436,1,highway,2.0438097948210143,5,drone,20.35842255898304
28.53963995917983,0,rural,0.8783017198281318,11,ambulance,36.75400193204819
24.959939465199632,3,rural,7.330244434240826,9,fire,139.87824746584732
8.677345136210924,1,rural,3.8412869425576304,13,drone,8.461537719790767
2.0730900055335493,0,urban,7.557133223324669,6,ambulance,4.786518084924484
28.240366669876327,3,highway,4.883370172006406,21,ambulance,58.33875573649225
28.14335038395119,0,highway,8.097893747467324,15,ambulance,31.147668322159078
16.206251931529646,2,highway,7.3960882166246975,15,ambulance,25.0078573531762
19.448363644310287,1,highway,7.641309697217036,19,ndrf,47.40333311949619
14.146701790968844,3,urban,4.2933148793776175,0,fire,89.00615569079986
12.883078329413381,0,highway,9.611792597466838,6,ambulance,15.209612957268138
4.023728859896661,3,rural,4.052545814780434,4,ndrf,21.425624022872427
3.3542105016523327,0,urban,7.931437582537212,14,fire,12.070718118101913
7.365598326947531,3,urban,4.8958880540112855,8,ambulance,50.433158235125305
25.180902018993056,1,highway,2.350856636004627,17,drone,23.45943684911421
4.80205287170256,0,urban,6.289139367039494,22,police,13.524474028015769
7.1876102314839665,1,rural,4.6910942050639415,8,police,18.09361333448377
16.684114750005122,0,urban,2.640698623044667,7,drone,18.03266069140699
6.846370933309095,1,rural,3.8253167970070012,11,fire,17.285183454696558
5.314597199174719,2,highway,1.5993733766265361,11,police,8.69031101885911
17.117829130089888,2,highway,9.87045414743735,8,ndrf,50.941206175867805
11.358751494400156,2,urban,6.4318372077986465,8,ambulance,56.33078455985829
18.97169893229384,3,rural,1.7354484707922901,8,fire,83.5299919904659
27.410057542055952,1,rural,7.6458833617377895,11,ambulance,55.724517771529975
4.954297377334496,2,rural,6.0187849748044355,10,police,16.212446227571824
27.446292964485384,0,highway,7.2255120559297845,10,ndrf,48.58005233951918
27.1234540389761,1,highway,5.844863734132168,7,ambulance,32.03737572033337
24.958083708409134,2,urban,0.6046721938640465,15,ambulance,76.62500572148048
19.12293456052951,0,rural,2.0323973186725675,11,police,24.767137457109772
18.79432639523365,1,rural,7.687443316464836,5,fire,48.55125480803786
19.356773468126796,0,highway,7.543503321040898,18,ambulance,27.645579336674874
20.869618760925487,3,urban,7.538753313151062,21,ndrf,160.7141709831512
0.986224917586632,2,urban,0.15214717426955127,9,ndrf,6.2580891144394775
28.763731085239165,2,rural,8.051507913586102,12,police,78.7979200474498
17.775310963234602,2,highway,4.391281947824448,22,fire,31.44521878250616
23.553242262371437,0,rural,6.936614513433669,7,ambulance,37.39010198709864
11.629814252310213,0,rural,2.7207967827406545,5,fire,20.724413284527895
0.8657178105159807,1,highway,7.695286368198832,8,police,6.049842287781401
15.537172466355097,0,rural,9.822817688105339,10,drone,22.657371253358466
15.462108519819903,1,urban,2.5353875069931933,10,ambulance,52.183564634098985
13.391184005187828,1,rural,7.841976404168794,14,drone,17.908279537379336
10.521653097781265,3,highway,6.049504530289171,6,police,25.210240662527152
7.8698695903868,1,rural,2.7309581692567484,13,police,12.81041508681132
16.062573797666893,0,highway,2.9435704383064643,2,fire,16.050323489115804
11.570705120958076,3,highway,7.316376718226571,22,drone,15.605985952093585
29.112990549969357,0,urban,2.8434597859615254,7,ambulance,60.33927275792341
5.601355579124477,0,urban,0.47793567187452424,7,fire,16.79314540448991
9.930134244999065,1,highway,8.739602998501997,3,fire,16.73079778609501
9.171833892274845,0,highway,5.889492537080084,9,police,14.582013083721817
16.52762069896073,3,urban,7.584736329059119,23,police,100.34587512388259
15.228767580737363,1,highway,6.032237386136037,14,drone,17.0084736366668
19.490343730016058,3,highway,5.164574356805433,16,ambulance,40.03421107268324
28.52505223193913,0,highway,7.699823811868399,14,police,33.64596979895087
8.914022022069087,2,rural,0.32156329403038697,8,police,25.02648023675327
20.936761293022396,0,rural,3.11886487495064,18,fire,45.19499614041698
1.2386859886529167,0,urban,6.27468725543668,8,ambulance,6.678671358267048
8.240459945641923,1,rural,9.439746948171896,19,drone,13.004158630057546
14.179731975899488,3,highway,3.936507231188714,23,fire,34.047446574784615
1.4143462601934667,1,highway,9.75290905263051,0,ambulance,4.519637713206983
18.72124908633235,3,urban,7.552818620363842,4,police,113.7561386548294
20.510162947850393,0,rural,4.848964492473753,18,ambulance,34.79727827938489
22.528585587722375,1,urban,4.291584059088014,2,ndrf,82.91812293251813
15.738947892868861,2,rural,1.2944251893613867,17,ndrf,50.46593519229792
18.316367616869485,1,urban,6.151941406157368,5,fire,66.45629997501396
12.183924912715373,2,highway,0.5235366752392412,14,ambulance,15.858409437473615
1.7169644589435948,2,rural,4.290743254184891,15,ambulance,5.490964919151572
3.448579745348135,0,urban,2.377087627257942,7,ambulance,7.756485396303075
19.822379763943193,2,rural,9.562860967060901,20,police,59.38098798828228
29.8688813377804,3,rural,3.6326395559470748,21,fire,112.03642716117356
0.9661955553172372,3,rural,4.892537277794583,5,ndrf,5.427930697447324
16.94871315637829,1,rural,3.7549310152520023,17,fire,46.28021096272041
22.654758210035457,1,rural,1.3720980208901568,16,ndrf,49.33145373555509
24.88985742640942,3,urban,3.5258204596355593,6,police,123.96743400118936
16.583544586067884,3,highway,7.789988391841303,19,police,55.50253200853646
18.7875214154311,3,urban,6.211956758553016,7,ndrf,135.56865642412956
21.053385885599326,3,highway,4.374150029248799,6,police,44.675028511963525
25.839504365956202,1,highway,8.205706697103134,17,police,46.3785887350282
4.10754134748315,0,urban,0.041487485380335976,2,police,8.831679249767566
27.82237479010847,0,urban,8.266008003132644,22,ndrf,99.13291606179423
1.2675134047713152,1,urban,0.5953558261894631,9,fire,7.98429411243702
25.167892653254373,3,urban,8.702719089110332,11,ambulance,152.10169709286149
2.763842583511069,1,rural,9.475720468613334,16,police,5.349484523752489
6.241532242345207,1,highway,8.191694991392698,21,fire,12.95322111906012
0.6148773182434121,3,urban,0.19593770562901902,18,drone,1.7894324275984805
13.6350728133132,0,highway,5.262079644990163,9,drone,13.075828136987331
10.363597188163071,2,rural,8.287962827514479,17,fire,43.99989625948437
5.396790888867306,2,urban,5.450163620948184,9,police,29.02930355306335
13.807159743715236,3,urban,3.5993670604571304,12,police,69.24640068233492
12.369941053579423,1,urban,4.706954267336343,16,fire,44.494706745340316
23.146000464612875,2,rural,0.8069391088423838,13,ambulance,43.47334646776664
26.847344029065955,3,urban,4.963136448458681,1,drone,29.88024880302139
19.750733927128916,3,rural,0.2784682790317361,1,ndrf,70.1250249285698
4.170106467432454,2,highway,6.441154478304989,3,police,10.137042576199756
9.214028443940594,2,rural,3.904522530806156,2,ambulance,20.671515990823686
27.442889756552255,3,rural,1.913429805225073,17,police,104.53042807160527
3.1176675437327304,3,highway,0.1738290109730889,4,fire,7.410529184184007
12.502247262029382,2,highway,9.22119014229424,5,fire,29.770778819956025
28.303886267387696,1,rural,5.563190270838873,7,drone,30.783831970646332
28.54461282334983,2,urban,6.469533856486369,4,ndrf,146.70645584531252
12.630493722942326,0,rural,7.793577145198409,20,fire,27.491250165941228
20.188208198914523,2,highway,6.265904221798123,2,fire,36.98703749140777
13.97399515144297,1,urban,4.131040335130863,4,ndrf,52.26222702141703
22.727085913372083,3,rural,6.275882030329716,5,ndrf,103.59339245348849
1.4316492554434561,2,rural,2.525165797150243,2,drone,1.0
4.7526358931800745,3,urban,5.613516338537092,6,ndrf,35.14810335759673
18.61886470453618,3,highway,2.055873013018763,4,police,38.19681657315414
7.360291742070376,3,urban,9.174228051387152,8,ndrf,81.55952738185154
20.148542828439883,0,urban,5.095676788422518,3,fire,60.74298944351326
10.861076360108301,3,rural,2.3384028082633748,22,ambulance,36.06143405031378
26.65604396477073,1,rural,6.396325258679113,18,ambulance,64.25877294472608
24.6681518740196,2,rural,0.9031960349105872,15,ambulance,48.26822999599302
15.038715102029075,1,highway,4.340190186106753,14,drone,14.95606045707674
23.300405069298304,1,urban,8.65964618943008,16,drone,36.200669731141794
8.498567643935166,3,urban,7.678585029493391,22,fire,60.81877515590199
15.080663415949948,3,urban,7.034395258722032,3,drone,21.86890923412561
6.325720529966706,2,rural,4.70603342643955,12,ndrf,22.842348572687126
25.896141971369318,0,rural,4.468791178959877,4,ambulance,36.41392030657822
24.78049468876824,0,highway,0.11309627572005487,10,fire,33.27137412715856
27.113415218065537,0,rural,6.000379468331496,21,fire,52.426191069667915
26.385570946115653,3,rural,5.770083312913742,15,drone,29.549739451409593
28.808089730755096,1,rural,0.05279020955689995,15,ndrf,57.00702924506016
7.235918833141816,0,urban,1.370435391320406,2,fire,20.10119201167797
27.988816578461808,2,rural,0.12436155878229438,19,drone,23.572112930543874
17.35078914488393,3,urban,2.5317894595881807,17,fire,130.5736166157832
12.963604975585488,2,rural,0.038531219802473426,8,drone,11.7477410694614
17.031029931052252,1,rural,4.17369258229189,8,ndrf,49.75936743792498
10.606769521183196,0,rural,4.763931213329338,13,ndrf,23.082812491682326
9.012313705348086,3,urban,4.3708166065979634,18,ambulance,55.863128302643915
7.6187729703370985,0,highway,1.993892056342692,12,ambulance,7.524727145681603
2.9316256889852412,3,urban,5.235592298648908,20,drone,3.2414905767940736
15.14866446584203,0,rural,8.140946216505041,4,ndrf,36.21878513087835
26.688969433559677,0,urban,2.9121525056252384,16,fire,73.87511540911211
19.089483093594346,1,rural,3.125754343232922,19,drone,18.927007978101464
15.868781166295319,0,urban,5.428258425311067,16,fire,47.08874941434787
13.143491088402037,0,urban,2.3375439247272514,8,fire,43.698126106209074
14.199847976357162,0,highway,3.377863274974664,11,fire,18.25602111829776
6.673681753372552,2,urban,4.52437224189052,11,police,25.911995779673386
24.776608377196368,3,highway,3.863024022763746,7,ndrf,65.4475390489231
6.352297416805078,0,urban,8.18232303781668,3,ambulance,20.01363060907058
21.640371323455735,2,rural,8.489935605851752,4,drone,32.33592942356595
22.919557839136502,1,rural,4.0287847491372375,15,fire,47.71880223501167
17.45863673981816,1,highway,4.477865498672051,5,drone,16.251243682628747
25.95632806116744,1,urban,9.568941262017452,18,drone,40.16723710551956
9.085985397294175,3,highway,5.0308751192127685,19,police,25.224659804739364
26.507708026664467,2,highway,9.930320513696445,9,ambulance,59.81266920838458
22.01760855817947,2,rural,7.628027726876375,8,police,73.58018785753258
24.063119918971942,3,urban,2.6423222086492224,23,ndrf,152.11482272661664
20.10510143105577,2,highway,2.290926653129043,0,drone,19.64036883619467
25.467119001204097,0,highway,1.5906448801226314,6,ambulance,25.786982941925146
29.79641645017026,0,highway,8.06145726203189,16,ndrf,42.89377985972367
12.89480420847684,1,urban,3.06862042175731,20,fire,45.02935719866827
24.510512669432327,0,highway,6.757925102174771,11,ndrf,35.11409972896707
22.46510290578199,2,urban,5.4013614954221065,17,police,109.57672605808177
13.85966988850453,1,urban,8.259973029066895,5,drone,19.16876136914844
27.844995492109103,0,urban,7.508174336409374,22,ambulance,71.5382527446838
12.135564922391543,1,highway,0.6374892435976043,13,police,14.401746244764373
17.18124453014901,3,highway,3.384276094051554,17,ndrf,59.47317286751605
3.625299531233366,3,highway,5.200987121404477,4,fire,10.623320414613492
7.160368224954854,3,highway,8.03638912254327,11,fire,23.8990336923901
25.30053703074594,3,highway,7.140275378886224,17,fire,93.43804885802723
12.198305323450997,2,highway,5.494039506683539,9,ndrf,34.27888200507864
12.125480637750117,3,rural,8.083753405217362,23,fire,54.7004571196201
7.756440036623297,3,urban,4.349284761097126,19,drone,8.355817394169147
15.002504861774904,2,highway,0.556595739258674,3,fire,24.995214257915165
24.27160035984336,1,rural,8.705357286151905,20,police,52.925559224884616
26.907341474325317,3,rural,5.265933518964808,9,drone,27.754823995127865
2.5683757453034244,1,rural,8.084030873639884,14,ambulance,7.024815888525144
17.457211571583407,0,rural,3.9208171795367286,9,fire,38.97601697911991
14.28456435282387,0,rural,5.885522518794844,16,drone,16.43429182411831
18.621314588911563,2,rural,3.3109300546288036,10,fire,61.49947091668694
13.694632763793939,0,highway,4.0957497444538715,11,fire,20.133892589633177
12.260022215175747,0,rural,1.473982216830071,13,ambulance,16.29525418466607
14.420481016669937,0,highway,7.416035669103981,5,ambulance,17.39441119670076
17.668974298314218,2,highway,2.802843059983655,10,ambulance,31.578401040905963
15.279004725437416,1,rural,3.017311444506637,1,drone,12.361675934927383
14.428261305109062,2,highway,3.541889625578137,1,police,24.30904602196385
24.626141643763383,2,urban,4.3212611639720135,15,fire,106.9081180153957
22.496615741516802,3,urban,5.761639120213643,6,drone,26.015433675222205
10.570665578345189,0,highway,6.828066316954665,16,ndrf,17.59304487688323
24.117024966701955,1,highway,6.756895086242027,18,fire,47.93985821561978
25.682694735632754,2,urban,4.23680915928294,15,fire,111.3766913535221
5.02802005853862,1,urban,4.818906675811585,10,fire,21.21067752602156
17.689132621057382,0,rural,1.4032051795585487,13,ndrf,32.40708099802589
8.916703811176806,0,highway,5.215060826982759,18,ndrf,16.37712531217355
22.305583496838317,1,highway,8.770567021689889,8,ndrf,53.04320161085009
7.5441672160811555,1,highway,4.604498812614062,10,police,11.896254239306248
20.30640396310444,0,highway,9.38013593099349,5,police,25.665068978649565
8.0261773537002,1,urban,1.557835399297649,4,drone,7.0911468240136415
15.578741021183323,2,urban,7.36909459137326,1,police,64.37341645747692
28.485070803527666,3,urban,7.079889103795148,1,ndrf,214.68768469806608
11.748572384464818,2,highway,6.815289535756225,3,fire,26.474782757629065
26.334285335914625,0,highway,6.628571993602883,18,police,34.75760220257861
29.61486514551489,2,urban,0.22308273576866933,15,ambulance,88.3003397558537
26.30810003975232,0,urban,7.421222520521049,2,police,71.88349696183458
5.393047876838614,0,rural,4.996842747928994,18,drone,5.447506980318918
24.67991747628731,2,urban,5.241861896999901,18,ndrf,152.40395757868052
1.448407155466557,1,rural,0.5087264021119742,21,drone,1.8238489839096765
12.102405569129582,1,highway,1.8838112831262277,23,fire,16.99829169732363
26.18663451287698,3,urban,9.110069075631596,2,ndrf,215.68115942725177
20.818190276417635,0,highway,3.1552833677487593,12,ndrf,27.23420807834785
16.215842606467405,0,highway,3.9388022061542802,19,ndrf,26.438171827069784
11.941988739937305,2,rural,1.892035191945809,5,ndrf,33.75380815002181
24.462759920873438,1,urban,6.321907821422828,14,police,79.83218239839036
21.431972916472517,3,urban,7.407008758068273,2,fire,148.87307294115914
14.317956928662364,0,highway,9.212618414437287,7,police,19.71687577429534
26.828287947684963,1,highway,5.620636137917386,23,fire,39.700840926051725
7.283466525649655,0,rural,2.7563068081564435,17,ndrf,19.739735366594594
5.526549520179434,0,urban,0.7096331485159801,6,drone,3.8818830275030654
19.462711047840656,1,rural,2.661094380292041,23,ambulance,33.748171583951006
29.173833109702226,2,urban,6.183645422995027,4,ndrf,144.8201852672191
7.794068912549724,0,urban,9.741035686177396,9,police,32.68566428920289
7.865276178547881,3,urban,0.7919781776901591,10,ambulance,45.37118286508668
4.615216014884602,2,rural,3.883664380867584,15,fire,13.675989242776932
25.88662488057215,1,highway,6.672357094143156,6,drone,30.029085027851043
7.178727442134355,3,urban,5.745709442049748,6,fire,47.95711235275589
15.343766538384191,1,highway,6.516926031972128,16,ambulance,21.452220791659833
29.730738101065036,0,urban,4.632084716901796,4,ndrf,93.68564654984843
0.858156577200285,3,rural,2.6703670543798363,3,fire,7.979972639650851
16.916339670068428,0,rural,4.827522642127385,3,fire,32.291217497814316
15.612526759795902,3,urban,3.81536129936878,7,ambulance,76.98874103888693
24.319697604099566,3,highway,7.092975314285507,0,ndrf,75.16852580749173
10.98080541680692,3,rural,1.7162482236878829,0,drone,13.002014324217189
12.605070087521726,1,highway,4.961479329717456,17,drone,14.69190123565349
5.454170427666478,2,urban,9.590625590475216,12,ambulance,25.666558513979147
22.354049333255706,3,rural,5.317939577064893,3,drone,24.447711023478988
23.648912821050374,0,highway,2.372094747850949,6,ndrf,27.767128942213013
4.531567962975492,1,urban,9.358502958006945,16,drone,7.893027903723163
12.10698368265549,1,rural,2.4415738685431565,19,ambulance,24.8701965322759
26.840697363199148,2,highway,7.511801379936851,20,drone,33.948901542086055
0.5798645734357212,2,urban,1.0953126007294567,5,fire,4.064972219893915
9.313392583367653,3,highway,8.520896098053335,20,fire,28.798969792394487
16.873747409050157,1,rural,1.8057458760524503,10,drone,16.233479506252
10.355768859968622,0,urban,3.941794681349262,7,ndrf,33.29610039020248
8.525333080741248,0,rural,9.656203346050848,13,police,18.29192796384226
14.071105804644771,3,urban,5.793947277060832,2,ndrf,101.61661821232066
5.854931689235966,1,urban,2.639959359251166,11,fire,20.500302318528803
16.123944608304775,2,urban,0.0062716896196912675,10,drone,7.7148152495805835
21.347529678740162,2,highway,0.06789223380095022,14,ambulance,25.223278838378338
17.471201102540814,3,highway,2.745876800209138,4,police,37.15062843676804
3.2467252603266616,0,urban,5.268547930113837,1,ambulance,8.159372140121818
25.41005411788441,0,urban,4.848912686460584,8,police,81.1318770406072
5.661846205880901,2,highway,9.218816312860138,23,police,13.573700667935842
23.061954018028295,1,urban,7.640941148411731,13,drone,29.95769579694513
11.136670767887587,3,rural,9.247356359341056,13,drone,16.185618944354236
23.591459767655017,0,rural,5.117781883199135,15,ndrf,47.0956629145345
6.5850506504577,1,rural,4.466664121451012,12,drone,7.216866526808439
6.0065320590151785,3,urban,5.6608829712037565,5,ambulance,33.9577475353932
15.162262463415725,3,urban,3.7214608771007374,23,police,75.35306071420472
1.4716124336016345,0,urban,2.108114913371656,5,police,4.051363577569546
7.146271494078834,3,highway,8.36660558467781,15,ambulance,17.21923994345206
21.858361439438273,0,rural,6.805315835611827,20,police,33.64540964775638
25.202812610010053,0,urban,3.2565809222522613,15,ambulance,54.26085005238237
2.883168236165408,3,highway,4.462812389004309,22,ndrf,7.407476127485748
26.52129242842408,0,urban,2.254478347711352,4,fire,68.4838565194823
24.026757519568783,1,highway,5.628390566601102,15,drone,26.517195097630704
26.15568672335548,0,urban,3.583581431827797,2,fire,72.33865241056931
21.103642360075778,2,highway,8.755753174682217,13,ndrf,48.83120968898376
20.38751548517196,0,highway,5.283629404564635,4,ndrf,24.686116031044282
15.990250383673482,1,urban,4.117306377031293,15,drone,17.128158947196493
19.75722312249379,1,highway,7.496197638732532,7,fire,36.062293511934186
27.613735104714852,2,rural,9.05101290469765,3,fire,93.72938626291095
3.465399041792898,1,highway,8.174190976257856,20,ndrf,8.988303444211205
9.81505209645969,0,highway,4.949170951961587,21,ambulance,10.555091034272536
2.637421721078219,1,rural,3.5644333703023143,4,police,5.800455452390952
28.371752572349134,1,rural,6.621293431408594,5,fire,66.43022999555421
13.635331246981945,1,highway,8.168680434911437,0,drone,19.30060548812416
20.42266188494756,2,highway,9.786395773365031,16,police,38.22309439975665
25.313041902877483,1,highway,4.572512359587363,21,ndrf,39.39049576742063
29.734507318256412,1,urban,6.682401436872429,5,drone,35.228115358091486
5.272582504871839,3,urban,2.9310325320969066,10,ambulance,30.618545182934856
24.085621868687745,1,urban,0.8746329645331308,16,ndrf,77.37061122030634
26.678975495033722,1,highway,2.530577278153144,10,ndrf,50.0268014967674
1.9418236171008307,0,highway,0.1449013419479217,18,police,4.193446163336027
22.745671525474414,2,urban,5.0942759888672455,18,ambulance,98.40678512462515
10.964396975298234,2,urban,3.7315611261192307,17,police,50.34430593901797
19.633605348377746,2,highway,6.7827480986244835,17,ambulance,41.20337481288355
15.66442178314651,0,urban,6.153140343174086,10,drone,18.152636907340387
8.162396436555788,1,urban,1.6786643444441685,9,ambulance,28.049632430174956
4.489030179117588,1,urban,6.738215944817876,14,ambulance,14.756048021990583
3.9499433761316447,3,rural,1.874002246540919,2,ambulance,13.167263397243893
3.5480243024005054,1,rural,0.059531442491664865,14,fire,8.336846511316955
19.314806183970042,1,highway,9.70192662959465,0,ambulance,27.61413212687341
10.866620116286374,1,rural,0.2698504704691862,17,ndrf,29.761858832178497
6.890686427073237,3,highway,3.4174907670648524,14,ambulance,17.26107861683131
20.91061023482414,2,urban,6.375112409506102,11,ndrf,106.97172527293424
20.762062190110772,3,rural,3.7037453715853044,7,police,67.5999031930321
16.405464624531433,1,rural,3.8120915474141395,12,fire,34.19466671802313
28.0812555975426,3,highway,7.227275404552952,15,police,69.70319040401476
11.869719827521928,3,highway,6.0215393446253005,16,ambulance,26.143256167018865
25.157957652444143,2,highway,5.183774462765149,22,police,40.367419246411366
2.716612533999791,2,highway,8.863167338837739,4,police,7.951244736070206
22.32501727413588,3,highway,1.081136460372084,1,ndrf,55.476812018464926
29.659198708041934,3,urban,4.69767542114007,15,ambulance,150.4875970325013
25.474647380490598,1,highway,2.3906674252183824,3,ambulance,28.72459751695623
17.60010921964675,2,urban,0.3680784816741056,3,ambulance,51.22834404732515
18.989598897651238,1,rural,9.790337021822939,6,drone,28.97079702899648
10.92204170838993,0,urban,7.340268272591296,17,fire,43.83202228154998
20.544813938614066,1,highway,2.161855159913577,1,fire,25.09392858257852
23.22666380384915,3,urban,4.024342551548834,9,ambulance,147.8062077093616
29.94774019297669,3,urban,2.2602424375397936,2,fire,168.84604466988014
15.027656051512773,3,rural,6.848552859838013,20,police,54.53630361024774
2.308469940316547,3,rural,3.5044707143898335,18,drone,2.6553198466304635
18.077809546564065,2,highway,9.19862581866064,2,ndrf,42.243484153925145
4.011212424473973,3,rural,2.075552191509659,6,drone,7.4734068844999815
7.720568784905247,0,rural,3.4982618432534016,11,ambulance,11.79016274755868
10.199007383519248,1,highway,9.31814486043558,10,police,21.44821271257388
22.065381257878112,0,urban,8.8468075410208,4,police,64.24607307248795
5.922339654415766,3,highway,2.93170145983055,11,ambulance,10.437817356189182
5.3897119318494,2,urban,4.830686776871693,20,police,20.70666303408268
1.8264451537154103,3,highway,8.837049834530777,5,police,5.586749862920375
26.260578122439487,1,highway,6.706345606745977,3,ambulance,32.10333344118651
20.95841001850379,1,urban,6.3727968133328625,9,drone,22.70764528868314
1.6784207357199814,2,highway,6.605585700933898,11,ndrf,5.591036932131512
1.3346230163243802,2,highway,9.209811342229505,6,drone,1.9738230883542416
16.980891746014155,1,urban,5.171738407100936,2,ambulance,46.80263236339396
8.834764837957975,1,urban,1.8177986056178697,2,ambulance,23.59945754297597
18.1034273377419,2,rural,4.727237538783359,19,drone,20.608800707784557
13.320823182588477,0,highway,7.288883018084368,3,drone,19.064057691184413
27.73772058815251,0,urban,4.921343140377996,6,ndrf,82.8476968903569
8.990365941360354,0,highway,3.132627243595901,18,fire,12.964653525147734
20.534788368947357,0,highway,6.663299119538214,14,fire,24.894507990007188
2.094602192748676,0,highway,4.502297528395458,0,ndrf,3.5288337211090517
28.6978857585733,0,rural,9.628202613223726,4,drone,46.85347510629348
29.43234530329639,0,rural,3.521405509179459,11,ndrf,53.56767470063851
22.302701555984164,3,urban,7.1748692362881155,8,police,169.63538920618387
14.223767911125409,0,urban,5.550719899198886,23,drone,15.00667655871273
6.98980646015421,2,rural,0.7756477339942391,2,fire,20.45865051497524
24.46923203731496,0,urban,4.697579174852792,0,ambulance,53.11674248665042
22.222445865837155,3,urban,0.29163742165443485,13,fire,117.37464509353786
7.047644167047997,0,urban,7.898317031064264,23,police,20.027483114838752
13.810851177639337,2,urban,7.345300852272553,0,ndrf,71.5194547398689
14.152568665595158,2,urban,0.5051183793990754,19,ndrf,75.29211691470243
24.87911122419492,3,urban,4.996947135958536,23,ndrf,168.21743512411697
20.67341818785526,2,highway,9.615394625572534,9,fire,58.57120533121008
19.473442534431626,2,rural,2.846387802269219,9,ndrf,68.79797870761166
19.669908965616713,3,rural,9.043032973273998,23,ambulance,75.02105155549474
8.478867341783129,3,urban,1.510926597672163,15,drone,5.236012412262586
11.465482164971254,1,rural,0.0660245377947899,13,police,19.049685604472927
1.847037420382831,3,highway,5.305213852260082,6,drone,1.3683465581183707
23.71476350645765,3,urban,2.3924330796332773,22,drone,23.26258372329093
13.273447347509508,2,rural,8.792242020546887,6,ambulance,36.97485166939933
13.428031534083418,3,rural,6.739220044652154,9,ambulance,62.96350043688166
7.7380098155419885,0,rural,6.868903538084066,20,drone,10.093587276292757
6.678104803053152,2,rural,6.732804027885734,12,police,19.478275682142126
17.840746922286364,2,urban,6.789576706353934,18,ambulance,87.4693518479002
7.360313948508435,3,urban,7.471148564574474,23,ndrf,60.40199428381567
2.3941611211812,0,urban,6.698876533156504,15,drone,3.3953542301729294
23.1414687714365,3,rural,8.342752755727286,3,ndrf,115.78262783668585
11.605848314987796,0,rural,5.581221370247121,18,fire,29.610093702912504
11.716949725029481,1,urban,3.5068822386176954,14,fire,38.970891972032916
13.223889304715843,2,highway,4.668471716841809,4,fire,23.90700858720277
24.543822290538767,1,rural,4.402350320320448,2,police,46.493063134844476
9.964688430224605,3,highway,3.325063048279521,22,police,22.98738773896944
22.862068232106164,3,urban,4.154681225021828,2,fire,141.36459378300992
28.216572802996527,0,highway,3.8498675177937036,10,ambulance,33.04142249872127
19.995611779781584,1,highway,1.111402807196522,23,ambulance,21.316324658748023
13.234591894722227,0,highway,8.3055230105945,20,drone,20.047768579237303
22.55979683282661,2,highway,7.564657312317879,20,drone,27.885719681265062
14.007972407665873,3,highway,3.375387321311737,17,ambulance,35.73262003933662
12.725604497690155,2,highway,9.451320390628378,11,fire,24.88952249245206
15.995853325394155,0,rural,9.49362540663467,6,police,32.685436888878336
9.872808876874167,0,rural,8.567197245192181,21,police,18.23475858312819
3.575381380260035,0,highway,0.2937283886045172,13,drone,2.2688507433906615
12.738134163021874,1,urban,3.712179941719916,9,ndrf,59.52243948102457
4.153777993314407,2,rural,4.57336566771904,23,ndrf,14.863191520124538
12.608023469885678,0,rural,7.1871628247236785,8,ndrf,39.465133256158985
16.929544775796785,3,rural,6.348123344361918,0,ndrf,75.54146028123427
27.95597984556658,1,urban,6.78378613589376,14,drone,33.070197654477035
1.568558765836456,2,highway,7.6721341380157995,10,drone,2.8788177542613806
18.833022991807354,2,highway,9.48435429069111,14,police,35.33132782786594
14.00318800617728,2,rural,5.51508367250052,14,ambulance,34.206423071980275
1.0977032820221053,1,highway,9.040424644901206,15,drone,1.8508552066222768
7.861671190192251,1,urban,8.148188850736437,8,fire,43.379497621457325
3.9953149444666463,1,urban,3.3792424831247283,6,fire,14.498156651844427
6.895427299077619,0,rural,8.13670467189436,7,ambulance,13.995355905413444
8.599822182097087,1,rural,1.1734527197305455,23,ndrf,17.720024384196062
12.33853689377479,3,urban,1.5875962390917175,17,ambulance,74.26152773943151
16.10666210792226,3,urban,9.923784854930485,9,drone,23.526244320777725
0.5292048208283899,3,urban,4.286886012262022,21,fire,4.161045015756832
5.2751461385478535,1,rural,4.606180240028186,18,ambulance,11.269741739989087
3.2602083754596207,1,highway,9.510308676301225,12,ndrf,9.210099809405605
16.71536527825094,0,rural,3.618397861633922,19,fire,38.3709782042584
10.20770867683746,1,rural,2.369665973972025,22,fire,19.845545111587448
16.677733213024183,2,highway,0.7782173743734844,13,ambulance,23.155161489065833
7.043787414152996,1,highway,5.226198022042828,2,ndrf,11.55351937686238
1.2147659455837534,2,urban,1.9968914303967145,10,fire,8.581047627533028
28.27032358747228,0,rural,0.648060347177174,5,ndrf,48.30799466561539
3.6950895750753237,1,urban,8.13069459451703,16,fire,16.30343250756214
4.242333064870646,1,highway,3.2859691634159747,2,police,8.00438995451882
4.823131382049145,1,urban,5.7939018202840025,11,police,16.42279290930378
29.447657457801544,0,urban,1.0464563978109753,10,police,80.26352508281141
18.720977085014884,1,rural,5.055826330507975,9,drone,20.132452328299216
18.50355357526359,3,urban,6.318401125291809,15,ambulance,97.57178591620712
29.607596944796622,3,highway,4.498636109441945,13,fire,74.56947494873307
3.1089436936023156,1,highway,3.374818164162481,4,ndrf,5.024840469160714
29.247776329997528,1,highway,3.1095503439933148,19,drone,30.294262877755614
6.518387823344207,2,highway,1.0938375290446278,10,police,10.5637263493848
18.880609355080047,1,urban,1.1569120972852465,3,ambulance,48.55208167480456
12.892465176432355,2,highway,4.956961629001121,16,drone,13.944460660478978
11.826578497576758,1,highway,1.3882925388476586,9,ndrf,22.20755553992869
27.971678190144146,3,rural,2.234508419702105,15,police,83.18083772938127
4.902217988987565,2,urban,1.648176724249606,18,fire,25.43662714093486
29.913535826749186,3,rural,8.024843613341838,15,ndrf,146.00285435470846
11.684189302200682,3,urban,4.49717067671902,22,fire,76.92941888604408
19.638859664712356,1,highway,5.5258953139927405,14,fire,28.629855704996427
29.053248578759124,1,rural,5.829581480673051,9,ndrf,93.2484577323431
2.199230986179756,0,urban,3.96384872816765,23,fire,9.698613508925852
27.724498706293122,2,rural,2.9843105064332742,12,drone,28.27849579461716
17.250435867953126,2,highway,3.8244550993775617,17,police,32.28597901035766
21.279707929834842,1,rural,5.3482319741982565,7,police,44.12372536216136
4.900933424647277,0,rural,3.585772605732699,21,ndrf,13.809303133531266
16.23492920951545,3,highway,1.3661592437973091,22,ndrf,40.75839201005374
20.36865458439469,0,rural,9.136869421436272,22,police,38.27063640029903
13.959295567936614,2,rural,7.324062418938101,9,fire,54.36688489591309
5.072062754128673,0,rural,0.6626986046523897,20,drone,5.404346523172386
7.70151271502451,0,highway,9.056999501394369,16,ndrf,13.468033169816241
25.704587334308208,3,rural,1.704651900184393,2,ambulance,72.7037030333149
1.516894288566502,2,rural,0.9773018349210427,22,ndrf,3.7685286107269964
21.411431314003966,0,urban,1.7321689773558313,12,drone,19.302768198585802
29.982006077178543,0,urban,9.330339056594967,12,police,92.05069842850465
0.7207483851496151,1,highway,2.2129427740351915,9,drone,2.3711120942152433
5.250847643188227,2,urban,7.869919257020046,20,fire,27.347588152146347
20.387256876347468,1,rural,6.430382252087387,2,fire,48.33394430875837
2.269729620267774,3,rural,5.182230783659546,9,police,9.549608278300745
17.898804523747838,2,highway,3.655936371634172,13,ambulance,24.537897785471973
20.678003055051157,2,highway,0.9293410589470852,4,ambulance,25.998174980954243
17.85031726936507,1,highway,7.10654777801551,5,police,25.946785245865453
11.272948739121482,2,urban,3.9478147482075676,14,ambulance,38.43775395302989
21.069827731605848,3,highway,5.349861401692815,13,ambulance,43.38426574462812
18.031685626407704,0,rural,0.5176181596174168,19,police,32.203290591147
6.625296576770633,2,rural,7.75937829848425,19,fire,27.365614834373726
17.11249853576074,3,highway,6.922715128927612,0,ambulance,38.14886404212536
26.51626290559836,1,rural,5.293003699133031,9,police,66.03851303085612
20.171581927868274,3,rural,4.963074279074791,20,fire,81.31026627448985
14.41784946811849,1,rural,3.370307615794077,22,ndrf,32.95812078339208
9.986731034648809,0,rural,3.4240389540079397,2,police,15.481119117153748
3.0336431784083993,3,urban,0.6846591864615492,18,ambulance,19.069389747555302
7.716500416391346,1,rural,6.867135937559309,5,ndrf,22.239931686235565
0.8300092160628683,3,highway,0.44972947623963866,19,drone,1.4926495963897375
29.605464566986452,1,rural,0.014187793368453105,10,ndrf,74.82482536217942
7.063226437797828,1,urban,0.30981185725411087,2,ambulance,17.316366661477375
24.538840309218493,2,rural,2.034474717670677,4,police,51.3606277141101
5.475024013246869,1,rural,5.701957148097216,22,ambulance,11.413653242201255
8.86623391336443,3,urban,6.811592009315631,18,ambulance,62.360525660517474
12.839180917236819,0,highway,4.207383826161126,0,ambulance,11.605056190460154
10.06996709217735,0,highway,4.0863869905524215,22,drone,10.49003249958901
24.051348976415902,0,rural,5.767858883648012,20,drone,29.02307883845371
28.751955536454982,1,rural,5.968275679658468,13,police,53.608789379096784
26.32118726770003,0,urban,8.449975836631245,0,drone,36.375016719856525
5.030547074958818,1,rural,8.190881651328064,10,police,16.021276841585347
23.412315952304063,0,rural,8.23526204575288,3,ambulance,41.74559991049491
4.864433942488987,3,urban,8.441727977402321,8,drone,9.93363442219596
27.44474264358199,0,rural,8.798304870215985,7,ndrf,63.81972743706908
15.777417982223064,3,rural,5.553167879399727,17,ndrf,92.47893991784666
10.42324209767285,3,urban,5.951671639290778,17,ambulance,72.57657876880747
5.1322521713586875,2,highway,7.272259972085388,4,drone,8.17308011186136
0.8483681012806361,3,rural,1.9900755561789074,21,ambulance,2.7513922295106625
7.814436253996099,3,urban,3.6046103007031496,16,ambulance,39.7097219893584
27.4635918667987,3,urban,9.126529806192737,15,ambulance,170.44700426308603
24.019234672030713,2,rural,5.227624306198083,18,drone,25.48126673603866
29.108914378646226,2,rural,0.5178761792172304,17,drone,20.49773880031207
3.4724648730805048,1,highway,4.055597845872349,18,ambulance,6.939470529166219
17.969272933417248,2,rural,1.6078920323744827,6,police,37.84249516253328
8.08593898390791,1,highway,3.562868618704754,16,police,12.957445922102707
16.516780320286017,0,urban,5.449759602950425,23,police,41.688113395228584
9.953419124121927,3,rural,5.0513640175677565,18,fire,50.86650321080106
8.862233732179046,2,highway,4.904690301746994,9,ambulance,15.971254472211696
17.428436409725627,2,highway,0.18338947447570142,15,ambulance,21.168807077245376
5.907885775151439,1,rural,4.451048783314987,21,drone,10.579695147303283
14.339436390677447,3,urban,0.289637672930817,15,ndrf,80.77570264878662
19.698961818799027,2,rural,4.048607757558965,18,drone,18.256052857865914
4.2813711588927195,0,urban,6.469999109014543,21,drone,5.481512250663228
27.95253099086867,3,urban,1.259044582066886,8,fire,199.00206819773342
15.418878633896682,3,urban,9.167727407242129,8,ambulance,123.64045154933686
24.676075170588096,3,rural,6.305114899593964,8,ndrf,145.8336969720142
19.79021020332137,1,urban,2.1759863559089143,8,fire,79.43243591333537
21.445027766065092,0,urban,3.940876677803459,16,ndrf,62.628007739112086
21.625862759288722,0,urban,0.9690726330997268,11,drone,18.007834131899788
26.31544696331344,2,urban,0.2206328766552912,22,drone,21.60013513510323
18.601360333884262,3,urban,9.158614802431245,16,fire,143.72009052456923
8.707405975780993,0,urban,6.751840507234141,16,police,24.30168187579536
3.435534464530986,2,rural,7.796461014809238,22,ndrf,14.288399192978058
18.384393273779175,0,highway,6.221728478399099,20,fire,22.828636878021562
2.4574077112321415,3,urban,9.067655276084274,0,police,16.48184060806455
7.618156824841141,0,urban,8.95918820985667,23,fire,26.043041891627112
2.2908619457563955,3,rural,0.5815855250916613,21,police,8.723074520221502
16.69218387569373,0,urban,1.8946998357820488,7,ndrf,47.22855145679443
5.229974685814607,1,urban,3.9578989421189448,5,drone,7.353383100795836
18.50701592328746,2,highway,3.4108955461512447,12,police,29.980955853820188
23.830521360466395,3,urban,5.255725316232236,23,fire,151.33953175870383
24.74548126276994,1,highway,2.6653180171948354,14,ambulance,26.84187799355082
9.63153349006001,3,highway,7.974591179566534,13,ndrf,31.631746117318123
16.69415871448763,0,rural,0.07493848138124815,5,drone,11.60046280825595
17.108817422547588,1,urban,7.915130824798414,21,police,58.468239596049834
14.450171873547914,3,rural,3.933702765813071,19,drone,17.240469707881914
19.825859797030564,1,highway,0.051350087497756824,1,police,20.27428718691244
6.69757015279424,2,rural,8.470642689407658,6,police,18.883161199267075
29.38767556781043,1,urban,4.467544971327891,21,ambulance,81.07935306040761
3.3933548991825067,1,highway,7.247266429690295,16,police,7.768065184649882
24.962023665492016,3,urban,8.7844872450065,9,police,205.2919574036583
18.025831615060042,2,rural,0.34312743123076084,12,police,36.844793841700636
7.723215042214619,2,rural,2.621620516958454,3,police,14.724032008174774
22.497412519478843,2,highway,1.1889159027661145,20,police,31.52054435792821
2.9921864224736225,3,rural,0.980101603956004,15,ndrf,13.132482183893595
23.3453261162391,1,highway,9.45641091800912,12,ambulance,35.0445035162966
17.904564056168898,3,highway,8.0556937926559,14,police,43.175559957724474
3.7671343926938468,2,rural,3.6472516000469755,14,police,9.748352434581319
2.8454141112249216,3,urban,6.87293042803752,10,fire,28.30884383958592
22.649671836375642,3,urban,9.194452737849662,4,police,148.41782205918204
9.141609241863197,0,rural,2.208134938737898,11,ndrf,17.61742924107823
26.734404597632796,1,rural,0.1415073757483587,19,drone,21.425488721017388
22.981154120390194,1,rural,8.241083412069418,1,fire,58.50390957299541
21.096612219172624,1,highway,7.2269832912805505,9,ambulance,36.65909687053356
8.718878552686803,1,rural,1.602572754219892,19,fire,20.795069885426177
21.413863311137728,0,highway,4.8964584548510235,13,fire,26.001616785086576
28.470356693187604,3,rural,1.6043388504493505,0,ambulance,80.09520436725926
3.201015113931783,3,urban,6.0261386182914976,20,police,21.293463154766975
10.121797939105198,2,urban,6.47569945321874,1,police,41.76896357323372
7.422831831117027,1,highway,2.7668270751400437,11,drone,8.84498902309577
12.100878964819668,3,rural,7.808371269171284,2,ndrf,59.96306073138999
22.39881331819142,1,highway,4.735963489241425,6,police,28.165882779185523
14.490156152048904,1,urban,7.063579112955095,9,ndrf,77.99266963201298
17.336552880547266,3,highway,6.3981118142328475,6,fire,49.23346770097584
9.767569198311099,3,rural,4.507589321106144,21,ambulance,32.69268862897084
4.668033379069466,2,highway,2.9271726207759508,13,police,6.680677019436001
8.374542643662991,0,rural,2.0430440385557724,8,police,16.601403655385518
25.860568886638617,0,rural,7.459440324271879,6,fire,53.5324591324779
18.27130038352561,3,urban,6.419434770911145,11,drone,24.2190057192613
11.650665859318394,1,highway,2.8094192835318808,8,police,16.5203538091445
23.802226461199833,2,highway,9.67099172803488,19,police,59.132409638835014
2.4014942574198086,1,urban,8.103389307173291,5,ndrf,11.7843531313085
7.989787093710378,1,urban,1.2680226091725455,16,fire,26.036597339984237
7.288043044691508,3,urban,1.625634133619498,10,police,44.07293263988889
29.568254583962553,2,highway,5.440478108732032,6,drone,32.97358060502957
21.329908180586425,1,urban,1.0237955048288139,11,ndrf,70.49219674075614
18.724685123462347,1,highway,9.643380052000838,2,drone,27.972680833442876
0.6470564761869505,0,urban,6.38023405115427,12,ambulance,5.725488496734577
5.937145061650792,2,highway,0.6617403673047473,17,ndrf,11.772404416752655
19.248468142705807,2,urban,4.434857303624891,14,ndrf,91.17809174897067
11.70172013120914,0,urban,2.2196847868461833,0,drone,7.3873862654334825
27.766271318532294,1,rural,4.904507360035067,14,drone,29.547524350660353
23.05936446468186,2,urban,2.4702549975174968,0,ambulance,75.07990820604697
13.69783014772154,0,highway,8.31796154307461,8,police,22.730558651284674
22.61069183737898,3,highway,7.2109920964173355,15,drone,28.629597487703823
29.274427552873536,3,rural,9.065781517809924,21,drone,42.97472076618061
14.098934328693383,2,rural,1.9795761473971718,23,ambulance,29.871901800471292
19.454513692711735,0,highway,3.853922373495161,12,police,21.27348343194636
27.600606144308205,2,rural,8.054665470172859,5,fire,89.76911682097258
7.835902530067112,3,urban,3.7384660065544706,19,ndrf,64.81673958520264
26.65345845315521,0,highway,3.790883831214656,8,police,32.96770991295015
3.3775688498029885,3,urban,9.860384433898894,13,fire,25.404769372299985
19.629221032335572,3,rural,7.708631869101126,4,police,73.6992475593871
23.593725574145637,0,highway,8.608175117308633,8,drone,32.58158624712382
18.63088346794657,0,rural,4.0697283611196235,11,fire,34.78370657108619
15.118276722500019,2,highway,5.859185229699635,17,fire,36.22740957397356
18.711739447807737,3,rural,4.505535705517288,21,ambulance,58.80298054226084
4.974079408993615,3,highway,4.502935799095706,4,ambulance,12.230040984516393
6.859335954741441,2,highway,1.2769913568677127,13,ambulance,9.227609030451458
8.462030646712087,2,highway,8.421328514023074,23,ambulance,12.766494636512432
18.134490548586125,2,rural,3.9054243367208974,0,police,40.778100843020056
13.53608167547958,2,urban,5.818243939645827,13,police,53.70355865967045
7.712037353332266,3,rural,8.570718461246233,18,ndrf,51.93706127578923
26.542875298265113,0,highway,7.734772530167997,2,ndrf,38.39211681529396
11.530694288650091,0,rural,1.982379770395527,16,ambulance,17.04340786949076
13.65793571728179,0,rural,6.18511365606847,10,ndrf,38.44283789066368
12.58618175819534,3,urban,4.95731089271548,14,police,70.82545765460664
5.867317180664203,2,rural,2.601521515954949,17,ambulance,17.02008552801889
22.082996955191884,0,highway,0.4085790351009644,3,ndrf,22.885894699487654
13.729518736931311,0,highway,6.297913080226606,1,ndrf,17.8920612633707
0.9795847418351942,1,highway,7.798549148714806,7,police,1.5762435870731653
28.93840421961401,0,highway,9.417184117032203,6,ambulance,32.56106446653382
24.565026542064704,2,rural,3.549837587494596,6,ambulance,52.182715653994336
21.845000945708197,1,urban,3.992171515354955,22,ndrf,82.89964195894504
26.138210180296603,1,urban,1.6300563042489447,16,ambulance,65.30756881937778
27.250813981363734,0,rural,9.84616023332894,8,fire,79.13133718140915
10.45594633834094,2,rural,8.495869963066426,14,ndrf,39.35438319219842
18.523281013292607,3,urban,9.576037289729427,3,police,123.602463365076
18.45983037156503,2,urban,4.953471381254463,4,drone,21.69264900456399
8.385340229912611,3,highway,2.097813841874255,2,fire,22.188535855496404
7.047591417688483,3,rural,5.731845537302535,10,drone,8.491512296797367
3.8602640171611515,3,rural,3.7209191580887624,14,fire,19.43456241959052
19.949768779535358,2,urban,3.478644308104034,12,ambulance,68.79113736587915
23.537110235408008,0,urban,0.8236428402309692,13,ndrf,63.16665650228842
22.948112895751613,1,rural,0.7314921470201208,3,ndrf,46.83678794210128
9.830123626956743,1,urban,3.7879855298551024,15,drone,9.553702317154052
6.555165588723466,2,urban,9.261985439813103,13,ambulance,29.60921015305492
13.881618264411347,3,rural,7.230237104792231,22,police,52.83387976215768
16.630997077095063,2,urban,7.605585801759554,5,ndrf,89.42278453062004
27.613070275072396,1,rural,2.342906764552779,1,police,46.96608863966503
26.307283051084596,3,highway,7.3452961108271,10,fire,94.20422567774547
27.523720773403916,2,urban,4.063191263909474,4,fire,116.12693300194542
25.582740361511398,3,urban,0.5939061047320326,4,ambulance,107.7855196996093
28.95514553087118,2,highway,3.948135675183053,5,ndrf,54.74502085538209
14.232249916487195,2,rural,1.3125378743236893,16,ndrf,38.12019526836203
1.900468174276284,1,urban,8.536994629314485,10,police,10.223806536268267
2.965079948380108,1,rural,8.402940644749076,20,ambulance,9.268469896353883
12.013146182284123,1,highway,2.8746892829992543,2,ndrf,17.1306586188826
8.10176919255342,1,urban,6.119223027755851,22,drone,8.77244853193958
5.513247445151486,2,urban,3.6375971835726064,9,ndrf,31.191712262905284
28.619511348005133,1,urban,1.5422617434361496,12,ambulance,72.27983277373882
6.264877858113363,0,highway,6.494073114086197,19,police,11.157888908417018
28.801688533299316,0,highway,7.6010664331092235,11,police,35.13831088458262
22.944745789475608,3,urban,7.747227410657532,3,drone,32.83572187105088
19.40789732769409,1,highway,1.4922058589316578,5,police,21.182824216888587
20.44255932263666,2,rural,5.125785184951383,21,ambulance,45.36903695596554
10.278492547944158,3,urban,0.23899357199450355,1,ndrf,57.375120718553475
19.569597622719325,0,rural,0.9016949762849769,21,ndrf,32.05078768344179
6.007417489297326,3,highway,0.810511530853878,16,fire,14.313491670951167
28.162310259811395,2,rural,0.5719079355050116,12,police,53.49080744292987
9.40290352883751,2,urban,3.337693490578346,7,ambulance,30.904697619922306
8.028002112659493,1,highway,3.5767960085317085,20,ambulance,10.217056555132425
21.479302546727645,2,rural,6.978703420702283,0,fire,66.70994011026148
19.865237182952367,0,highway,3.298797213637524,17,ambulance,22.38469190962064
13.813318091127506,1,highway,1.4039580417774822,5,fire,18.69760681541762
19.157163923378196,3,urban,9.468756309901693,8,ndrf,210.59130267895566
5.205045616945256,1,rural,8.75476403985699,1,fire,12.554582799887216
20.363185068357673,2,highway,1.2422575540377634,13,ambulance,28.040238895761394
8.48301550825822,3,urban,3.627786999691487,3,ndrf,57.00689998945945
8.54866131195549,2,highway,1.680846509849716,2,drone,9.86622159455118
5.284308080841645,1,highway,9.591114274329676,7,police,11.14930257179412
10.305125483566856,3,rural,3.5597759210456124,11,fire,38.91759374637525
10.27190627918418,3,highway,0.9811742691793435,22,drone,9.144166596407612
13.898280845216943,2,urban,7.268439883298804,19,fire,85.44391515221088
6.11737538765731,0,urban,7.117175161853958,9,ambulance,20.677460510409546
6.193722316683607,1,highway,2.4103445572369164,14,ndrf,10.362436461047784
16.481287864065237,1,rural,3.2146185092012383,18,ndrf,48.000289492873264
4.301883437779017,0,urban,4.1501889749172625,9,fire,18.213278360916533
20.822461735670636,1,urban,2.6770000177164768,18,fire,88.04147450130495
28.346440212946597,0,rural,2.8888770817625007,15,ambulance,37.90895696553447
13.090470839099158,2,urban,8.015903920186568,16,police,59.25828926286917
27.082606737944964,1,rural,7.5185060522661376,23,police,57.73738631503785
3.4003394382130008,2,highway,6.926292119704865,9,fire,8.286924981028568
1.7672500075815147,1,highway,6.867735568448488,1,police,4.0261020253412845
21.78038188665828,2,highway,5.2188193066387365,12,ndrf,43.515008863046184
22.950136402954147,2,urban,3.50921277961059,7,police,80.6094708460079
25.370218108489663,0,rural,7.205449454774035,1,ndrf,53.656491933104924
2.176121512799452,1,rural,1.1636773753496898,3,police,3.8041726335332786
23.4187581212265,2,urban,1.4107050520669207,12,police,76.38342079459049
11.607892617499163,2,highway,1.2626520794575957,22,ndrf,19.54405821562881
9.448460164124858,0,urban,7.327180517503235,8,ambulance,34.20216117192703
5.604205679627259,3,urban,5.915408843637119,13,drone,3.1896718347540682
29.882464775524546,0,urban,4.501603793688476,4,ndrf,91.5900102274165
2.378075884906477,3,rural,4.762313414288018,3,fire,11.983260780467589
24.896736430935984,2,urban,8.275593271711472,18,fire,161.57022245869445
19.365085846970562,1,rural,1.216797789663413,14,ndrf,40.34460195439053
22.18487310572508,0,urban,3.8324428034558053,4,ambulance,49.22904269616291
21.495655037692995,3,highway,7.6016620550067255,12,ambulance,50.39400296130234
25.823817309658885,2,highway,6.578393705710703,13,ndrf,55.04049786173745
5.921866060755195,3,rural,4.351467214778807,1,police,22.025545523482798
0.5243261966232187,3,urban,2.2434120963101267,7,ambulance,3.4561578696960016
18.15659042677635,0,highway,9.464412133049587,20,fire,25.038559176261405
10.938829860038352,2,highway,4.079193628565091,8,ndrf,27.62813551667032
4.151726267955562,1,highway,8.778350039035832,17,police,8.451485121628693
5.991093246075046,3,rural,7.778304800332757,14,police,23.793401683442923
10.286604717547075,0,highway,8.615300330102997,0,ambulance,13.312155139130496
2.5718844411577453,0,highway,0.16921994238677573,22,ndrf,3.956341384146998
2.1789394627893004,2,urban,4.773914279799932,23,ambulance,9.959491705560295
27.522774517557103,2,urban,2.594338268176389,16,fire,114.2432956090229
9.707031105934037,2,highway,2.7402135522523396,3,fire,18.41830386228937
29.475805575470755,1,highway,2.698403223244006,20,police,35.52137068830852
28.948826745746796,1,rural,3.8931367184596564,0,fire,62.002224981617346
4.705852828649857,3,highway,4.107046161531684,12,drone,5.353225487653369
21.590266935437633,3,rural,6.340402481482471,10,fire,117.3599776926787
18.223744229248542,3,urban,3.003645523480759,16,ambulance,87.04154658562919
20.87408865660203,1,highway,2.7277714612584045,3,police,25.629987589992254
3.337634500427006,3,highway,3.6060820265249927,21,ambulance,8.415731367345543
6.062522319719462,1,rural,6.865144929354994,13,fire,14.141350674275579
2.7608405128010043,3,urban,0.001711756244947571,6,police,11.97153538848183
18.3219590539036,3,rural,7.4692795722673075,7,ndrf,89.1656371869178
29.604436737548188,0,rural,3.389687519924398,16,ndrf,53.000054173965886
20.323543860909272,3,highway,5.762397732508458,4,fire,55.7377486426981
21.467465283146925,2,highway,7.615222922385597,7,drone,30.241984154101903
29.545258725526793,3,rural,5.108351676332793,23,ambulance,94.36547502807835
20.501340848067986,2,highway,6.4715124853097405,21,fire,41.80757305531415
1.6853563925398747,0,rural,9.199407301330876,7,fire,5.990871338350651
26.07666522526963,3,highway,0.29866272394770244,13,ambulance,45.68629898613438
11.25800956617449,0,rural,3.4952883617399033,9,police,22.411944046715846
0.6287268346841033,3,rural,9.268541592993467,4,ambulance,3.151453268678065
15.463408238044206,0,urban,8.374298297042314,7,ndrf,55.70903687533424
28.141942525849778,3,rural,6.168279813515756,2,drone,30.58745142031058
8.091255272252004,1,rural,2.2930295139803327,20,ndrf,17.729223645333164
14.999638605058777,0,rural,3.3053303792794875,5,ndrf,31.8159972367029
5.626418189580527,0,rural,8.579563762666258,4,fire,11.41359078451551
2.201933814159983,1,urban,6.98271457281969,15,ndrf,9.194407360888322
2.876075928036839,3,highway,2.856502296610026,3,police,6.427524017757376
21.946821725859984,3,rural,1.3224550180524286,22,police,63.99494245906093
25.990196886893397,2,highway,7.807703341042288,21,police,46.07088469135287
4.727315757948487,2,urban,5.762246797205512,9,ambulance,22.845559468041667
9.005397750408827,1,urban,9.634381899080239,4,drone,14.10263873583597
6.253369295522406,3,urban,4.064911771303944,3,drone,5.504591077062189
1.292245419329624,1,urban,3.49026963756198,20,ndrf,5.8129083361847735
16.826225411666016,3,urban,2.907561429598794,10,police,107.80145337860333
21.147704019060605,1,highway,4.818801371926721,13,ambulance,24.920148554794547
19.61238568610958,1,rural,3.2272964247161804,2,ndrf,47.2663298247199
11.947579645416305,1,highway,0.7319059978704145,19,drone,10.378850437797357
16.872802255227207,2,urban,3.121290578928153,12,ambulance,55.98679064293236
3.275929545768628,2,rural,2.188859333030625,1,fire,6.164744316908812
5.051959702319191,3,urban,8.153849962785587,1,drone,7.683316410108429
27.98794127681301,0,rural,2.3559253312526796,23,drone,22.91739705190378
22.964478560686956,0,urban,4.588715710189368,1,police,57.110025081503444
27.720803326842436,3,highway,6.7273824236247926,7,fire,77.28209376948851
27.542068392731334,3,rural,1.4922687273244606,0,fire,96.78733503190752
19.65708220467835,0,highway,5.312824844359571,1,police,20.212827094871262
27.883040119308873,3,rural,8.47186951638599,19,fire,165.69549368778746
12.792771040932664,1,highway,5.840807517660912,18,police,22.96656067523837
0.6066792211557577,3,rural,4.823864389691986,7,ambulance,2.4862951859450075
2.3458479174617013,3,highway,8.388788947055122,4,ambulance,8.415482185395309
3.729876108174049,2,rural,9.472519273788725,5,ambulance,12.799185574399754
3.312926868894378,0,urban,8.209853994034503,8,ndrf,16.822617957054742
10.875220530082771,3,highway,4.084094486007546,18,drone,13.800482426069252
21.18748880972605,0,highway,6.116930886692934,14,ambulance,22.867194019700385
23.8241397947146,1,highway,5.266416950300847,10,drone,23.86070103851882
17.91129159316643,2,rural,3.0330862268411773,1,ambulance,39.22625386550425
4.8198671494308964,0,urban,4.353201289591915,2,ambulance,11.608302418651322
22.56309726337117,1,highway,8.292667794441382,4,fire,39.31594373997585
10.966656614559168,3,highway,3.0047984286702967,5,fire,27.817094917361686
0.8833037858179893,0,highway,8.895570571156131,11,drone,1.0
8.777364305716105,1,highway,9.914293192081454,20,ambulance,15.125086766948899
10.252716347158847,0,rural,3.0676729573548975,10,drone,9.855697344242841
8.590243288934035,2,urban,1.2273805462617138,7,drone,7.132338035366602
24.450169519033775,0,urban,9.571743488553464,13,police,74.31865063940226
22.917828729025665,1,highway,1.7106515967605973,1,ndrf,33.16163796602925
21.018784897172925,2,urban,7.714638089361773,17,police,113.29984491445798
4.600649816111826,0,urban,0.39113478648201805,1,drone,5.923855814889171
24.331100336335318,0,highway,2.3556509847015414,8,fire,31.394439704002963
20.47669086906805,3,urban,2.601553110299646,22,drone,19.774363148431004
6.24771175120106,3,urban,2.972350320532952,9,police,42.57633167252995
19.618770943304735,0,rural,9.193037603731687,17,drone,30.667968270135873
14.76359340960859,3,urban,1.7530970920991185,6,drone,13.721737818554086
13.46082682475864,1,highway,1.7363896408860913,20,drone,11.982284730940863
3.8076333224354704,0,rural,6.916749367101237,8,ndrf,11.278259289855928
15.789976137432378,3,urban,9.523171069997971,5,police,104.59392816573526
3.4479883646847274,1,urban,3.892843584315542,1,ndrf,13.244133110883016
5.345474924000865,1,rural,7.731286561517726,7,fire,13.510462709790378
4.4101162711055,0,rural,0.3103589250559047,13,fire,6.773688666950292
28.646194232565225,3,highway,8.240637188070686,1,ndrf,94.91799436528137
8.903508368094757,1,urban,7.233969011224191,4,ndrf,36.073971361880425
10.978527546082228,2,highway,8.966156518554625,8,fire,33.089162997306715
10.001377885733064,0,rural,6.374542835383026,17,drone,10.389590220839317
26.99838813275524,3,highway,9.413366441604655,14,ndrf,90.69453095995736
17.107494384379212,3,rural,3.8985740949474366,1,drone,15.94201760663958
27.615217018532697,2,highway,7.3253144472074965,0,police,45.677991503916424
9.347784721922919,1,urban,7.255642082109405,1,police,33.7018887135624
3.887622895742494,2,highway,2.6860786068493505,7,ndrf,9.539618014855595
16.90844435536315,1,rural,9.205795390951387,6,ambulance,36.923171556468006
10.693341257805516,3,urban,7.791767912046089,2,fire,82.16369084489551
24.156251587977074,2,urban,8.663517835245635,10,drone,34.56838082080066
26.44299056289393,0,urban,3.625910007984671,14,ndrf,78.44249382645027
14.440918571758617,3,highway,8.412547834955745,16,police,37.06905784607888
29.155091210522496,0,urban,3.1497646062973415,23,ambulance,61.850223429649176
16.813883687159972,1,rural,9.644010500004486,16,ambulance,37.08720683289824
8.492151604896218,1,urban,0.2394713636581347,23,police,23.999453524354898
14.9247777026561,0,highway,6.191875473523993,23,ambulance,17.05849639285525
1.6006536258863644,3,rural,1.1223951134664445,20,ambulance,8.22860387373711
24.218034227760494,3,urban,7.187331733278222,8,police,183.83641839967547
3.492334000205418,0,highway,3.6368830367403806,1,drone,4.79909857761278
9.608080410838646,1,highway,8.706405934280971,1,drone,14.57034054710644
17.17683813664583,1,highway,8.727025109053594,20,police,26.587366914666934
1.7677662065835167,2,highway,3.680898735038748,20,drone,1.0
2.839848525852723,2,rural,8.099817769615278,7,ndrf,10.006825536813293
21.035432549583877,2,highway,6.811368771594715,17,drone,26.82818059639237
2.617424245292678,0,highway,4.265669286537124,10,fire,6.984348872929589
14.573944554297606,2,highway,3.4323644395380235,1,police,21.29696021416736
10.491521185912136,0,highway,2.103049314692208,15,drone,10.793046641425436
7.228342534714286,0,highway,0.6320845285650911,2,drone,8.270457125735092
6.06897748697813,3,urban,5.173593686025637,3,drone,6.506674621457879
23.020633165111093,0,highway,5.400405370755102,11,ambulance,20.999038861496587
28.570494697933334,0,rural,4.440186584603416,1,ndrf,53.0920761166137
4.635302394998286,1,urban,9.505971797134382,8,ambulance,21.222383903353773
28.810595965636747,2,highway,0.13690117263167267,18,fire,54.52901621282978
18.04549385251556,2,urban,8.503049599765884,14,ambulance,75.59540254256228
19.428981958216085,0,highway,8.00821447033077,1,ndrf,29.198602228885754
21.442828155206165,3,rural,7.58752394254019,5,ndrf,103.36502979681154
21.271507265460137,1,urban,5.249153123806439,23,ambulance,62.235092218671774
24.684427691477804,2,rural,1.9035537820796056,23,drone,21.18361324285085
14.762325214757075,0,urban,8.628793687734381,22,drone,23.168528432853645
16.234078331683683,3,highway,7.445946545633016,12,drone,22.6002491387246
10.052896572670768,1,highway,8.328212143804857,10,police,20.906370977297147
3.605099016601953,3,urban,2.3578757327313635,18,drone,2.780279503511525
20.10688563232346,1,rural,5.543749931039361,22,drone,22.57941910008494
1.491494090994402,2,urban,4.1595923895506,3,police,8.412816478902652
8.631234006959364,2,rural,6.396714352382277,21,fire,26.49628519443854
3.2797810011599577,0,urban,7.526076935359698,14,ndrf,12.176496320733381
6.1264511410201825,0,highway,1.7371536844498714,3,ambulance,5.75301068129029
19.342561930472733,1,urban,1.740382321149514,20,fire,59.47009190503103
19.040060591045087,0,highway,0.43606875938773215,0,ambulance,14.669895573199184
12.921119933373506,2,rural,1.5718503833113262,0,ndrf,39.30307256101434
3.160073306439989,0,highway,2.401732296296688,8,ambulance,2.3683105322104114
13.284530535552546,2,urban,0.7251857909945669,12,ndrf,53.39433296347616
10.905973719819656,0,urban,3.5569095490512,10,police,34.58088776840574
21.753545009250516,0,urban,6.751662952455647,5,police,57.49519525085674
17.581284941872024,1,urban,7.930731277441504,15,ndrf,76.29259376655945
15.001190136441469,2,rural,3.4581626285830023,11,ambulance,33.03540280973297
14.865971427997358,1,rural,0.8382489796229442,2,drone,14.461568923363842
29.005758174182358,1,highway,7.593723261584083,19,fire,59.135868933015985
22.81067954025179,1,rural,3.9118368836963113,7,drone,24.56871912988869
15.16089703357377,1,rural,2.5142759505407275,16,drone,11.826578267103374
14.63706708022484,1,rural,4.706909754473476,8,police,34.916195146079254
1.2811334884964216,3,rural,9.698642760741,18,police,9.56401596071691
28.304023267934298,2,rural,3.7263983664795264,6,drone,31.287944838517753
9.915632167136225,1,highway,9.59453074386708,5,police,15.0010771254839
8.050202915481941,2,rural,2.531691596797929,1,fire,19.982100077621872
29.982563298936306,2,rural,1.0554476001890012,19,drone,26.33447561155292
21.70134530938347,3,highway,1.571788030023924,17,police,54.00554421210069
1.8972313123289954,2,rural,7.737817398421739,14,fire,6.723649364357335
2.325621572254505,0,rural,5.376131164488934,14,ambulance,3.496297229310208
1.2522961368258372,2,urban,5.819222503830605,1,fire,6.864337427420146
18.188757535629637,3,rural,9.67708396852188,9,fire,116.3474953870133
2.6111527518275786,0,highway,5.048373705189647,20,ndrf,4.698392487608941
28.034956526925452,0,rural,1.1702088894450602,6,police,39.84591642656695
28.138742930669,2,rural,7.18515234359992,1,fire,85.61430136980289
16.608594969068353,3,highway,2.07851364069643,20,drone,16.23013023118789
18.69084847618055,1,urban,5.815380148024186,0,police,59.200893881977876
9.11088484499487,2,urban,8.54378765461995,16,police,41.0696715470922
2.387190001044063,2,highway,4.77081075432598,20,ndrf,7.695494211788894
22.255083133158557,2,rural,3.142851009015948,17,fire,71.65366328647602
3.5026866680960147,0,urban,5.755465872070433,0,police,9.87254268488574
3.0239504100425973,1,highway,1.2695129128211402,21,ndrf,5.270814308786397
9.681081721524603,3,urban,3.075640562777587,2,fire,58.726254069782364
0.8677369652175208,3,highway,5.041427868603767,20,police,4.8045382507849075
13.304050664811323,3,highway,2.541511636212391,0,ambulance,24.964448644761635
21.376586847362262,0,rural,0.39258121522329437,11,ndrf,34.56491603887105
24.1397934769472,1,rural,5.8514097942185845,21,drone,27.916460730159375
18.327065462068177,0,highway,4.012473648112821,6,ndrf,21.19406320020952
25.48278899186042,1,highway,3.9061025943482974,1,police,32.0815837248601
12.491815011129754,3,rural,9.96812795897975,2,drone,20.087656927521547
25.538776509284062,1,urban,1.1178403188695996,8,drone,20.386244931364303
15.440962659702189,0,highway,1.541756378062098,8,police,16.823363730093025
7.079565775949711,2,rural,8.762618174844567,5,ndrf,27.11230782724964
28.352296576483745,3,highway,1.3026165905404785,10,drone,25.191156037351817
8.611640778194937,2,highway,9.176228320811173,8,fire,24.159427867743727
1.2729437835398967,3,urban,6.719608612842088,14,ndrf,11.153471152384881
7.658884267173295,2,rural,5.28162904923863,6,fire,21.255479074921872
11.317283057094118,2,urban,2.784006815294713,7,ambulance,37.55818418086998
10.86481565703329,3,urban,3.594734820713387,21,police,59.012778344458866
15.977691528585364,1,highway,8.2595456991343,18,police,33.08380482688137
26.55224302005974,1,urban,0.5750454825193074,18,ndrf,108.48871154480109
9.123977699736125,2,rural,7.685486070062541,9,ambulance,31.19046191257178
15.862732934795481,2,urban,8.278206853570747,21,police,70.76192228546694
10.534099133810141,1,highway,7.059669088836537,8,ndrf,21.477113512820566
24.742305251509414,1,rural,0.5450466474017679,17,ndrf,62.13614488412505
5.149244642010112,0,highway,7.426549203646741,18,drone,3.579068340727802
3.5535529151467258,2,rural,7.23163899106161,7,ndrf,14.155439037807453
15.338359970509252,0,rural,0.1309387603292167,14,police,23.941504545308383
20.32068378008201,1,highway,8.922833652878921,4,fire,37.171766756741505
23.96799343217761,1,highway,1.3219582532671925,9,drone,21.09823202611503
17.893933160706833,3,urban,9.60782172022048,12,drone,27.90512293562399
23.32856795891052,1,rural,0.7077058109418988,15,ambulance,35.29412056471173
12.084946727547251,0,urban,2.380494288559516,8,police,37.12467606990999
1.4695962728608347,2,highway,6.902421913196527,17,ndrf,6.177535772256482
3.924929583095918,0,rural,1.3724131447688948,15,ndrf,8.561101063309005
1.6423167362553872,1,highway,1.8496755698090106,20,drone,1.0
10.203837689056533,1,rural,0.11171643657057806,0,fire,21.00676162650357
15.11699456742613,0,rural,8.26480075803284,12,drone,20.88582938645839
11.011365767879711,3,urban,0.3761730072921454,17,fire,76.64039294297677
17.03768451445857,1,highway,6.325730157274954,10,ambulance,28.998803868315342
14.677969880537237,2,rural,5.823073282289144,7,ndrf,44.036860864508284
20.499312654986237,3,rural,5.112402605537932,13,drone,22.0876093105428
20.175383825120484,1,urban,3.7515772483462486,11,fire,67.30902078734998
9.882892339706045,3,highway,2.9956256445540976,10,ambulance,24.651049759383117
10.7133264331522,1,highway,9.569475247611086,23,drone,15.25847171355936
17.76186073841845,3,highway,7.853582753981895,10,ambulance,52.923175663428204
18.094757802779835,1,urban,9.227325986658983,5,ndrf,82.51916406980153
9.783647452295426,0,urban,7.338979527594727,0,ambulance,27.769091677432655
10.244377630375043,3,urban,8.290089211880176,2,ndrf,83.41661814192312
20.97432788899134,3,urban,9.64175421868942,12,ambulance,133.54914989201853
19.59861927484405,3,urban,4.536445566132734,5,fire,119.69820058157975
4.483998738053353,0,highway,9.068962734212146,2,police,10.136861184549236
13.510735450424106,3,urban,0.4307416268999342,8,drone,10.933705262381372
26.834829321962413,1,rural,1.0787213524592076,5,ndrf,57.965082010707256
1.571017445082019,3,rural,4.903743351453543,12,drone,3.288765105121125
25.727336421284303,3,rural,4.539732505280023,1,police,85.56851429746204
5.313755633392237,0,rural,4.382130800392191,23,fire,14.161031409898293
15.46383465762062,1,highway,5.371916517753879,21,police,21.28364095604766
13.017924653228839,1,highway,5.3837279283898445,20,police,17.18248511535039
0.7988154515730352,1,urban,8.705647383026276,4,police,4.193243790360443
27.504209644144144,2,urban,3.4591281267867235,17,drone,28.65277696256303
13.920294206362016,1,rural,3.162409556935577,0,drone,12.923060355922734
28.65091416443814,2,rural,7.018952392952498,17,ambulance,88.28942760766205
8.958945078886927,2,rural,6.48476937660066,19,ndrf,36.96130370887458
26.055135315771185,0,highway,8.29846984023332,6,fire,35.078146262361464
27.7104924328711,0,rural,3.0927812694474066,11,police,39.32149910993602
16.92655628293803,2,rural,0.06394216253686746,22,drone,16.743361786712594
6.478994742097666,0,rural,9.440636840859176,4,drone,11.82861517519532
20.71479924711874,0,urban,0.4422539373850798,12,police,44.099981824837215
16.694852962619073,2,highway,6.8001294336046625,7,ambulance,26.301795606000635
28.363625142652463,1,highway,3.2183199178577793,3,drone,26.715406195574726
13.45852582340951,0,rural,4.235330553909131,16,drone,13.609496696769911
8.421152605374749,1,rural,8.380327774092649,22,fire,25.74450700234945
4.57946654407616,2,rural,4.195794877385256,13,ambulance,12.01092544998643
21.109690276257044,3,urban,1.4437152810335563,12,police,101.1509871138166
29.236233759927178,3,urban,7.544350849353898,12,drone,38.355381678247554
1.336141231856255,2,highway,0.20211517060039652,3,police,2.3145992088120693
22.34313796595474,3,urban,2.747329884338953,4,ambulance,104.51467749434273
27.844445695510167,2,highway,5.3807361189160785,17,police,54.08674877273505
2.7060552597068055,1,rural,4.377636955146402,14,police,8.604340024167284
3.750016330630928,3,rural,6.202283390131521,5,drone,3.7256308137308554
20.912734404266406,1,highway,3.8134769271380953,0,drone,20.313912894185396
19.614919588925755,3,rural,3.905847122961462,4,ndrf,82.42145349116757
2.530408751829248,3,rural,3.4865726010413156,12,police,8.859556339692105
25.115471188459114,1,urban,8.872704689328854,6,drone,36.28509339772437
15.941003511424325,2,urban,0.17296511094167966,17,fire,71.72356267982914
27.26232251343007,3,highway,9.396419673418006,13,fire,85.6192208203514
26.400730989284778,3,rural,3.582216752017274,3,drone,27.120349175370677
24.46897918697989,0,highway,3.648827556903073,7,drone,23.503859470109084
15.719017439210429,3,rural,7.25892848049817,0,drone,21.07856837970672
7.925463931608252,2,urban,3.882767387258607,0,ndrf,37.548726751642356
15.42627736537841,0,rural,6.1664482210122715,18,drone,19.973911476793596
3.473935645152512,0,urban,9.036306790861412,9,ambulance,13.035284482794236
19.93596137996607,2,rural,8.461980475259693,21,ndrf,69.99348636937215
4.452327967255725,1,urban,5.15366677609178,5,police,12.939571051086594
15.579602393771331,0,urban,7.166521279125396,7,police,43.12333234348874
2.104268237921125,2,urban,3.9243474510539214,12,fire,10.108637787712498
9.335618463102053,2,rural,7.76044156830853,6,police,27.783730863701077
7.346373589758741,0,urban,1.7018343674961434,11,fire,19.25777941400982
18.79093050999428,1,urban,0.4563178143557589,2,ndrf,60.07289323746268
23.710208004664008,1,urban,5.407326759187577,1,drone,25.48406539812402
2.190437158945521,3,urban,2.1533868480646747,20,ambulance,11.850204476427695
25.583368712083836,2,urban,7.287259428631626,5,drone,35.681486300215624
25.89264700116083,0,urban,1.0132350869529805,2,ndrf,64.42900085364909
10.596937691496672,2,highway,0.0849513816858416,6,ambulance,14.11579385674851
19.940619946124503,3,rural,6.757033497418591,10,police,95.62345891355554
12.377084435251762,0,urban,5.007994379181666,11,ambulance,29.19267971664027
5.04863102459413,3,rural,9.520154068301835,18,drone,8.998442011933376
16.095541347611757,0,urban,2.4748560786359572,19,fire,56.38776173217914
3.047610397797101,2,urban,1.2325611750061172,7,ambulance,10.716203474106655
26.41492858418164,1,urban,0.23106181818359217,5,drone,20.90008019413087
27.76654790258345,2,rural,4.442473489453878,2,police,65.85089256678832
24.737587541836405,3,highway,1.0081688539591105,3,ndrf,60.205024428593056
17.09457956230137,3,urban,7.7564343832960505,0,drone,22.74579393076195
16.94915843820092,3,highway,0.7198579438560071,0,police,33.58218060874538
29.54591760972743,3,rural,9.207548104503314,10,ndrf,198.26776505856614
7.813099850019895,1,urban,5.408539232420617,14,police,25.239914984983088
2.740476794203621,1,rural,6.963719489435082,19,ambulance,9.02692258567571
17.077257246234744,2,highway,1.3091710580477467,7,drone,15.902428057728402
10.199175135398047,0,highway,0.8950532578464809,6,drone,8.34879780197855
10.008993797837306,2,urban,3.536837765172094,16,fire,44.71498997719783
0.7090179480134673,2,highway,5.204345392711409,15,ndrf,1.7985882724700142
18.089062581664024,3,urban,5.755019513296279,16,ambulance,95.59896705036589
8.288994217130615,0,highway,3.297884582896952,4,fire,11.881635012760839
6.04182717168409,0,highway,2.7266229518433827,1,ndrf,7.150723255099647
1.6927419760936098,0,highway,9.814105423244996,13,fire,5.709238307690264
11.248666506030533,2,urban,2.7266191994398827,10,drone,11.204864117745714
26.429581735400493,2,rural,1.379249082845807,6,ambulance,53.52203806762582
10.431788824122483,2,urban,3.5945966438667187,23,ndrf,49.201412929495376
20.532689198528015,0,highway,3.0387131438099657,3,ndrf,24.925251787313375
22.818135420356267,1,highway,4.217352010057991,6,drone,23.979784550174788
10.178973871110887,1,rural,6.237137363728421,17,drone,12.734838560846853
24.73840168285522,0,rural,6.031479332493061,12,drone,31.871091708320748
20.910449960174997,3,urban,6.982898854151857,5,ndrf,157.16356878865759
16.99764574667807,0,urban,1.56685070614082,12,fire,43.68092253210678
0.529277689493553,2,urban,0.45944363993978166,10,police,3.811958511520762
1.5351775947228399,1,rural,7.9080979972845356,6,ndrf,6.343940076115874
29.73054240112887,3,rural,2.1715263960762,16,drone,25.4799337233102
23.577375743355002,2,highway,3.1566500388967125,18,drone,22.322705468384292
28.158175133801937,1,urban,4.556797144091382,1,ndrf,103.47794395020975
27.117944545081812,2,rural,7.163063683439717,0,ambulance,65.23323135402212
1.1030680027111497,0,urban,1.6358443006600298,21,police,5.527696312875813
23.85949504883668,0,rural,9.024022649842793,5,ndrf,56.744011307212745
13.80879944832906,1,rural,3.2152733419153634,2,ndrf,30.652526762856247
23.791967018019342,3,highway,9.826626928390676,14,fire,76.85631765055581
0.6981156328198617,3,urban,2.8541256298862483,7,police,5.050643296059926
9.001879385416645,1,urban,7.2565301575158045,22,drone,11.88130313718743
22.664051385843415,1,highway,3.766691120021691,23,drone,20.577661878734567
23.8941132637469,3,urban,8.365877358739194,0,fire,175.24508312498224
18.781580735831408,2,highway,4.624065924235985,4,fire,31.956544070841968
9.387057588664781,0,urban,8.705318859467905,14,fire,32.09578269473815
9.655696442991957,0,urban,7.539386251715092,8,ndrf,43.31083534352846
29.01953692743996,3,urban,5.860285958064008,0,ndrf,204.97262842170335
13.456759287409033,3,urban,2.499899296578106,11,ndrf,85.76329932471825
13.690203732193194,3,rural,2.598677190609102,14,police,46.07669444492906
16.793816132100634,0,rural,9.914220915336776,23,drone,28.379949245262537
12.580318937499468,3,rural,9.253879969665826,9,ambulance,62.61371521948966
16.80381115562372,0,highway,1.3841838975706489,18,police,20.283680844344413
13.253894971642957,3,rural,2.040645160791735,10,fire,60.83482567649273
24.88809012826451,3,rural,1.0681438624102724,16,police,72.01864295742332
27.317005084049377,1,rural,2.013377985187418,23,drone,26.78691799400644
27.99725266455317,0,rural,2.902375782189588,19,drone,29.71071951465901
17.146738071966904,2,rural,8.376269317752103,16,drone,21.897374682382086
13.543382445202612,0,rural,0.951822509928637,19,police,26.335317554739564
21.304581734359218,2,rural,8.821205660026244,4,ndrf,75.49065895448055
25.230545943229245,1,urban,9.7193013142695,19,police,120.22688599804322
17.107976140958126,1,urban,2.8174006841313934,23,ambulance,45.55277481297948
21.14944014375671,3,urban,4.562338457421009,23,fire,134.59256453060434
22.617015846276818,3,rural,5.293283736240339,6,ndrf,99.18863150967583
20.45361641315996,1,urban,2.0568933285733912,10,ambulance,66.82902577728764
22.51093989401463,1,urban,7.315763789367484,16,ndrf,96.30754663279073
6.655037310401952,3,rural,5.799987995889677,1,police,26.42509329575995
15.202049137143026,1,highway,1.1217735500947823,16,police,18.08155357330542
17.853922360850074,0,rural,8.959823126310173,6,ndrf,44.3271492627964
0.5730989602821809,3,urban,3.021926920893141,20,fire,4.420366694732949
25.750894010003616,3,rural,1.562473167713777,14,fire,87.12964118199663
18.495722999124908,1,highway,9.818544016404033,9,ambulance,37.57590584914178
4.3095217850969965,0,highway,1.0290899701169731,1,ambulance,3.7755535601663492
24.5825336409869,0,rural,0.5969668463837041,16,ambulance,30.3089332390679
21.653180509996066,2,rural,2.3755300683015443,12,ambulance,43.62848293765244
22.869836532177292,1,urban,3.1926491739684937,15,ndrf,80.40032834891912
12.065252624924758,2,urban,4.338026661507016,0,fire,51.88446351014647
25.698973947502267,3,urban,6.851702180545111,10,fire,227.02760266798538
12.713813672904687,0,urban,3.6571338422990376,18,ndrf,49.8349895326762
17.330020011894945,3,highway,5.593336107029797,21,police,40.934314877611975
0.5189479591462749,0,urban,0.05811425630029565,8,ambulance,4.078049317995227
19.523756882996935,0,urban,3.8489968185219245,6,police,46.1435889753741
21.68618586777413,2,highway,9.449686754234813,16,ndrf,51.642479143425255
17.229726281919373,2,urban,7.7484670566501705,5,ndrf,95.37022588189308
15.148485102786672,3,rural,7.4080056911653465,21,drone,18.966323696725155
24.393125974495394,2,rural,3.0451597649602036,15,police,53.045876860157115
20.600495156374635,1,urban,4.881761731743593,22,drone,23.696252459946297
8.703184171740677,2,urban,8.445235022880091,4,police,39.68629747623007
28.792663473359582,3,highway,8.801556697595048,2,ndrf,94.48872273788159
21.364382228762555,2,urban,7.105430292911295,19,ambulance,105.76676195733829
29.644198402916526,1,urban,4.56541431069258,6,drone,32.916007953704785
29.152208829931617,3,highway,0.7316504524493062,8,ambulance,66.4100669655714
27.60783682289765,1,highway,1.1935330855215065,6,drone,24.34275537393257
22.783460466146575,1,urban,0.0029292182491280627,10,police,70.93515926302248
18.47816637066054,1,rural,3.5919976950293386,21,fire,39.71589010374929
5.579034578646264,1,urban,0.23383963499597038,16,police,15.291609954132863
16.528866814000853,0,rural,4.35021790726789,1,ambulance,23.23714221153351
23.078607410632657,2,rural,5.9754162321744175,21,police,56.52333254595752
15.86528618181425,2,rural,5.958801403782715,10,ambulance,48.88604791305679
26.113054287966904,1,rural,5.552975182009487,16,police,52.66304913710856
3.734849026155099,3,urban,2.261708608224071,8,ambulance,21.94552396975615
11.737740267434706,1,rural,5.191889016889812,2,ambulance,20.884945850920957
15.42595034851289,1,highway,9.798359304170464,10,ndrf,40.055919361036935
13.253596228138688,0,highway,4.44617787025745,8,ambulance,16.38494528442384
3.703303160735816,3,urban,8.744916863450264,0,fire,30.451933731695544
5.029084674316601,0,highway,3.814054411619432,18,ndrf,8.869399295621934
25.209710139236872,0,rural,6.230444378147061,20,police,42.668187598765584
14.789335646442805,3,rural,4.818389065795099,21,police,48.74435587301415
1.9373115892054655,2,highway,6.886224763616689,5,police,5.940615633533081
0.9864921398406725,0,rural,8.973778396089141,15,ndrf,1.107155993150518
14.467524358832634,1,highway,4.409007492065777,12,ndrf,24.42607110354664
5.349172414771089,2,highway,7.573994582596379,14,ambulance,10.295277886810688
21.301215406977043,0,rural,8.825396498687832,19,drone,31.661315297140867
23.962042144568663,3,rural,7.895445462099001,9,drone,32.529103981677196
7.234752899484615,2,rural,0.24555998875792517,6,police,13.301574850586439
17.96921987401253,0,urban,0.0018965351824429266,11,fire,45.906792687001946
5.056116982818887,2,urban,8.829596766482407,15,ndrf,30.882393404930184
9.455688222034418,0,highway,7.293134123517789,10,ndrf,19.54900457189381
26.719467078352285,2,rural,9.581320321704096,7,drone,40.33434678695169
16.550893698728167,1,rural,2.924823940349693,1,police,30.121495271872277
26.633716506753903,0,urban,7.879682527151248,13,police,73.0037595468951
7.144810223295456,2,rural,8.015220771176368,0,police,21.085559394163067
10.235718125835648,1,urban,8.57326489747688,11,fire,42.12923686810279
14.393088084476103,1,rural,6.9202791370149495,14,ndrf,45.84466277306532
14.662362218239014,3,urban,1.3830799241727165,11,ndrf,89.22841777505086
29.930615031919164,2,highway,6.809427395242603,12,ambulance,49.056247772060864
3.8761369096483373,1,urban,6.044836948377419,6,ambulance,12.7972641236506
25.63296855024693,0,urban,3.336720925154043,5,ambulance,56.67742013260428
25.97862016294517,2,highway,2.0861349173396517,20,fire,43.52740754075624
16.819359630364726,0,rural,8.85099944313532,21,ambulance,28.643953698315837
10.649096463645035,3,highway,1.4194649496018974,3,police,20.754472532170425
15.817170076504738,0,rural,4.221978966939574,4,drone,17.99845511559913
9.127797291793632,2,rural,6.22798522705721,8,ndrf,37.785599736093516
24.073669728978217,1,urban,9.717964314155138,16,drone,36.839835336649784
15.199235181954739,2,urban,6.709763524111558,1,ambulance,57.99813120800799
27.81234427688479,1,urban,3.048781989215237,18,ndrf,122.88468964096265
18.869394658503293,0,rural,0.6066193433265787,0,ndrf,29.30210270718604
15.67242032688316,3,highway,3.1770312284672544,20,police,30.55484918048629
21.476545942340742,3,urban,2.927865593136448,0,ndrf,136.12256337660835
15.366022450691911,0,urban,8.190794818137423,20,ambulance,43.146846376918404
27.18293733737369,0,highway,3.7658455451850203,22,ndrf,37.35120857652716
5.941155846161818,2,rural,0.9844833288382937,19,drone,5.436918375629758
29.213786170504218,3,urban,8.699774626924047,23,fire,217.4896332435696
24.459621279610165,2,highway,0.18054266783106843,10,ambulance,38.1441038626939
25.891634175013653,0,highway,0.030093955283441165,15,ambulance,22.37285679740584
14.7457810549466,2,highway,4.747532434816172,14,fire,28.892995042838198
25.197445705459124,1,urban,0.692202899909814,0,drone,22.78031686496628
9.549835465527552,2,urban,1.7710189602354365,20,drone,9.74127463121346
22.977471267643168,1,urban,9.85284582121861,16,ndrf,109.96848646426398
4.643279672476168,0,urban,8.443650029928225,10,fire,22.787331215378078
9.558031520894007,0,urban,7.640376759317266,5,fire,30.61165275037503
13.649113569112119,2,urban,6.707930531972014,16,drone,13.917528330059922
10.008431685230946,2,highway,0.4781544901944135,23,police,17.5681789407373
11.917004910913416,1,highway,8.359087118270672,3,ndrf,22.64532577461091
24.69308997111909,0,rural,4.711883294467741,22,fire,45.65531851065682
8.071938818193942,3,rural,0.9831997389501568,13,drone,3.0887987072968164
22.48579457855988,0,highway,3.0075101115001845,18,police,29.888343374996616
2.6745060387937296,0,highway,5.019681197845452,3,ndrf,7.005597768181065
23.089303671694292,1,urban,0.13694597421178623,2,drone,16.75038641563406
23.864685663478305,2,urban,2.52419473051384,15,fire,95.32733615780064
12.350113877323219,3,urban,3.3592362873676587,6,ndrf,80.80620627212524
21.813095783440378,2,urban,4.6379133953459695,9,ndrf,129.58623735783837
27.496582910480424,3,highway,0.019816055738378635,14,police,51.261648574308225
24.121032719858544,2,urban,5.654426201812867,5,drone,28.9712678410156
12.018172056710316,3,rural,1.9763371086877213,8,police,47.89894469162614
14.784298671261901,0,urban,5.9725053074857595,8,ndrf,60.062859065813996
23.49104757118126,0,rural,2.3915030711850638,8,ambulance,38.552567607346816
9.131540400549145,2,rural,4.02718441580829,16,drone,9.46138563332963
24.21454083911177,3,rural,6.236301992462796,3,drone,28.274521110741876
10.178098705547765,2,urban,6.565726064408199,21,drone,12.27806210280417
24.276722180373373,1,urban,0.3059569311868948,17,drone,19.826120747928673
3.060613078846339,1,urban,5.3507454807922255,0,ndrf,10.871775943886432
1.8097202588624088,0,highway,8.166416693258135,13,ndrf,5.7637758510261845
29.931425697409757,1,urban,2.0642304555443935,4,drone,28.141873659358737
26.148985135423327,2,highway,5.319886377455273,3,ndrf,52.632504084417505
26.544001352253016,0,urban,4.476146423868654,16,fire,75.95600835462557
28.562758454395215,1,highway,8.499349079066201,5,ambulance,38.52951917497826
13.430331127727392,1,urban,4.387630746394202,13,drone,13.35317871302328
8.96164886306449,1,rural,9.438405104606474,6,ambulance,19.39541808484196
4.335737353028138,3,urban,6.524284310412831,7,drone,7.962300703990154
15.285669439384703,3,rural,5.613832213806546,16,drone,17.46964429745199
6.9914254540599305,1,urban,2.9191954097717696,15,ambulance,17.2042720186826
28.09875027380993,3,rural,5.965256144833156,0,drone,32.48953928784717
0.6180932920619833,2,highway,1.3124642246805762,20,police,1.0
4.724303763422086,3,rural,4.162440954656825,14,fire,20.181787689320252
7.7710376659610905,2,rural,2.844279457847536,6,police,18.60605326464736
6.369222991999254,2,rural,6.702765034711514,2,police,16.992239359755967
7.160463879101454,2,highway,7.639959815292534,11,drone,8.359944296966606
19.853404349304764,1,rural,9.286288547852143,16,police,47.12747944254046
10.161606310237902,2,rural,2.2210077078102417,0,ambulance,21.52872173761167
18.64321926614951,2,highway,8.847506982673647,6,fire,37.79642534626023
26.762609042565593,2,urban,8.459514851892143,22,police,119.86063605521784
18.27542458300821,0,urban,8.624315749528632,2,police,52.52868924041035
20.988717342948252,2,highway,7.40475861534706,19,police,44.37203509915505
11.282347297530041,2,urban,2.677214435772491,5,drone,12.958827283987294
5.2122847948699205,0,urban,8.778721750125321,12,fire,21.114465505499656
9.95722984227223,3,highway,5.995484620529203,18,drone,11.245259035112582
28.94633813677119,3,urban,7.406117038427333,23,drone,35.396379509055905
18.843435841367544,2,urban,2.0525735599302894,14,drone,15.93420414602221
8.686578023303447,3,rural,1.5741053551402484,5,police,26.564759812626694
13.802000381282063,3,highway,2.768516350747249,1,drone,15.139911486616121
25.147634604214335,1,rural,5.113707767757049,17,police,63.064584170528526
20.21908533582032,3,rural,4.166250961197266,13,fire,78.48317511498927
17.039258801510464,3,rural,8.876080360386805,18,drone,25.983457999728284
26.612304860698313,0,highway,0.1301850315255204,23,drone,21.61528550571905
20.336967380395315,3,urban,0.8004839294594834,19,ambulance,111.76561970093786
19.460527058337316,0,urban,3.254098602976827,12,fire,50.90244790224914
6.09816004771766,1,rural,1.6773223244617985,16,fire,13.934514530067187
3.6384661488660295,3,rural,4.067506161901399,15,drone,5.5044426600399134
28.97169245319327,2,urban,7.175931004851483,4,fire,139.8698475601909
18.166321917960406,1,highway,9.934178718010545,7,ndrf,38.029469113198374
12.762660569819658,2,rural,2.0207474722462573,2,drone,11.280274278186482
17.87611421685142,0,urban,2.659746345804469,8,drone,17.120065013381794
2.323452851615604,0,highway,7.687386495488497,4,drone,3.187675259274165
24.75275458017115,3,rural,2.720497073002688,21,police,78.91006298279007
6.891043299147911,0,rural,7.037499727375743,20,ndrf,17.081129037360217
24.234107186379436,3,urban,5.8348904828238055,17,ndrf,220.63915684806685
16.264164076276515,1,urban,8.548940988307127,9,fire,86.63161944983318
8.65887440287863,0,urban,0.3333677489631337,0,police,17.599786218211424
1.3911934731410787,3,highway,9.797469599620067,13,police,2.383889605291311
24.567083982134868,0,rural,9.642506695710107,0,drone,37.653394737299394
5.705574173344546,1,rural,0.22387794678925266,0,police,10.366968658139239
2.028250911376267,0,rural,4.995094216780352,3,police,5.831437752425724
22.798393059363484,3,rural,4.014261049691771,11,police,74.52667602413841
10.826275060002875,1,urban,2.5416315120367763,17,ambulance,35.91618972588114
11.985353164953676,2,rural,9.778259211693259,9,fire,49.66521841802872
7.78849382478121,0,rural,1.7460046681255625,18,drone,8.117554707227507
25.845765121558465,2,highway,2.6355449230132457,12,ambulance,34.96496194994987
9.271221020142697,2,urban,0.08222973610550799,21,ndrf,39.282742780759975
6.700680807655203,1,urban,5.802231281307506,9,drone,8.092142984512762
9.622866926916606,3,urban,8.607986389333181,7,ndrf,80.87506521193055
6.49291246743821,1,rural,6.219129356534808,1,ndrf,17.050718696314554
9.870829013753621,2,urban,6.516072259936908,5,ndrf,51.53354034580722
2.9466185746111044,0,highway,0.6632036957431142,1,ambulance,4.609190068287635
5.176635859024021,3,highway,7.148072191107216,4,ambulance,14.424796690038724
12.803060060186363,0,rural,4.090044187934641,22,drone,14.000137735727044
26.444272239901352,2,rural,4.737124628727981,13,police,62.92556504520123
2.1900770283074324,0,urban,5.850155694072274,14,police,7.867424909369078
6.773903849420904,0,urban,9.753643638403078,9,ambulance,26.280837255792097
27.29619742847709,0,highway,7.481832557174423,15,ndrf,40.64255983051463
26.75543288771769,3,highway,6.839270898345627,13,ambulance,57.75033959535955
20.543799582230267,0,rural,4.318930347853165,21,ambulance,29.116879153876237
7.59396984580952,3,urban,0.3445051652885889,19,fire,55.395440836707714
12.884411551145678,2,highway,5.3868467236550845,13,drone,13.598315232492155
6.731019335919969,0,urban,6.608812303767316,18,drone,8.425098009396574
4.293361019193496,1,rural,7.041896847082146,14,ambulance,12.137747782895786
11.7099526381598,1,urban,6.078810832752484,23,ambulance,35.61178098879974
17.486737349575332,1,rural,3.0036702510200253,12,drone,15.710836272148134
11.118013926211754,2,urban,2.210314016841423,20,ndrf,50.53405714030667
18.51932423874611,3,urban,0.9009402169816882,4,ndrf,108.69375462426572
9.239514693689511,3,rural,7.028313728845099,4,police,35.286681519283654
10.702590568943313,2,urban,9.707859412435537,7,fire,57.11780259050841
23.824870953515983,3,highway,5.250224648115507,19,ndrf,85.66587145468868
26.41028456136881,3,urban,6.731826653667135,21,ambulance,146.0926786654669
10.000005405166036,0,urban,6.926025025622044,9,ambulance,32.88686597504072
17.35971613968565,2,urban,1.6144210582278706,10,drone,13.685220399417927
8.705787374821908,3,urban,1.9180141885502877,11,fire,49.58296830226785
2.073371930369112,0,rural,2.0817723037019475,4,ambulance,3.670017216278536
22.266786850132036,2,urban,9.328415337106806,12,police,102.53845316396372
5.5446027554664346,3,highway,0.15580060556299902,19,ambulance,13.062008723472344
13.058519450534057,1,highway,5.411687730095114,18,police,24.486891100822326
14.867842054685125,3,urban,3.7717762235021324,2,ndrf,98.41481940136019
5.941911733283624,3,rural,6.593503361634529,8,fire,31.284139165577002
3.2893828445701896,2,highway,2.204921647691237,15,ambulance,6.194534193190076
10.766383932796582,2,urban,9.611708197245804,14,drone,17.022405220860477
28.592434272734394,2,urban,3.312153341398977,16,police,102.51470426896014
18.646499904658434,1,rural,9.25926781616573,17,ambulance,51.77298718557717
11.751601737885624,1,rural,5.89200356967789,7,police,24.012276058499165
1.6478692128393404,2,highway,4.144610989715055,11,drone,4.957395124917508
18.208061801036912,1,highway,7.338855232683493,4,ambulance,22.667509333979073
3.2216004075934914,3,rural,5.530646742657671,17,ndrf,21.049851335455422
16.50505009590203,3,highway,1.3858252597132081,10,fire,48.13931069654148
22.682539994016416,1,urban,7.04489199667612,8,ndrf,119.91171202088516
12.995767774696198,2,highway,5.7949391230630525,18,ambulance,24.993771099839453
9.332639097087469,0,rural,5.656449856647972,22,drone,12.947937154066494
1.8978348976191586,0,highway,7.3814578036559375,21,drone,3.6043670967024486
1.2309473172671055,1,urban,6.534801875829378,3,police,6.763402627336381
13.185783804542876,0,urban,3.6624256347456488,19,fire,48.49865500440855
26.558685485737552,3,highway,3.1848876965323103,13,ambulance,52.02113843280684
7.699851974399117,0,rural,2.5081885621406808,2,ndrf,13.649057653572198
17.43463742056373,1,urban,5.751454304439302,9,ndrf,85.68146667334443
20.687021680552974,1,urban,2.9988775913970023,5,ndrf,75.36801022239263
2.2944810912901623,0,highway,1.2041829179843544,6,police,4.213165250755775
5.016461086199625,1,highway,7.8269749216079,14,ndrf,10.61554730643886
10.272665405877229,2,highway,2.0913224218232718,9,ndrf,26.752457254239378
20.26774863738283,3,urban,1.64876991844487,17,fire,143.13429315939737
13.451535810728858,0,rural,8.49000972825855,19,ndrf,36.70359476223144
22.158754512438236,0,rural,7.021280086617606,0,ambulance,33.34449175841904
26.09413703440918,1,rural,7.661569657109282,19,drone,33.54152704187246
22.871982159657016,1,urban,3.503605461182641,3,police,65.25330070536333
29.771292615740848,3,highway,6.174362077221057,0,ndrf,89.19348444687354
22.753651527583663,0,highway,9.32194250218836,2,ndrf,37.32118340362988
25.639286252719792,1,rural,2.8269726244429174,1,ambulance,38.39023686019453
25.05480757471753,2,rural,0.6896209559443534,8,ndrf,85.63641475986107
22.042839987261374,1,urban,1.70878059092471,20,ndrf,73.46359175174246
24.153153591348772,2,highway,8.97466282344057,16,ambulance,44.22143612018828
28.0731552220886,3,rural,2.8153108219350886,10,fire,131.40291146495952
14.518617666525632,2,rural,4.912529067811641,22,ndrf,44.32056384105042
19.329467205420034,1,highway,5.345689340665274,11,fire,28.661218059505362
15.690721786396795,3,rural,9.600136250176742,2,ambulance,61.21589346918384
25.605591122166153,3,urban,3.014790153046677,0,drone,22.688567730868805
13.225108284709465,3,rural,5.2139129099003325,12,police,46.132658330741634
24.681939748769622,0,urban,9.581243285611396,5,fire,86.4119986894394
24.080959964185595,3,highway,2.01344820062781,8,police,63.04966863640759
28.875639990373422,3,urban,5.9788530180734885,7,fire,191.1580042666376
7.8431606280938535,3,highway,0.636067560359509,9,ambulance,22.173088082973198
21.43377554163441,2,highway,2.629751786580675,23,police,30.17020895530219
22.829125180600844,1,rural,0.6921493958411762,1,drone,18.53222530847647
28.12021553773764,2,rural,3.301527476617453,2,drone,28.33029213350041
27.253621332638165,2,urban,2.064338077965261,6,ndrf,115.5455258984459
17.419012920399226,3,highway,7.9841572282222115,17,ambulance,54.79360915563584
17.585018982987403,1,urban,4.633954491162107,6,fire,63.776782834875604
5.435091237924767,2,highway,4.050002137545023,5,fire,12.725783158155455
29.26139972150125,3,urban,6.923231274883913,17,ambulance,209.0653765763425
8.023015149751092,3,urban,9.471993152506984,14,ambulance,52.92357736180594
21.879718444313117,0,highway,3.0154339296228017,15,ndrf,25.843359218766178
23.97595264175672,3,urban,0.6675104734521742,15,police,111.95275736766197
13.51585738603574,0,urban,1.097801672542037,15,drone,12.987065822148306
6.730214740857211,3,rural,8.572150238206754,13,ambulance,25.846198922355182
6.0743313344807595,0,rural,8.458549912526344,12,ambulance,11.268170253240632
25.766632026596955,0,rural,4.753654069136508,18,ndrf,64.02266090020774
15.567316359081188,2,rural,1.4764296330593618,8,fire,50.59170472807172
3.1590409701288675,2,highway,5.2648937659018085,7,fire,7.726269864537842
21.652074446505218,2,urban,6.684218901797919,5,ndrf,111.61460787202857
7.880046057748373,1,urban,3.322364901276095,19,drone,7.8211421576586675
26.35364514715094,0,rural,0.8251802882082793,0,police,34.97295270751388
9.63236768788427,2,urban,3.21941641728144,5,ndrf,42.35716613529539
6.407989487659222,2,rural,6.905739666041697,3,fire,22.03448131855199
3.0033240848705627,2,urban,9.783676888228467,8,drone,3.67745351392502
15.590168530810601,1,highway,1.9009014594317153,5,police,18.266105212838855
13.796758840639477,3,rural,9.1455574762821,12,ambulance,53.66928902577079
22.663708265792714,3,rural,4.566229117509354,23,police,77.15433918691113
14.205776322194573,0,highway,6.632181254508264,10,fire,23.584637039075176
10.642571083268946,0,highway,8.636989316402158,23,ambulance,11.859835031360749
8.21882001117185,0,rural,5.574604133140033,7,ambulance,15.32294783543917
8.705328991364148,0,highway,0.6146138402971735,18,fire,11.387757971478583
27.871513103920513,2,highway,2.65778672120042,3,ambulance,37.46959946437793
5.369818761590464,2,urban,8.029057274132438,14,ambulance,25.321014676066696
29.65120452443593,1,highway,5.528918359019133,18,police,46.52586936024513
10.14412392817063,2,highway,3.290742607284325,16,ambulance,14.990910390154415
3.107511944816175,3,rural,5.833017257546889,22,ndrf,14.9642881806239
7.836366233242017,3,highway,2.6857010614304135,14,drone,7.938695361003234
2.223224196861252,1,rural,2.4101029983460984,14,ambulance,5.330370112308711
23.80587819033552,2,urban,8.283930240709147,15,ambulance,99.49084494874107
15.620310919962611,2,highway,4.000676062694897,8,fire,34.44694289426642
10.441105256570626,3,highway,2.739889467315695,5,ambulance,23.039340929550168
20.030463336631094,3,urban,4.091764320684411,21,fire,125.41396434971327
19.104072515534448,1,urban,9.206333289613841,23,drone,29.203753390706733
28.226226632213912,3,rural,1.8078869041224188,22,drone,24.139805837604207
28.8571852440772,1,highway,1.8522934785044787,18,drone,25.880392557546504
20.580171382129457,3,urban,3.5376486622513745,5,drone,20.31485097311184
24.62556985370297,3,rural,0.6043878497815935,5,drone,23.47289305732956
23.876540459887767,3,highway,0.7492122602622142,7,police,45.08951543457614
14.993454214647043,0,rural,0.10978584074084141,12,ambulance,21.52496583248835
21.281519496985798,0,rural,1.4618708290073579,5,ndrf,37.350104552249135
2.808640726665321,3,highway,6.403873792637772,18,ndrf,12.46884742073849
22.861621952934055,0,highway,1.9642613561786082,2,drone,20.249577760471084
28.874073712174845,0,rural,3.7778996449564604,21,ndrf,53.80246977708389
3.006755217209284,1,rural,7.055853363077215,10,police,11.041541480912615
25.16541564545971,1,highway,0.3182316176397493,9,ndrf,41.027179376431825
28.022910786153503,0,rural,2.0905891488019424,10,ndrf,64.24451778411759
7.172572249160831,0,highway,9.958882134889805,11,ambulance,12.367781532204567
15.98193003447151,1,highway,5.969618007530727,13,ndrf,25.95722779232692
27.87181765115816,2,urban,6.599796501646341,7,fire,133.68737781484097
28.826667133427552,2,rural,5.1604800800483694,7,ambulance,66.32541839654023
4.272530338393333,3,highway,9.658924625897868,9,fire,20.436537656517572
10.795624653885794,3,urban,1.4429702033927572,3,drone,8.853968817101753
21.09526691395027,0,highway,0.673727910257873,5,ndrf,23.60715727826678
7.035975731884944,2,highway,8.161661674624934,10,ambulance,16.298748513119747
10.080733544717184,0,rural,0.04096369527886612,0,fire,19.766751626056465
1.1870862701384517,1,urban,5.615618048538343,10,ndrf,7.80845079420382
5.028889587470367,1,rural,0.014123871371518604,9,police,11.436723801047295
17.08872008532344,2,rural,3.482446452144324,0,ndrf,47.242077923720494
19.76615695597339,1,rural,6.508864692271905,11,ndrf,49.50929305978201
19.64289901732719,3,highway,5.473263673052565,15,ambulance,41.21794245835979
23.461633887957394,1,rural,5.598623020116921,18,drone,27.107995918792714
12.750801705294348,3,rural,1.5734619539810168,9,police,47.32593475166169
8.567976129114088,3,urban,2.947327020987469,12,drone,7.540251277328082
0.9596306512544871,2,highway,7.100291134008222,1,fire,1.038864416695378
6.595579868545413,0,highway,0.23297163207568916,7,ndrf,10.808539486802568
9.7154404599601,2,urban,5.952833013972548,15,ambulance,37.34082721833924
5.757102266173733,1,highway,5.1706561186346605,11,ambulance,8.854828488377517
1.0942619091497665,1,highway,3.4395721514212485,22,drone,1.0
5.144704455623152,1,urban,3.3477530963218447,19,drone,7.185132812844688
20.149936830243384,1,urban,7.989472177970986,21,drone,29.597624320518733
19.072769785941578,1,rural,3.8199686275534637,11,fire,41.012241067595994
28.10266736224225,3,rural,0.7985968987632575,1,drone,23.198497680567137
24.045964596220625,1,highway,9.6203943896059,13,ambulance,35.78044237038123
17.24880544681514,1,highway,1.3036926231691826,22,police,20.594922106219666
4.557912251049734,2,highway,7.974538300685902,4,police,11.025414319278951
17.140118658292128,0,highway,0.13943333694790394,23,ndrf,20.364752673817414
2.3170542969683323,2,urban,3.6439842179787343,0,ndrf,13.746323592903765
13.211104473620157,3,rural,5.151805466495556,14,fire,52.86848180170456
12.012629553942265,3,rural,0.2978248410902362,22,ambulance,34.64429690777905
13.12050737620678,0,rural,7.340866273984559,5,fire,26.90939901417369
8.754864592646223,1,urban,2.60581491202986,6,fire,25.598775350982905
20.7319982049028,0,urban,5.411684550207068,19,ndrf,83.97002617267083
25.307861785313996,2,rural,7.923276323818026,8,ambulance,81.25192719267343
23.17125128166984,1,highway,5.911138179479495,15,police,30.638441098864856
19.01868682583097,3,urban,4.556132747309932,2,ndrf,130.01818061604885
16.381171580323894,0,urban,3.361123620149046,16,ndrf,49.09215550511954
1.4169833102368958,3,urban,0.45105228921886287,12,ndrf,13.07856909316448
21.826552961411675,1,urban,9.130210027673476,12,fire,92.32646087524304
16.576996717565674,3,urban,5.919314621049798,17,police,117.21133878485773
8.486860994584664,0,highway,6.315355531787729,10,ambulance,12.827962978387156
10.17134014617653,1,rural,4.40512477695958,16,police,19.287826184813188
28.100400200857372,1,rural,3.7271215599222964,10,drone,26.500659731260164
18.918686230958198,3,rural,0.46654740798792615,20,drone,15.550140264000683
14.539416822397085,2,rural,1.68991628355324,13,ndrf,38.11825800704619
18.817191321398028,3,urban,4.255485050947904,6,police,98.46113578979737
12.705398587076882,2,highway,2.417046373975179,21,drone,14.345315949566299
14.370377059488979,3,highway,0.44442016248811167,7,police,27.931523539956505
9.064123072876276,2,rural,5.460140404092502,22,ndrf,28.644035503935605
13.475672367453512,2,highway,4.641137044050413,23,police,24.04135263890681
20.724970856918357,3,urban,4.21373005308787,13,ambulance,102.22039451040422
1.6782867900508416,3,highway,7.842294173976898,10,ndrf,6.800559174947972
23.953308515236568,2,highway,5.995278454053822,6,drone,25.87629504329407
8.847896455408728,1,highway,0.014151483292579314,20,ndrf,12.766188760452186
20.63551390625874,2,highway,7.619098985810853,6,ndrf,43.19181020139815
19.46039678306177,2,highway,4.825875703895701,14,ambulance,27.09125803585077
19.75252744966851,3,urban,5.168139733562548,19,ambulance,129.4446300595064
18.439803029546187,2,rural,8.895727667856264,4,drone,28.76757740650772
28.79350422305128,3,highway,1.0921965314960724,4,police,56.73831560355136
15.49615279951403,2,rural,5.994038461780721,22,police,40.2358218708943
22.10341390770287,3,urban,2.821597309724988,23,ndrf,139.39164629979777
21.310755271420042,3,rural,0.3671131095108182,7,drone,17.01178599089928
7.469893529710745,3,urban,4.373816197227192,5,police,41.47189829101506
8.857522256011356,0,rural,2.8361303096051484,15,police,16.813264501070293
13.008504395630553,3,rural,0.014929608283451579,14,police,37.9194104284034
8.692088948664672,1,rural,4.929449916388078,6,police,17.12215360373171
11.318921418433812,3,urban,3.1112341920750266,5,ndrf,72.92368657774034
12.033338110885026,1,rural,4.341232798508728,13,ambulance,21.662606835670115
18.314004547681147,1,rural,0.11731145277404598,6,fire,35.32492424706688
6.986756260684318,2,highway,4.0178200658422245,12,police,10.781267836837786
24.226610043362275,2,rural,4.704045359329162,16,police,57.69276048617877
13.407322524759385,2,highway,4.660211472188854,6,police,22.413124096840836
21.33420129465578,0,urban,7.169261934291616,13,police,59.025388131055806
2.9025531966041274,3,highway,9.912865754858641,23,drone,3.4746040536401654
14.363979126668823,1,rural,0.2786235173624363,12,drone,11.929320969986936
1.332476199231185,3,rural,3.9602655046276967,3,drone,1.0389806332219413
20.439344758559162,1,rural,8.567174335699061,17,police,58.23781393711362
10.639447271413552,2,highway,6.256967612153246,10,police,22.32494066584475
28.502958016121944,2,highway,9.836014904166547,17,police,71.90748724102757
10.061664330741872,0,urban,7.134159437120147,0,drone,13.2930492899336
17.132273991522943,1,highway,7.242473232911479,17,ndrf,35.75567992909073
8.092933482991132,2,urban,0.7608453130909854,16,drone,5.235810579955764
18.79332255394654,3,highway,2.7525475025233237,0,drone,19.74119804485486
14.27774932893042,3,urban,5.838097091509704,11,drone,16.36077354122938
11.43353371441617,1,urban,5.223926772633019,11,police,35.27065821127516
6.508835797865307,2,urban,7.625914264196227,13,fire,35.50812987328519
3.7898796471579312,0,rural,9.936576923824841,14,drone,6.29831575569277
4.0364344517218615,3,rural,2.0680426451421963,16,fire,14.221461872376395
29.97168051641382,3,highway,4.28399121995521,21,fire,73.30708793167335
12.663166442288423,3,urban,8.66839975439169,18,drone,19.3214144048692
0.556926382263514,1,rural,8.381492116687896,7,ndrf,6.551842935662816
28.611399323467424,1,rural,8.17193432160845,23,police,63.59205151595021
1.089407764779473,3,urban,6.203936191148308,11,police,7.562837668879934
12.848290703858744,2,highway,9.931934981584678,20,police,25.706833857000323
21.66558878613435,0,urban,3.579034492472264,11,drone,21.68288687263662
27.48067770896697,2,rural,1.1629484413570945,7,police,53.379713958757556
21.53014559724698,2,highway,1.3255990816180785,17,police,37.37795709823658
14.176959769550347,1,urban,4.356919259037662,17,ambulance,51.609491581950614
29.24604015003105,1,urban,8.04949984798683,2,ambulance,97.18510717355491
1.6599217994814777,0,highway,4.528462490908433,1,fire,5.47389652621764
29.613319974871235,1,urban,6.113831827073043,18,fire,142.0944440295261
25.55705077539895,0,rural,3.5802161040410505,3,fire,46.86627608193886
27.903435505227595,1,urban,7.148312041774193,11,ndrf,118.50294589747607
8.01578651087733,0,rural,1.5314165959616088,11,police,12.495798688088495
4.702513132385958,1,urban,5.201156183619984,10,ambulance,19.266139244845007
20.06780074149465,2,rural,1.8512952703716112,11,police,40.251042161515414
15.71785342059054,1,urban,4.6859213670459186,22,ambulance,44.91955685786058
15.933454841959193,0,rural,4.304940243759253,12,police,26.009848660378232
27.77626576525492,3,highway,6.045621400317791,20,ambulance,59.92864600215781
18.792386746271234,1,urban,5.095452359860633,11,ambulance,51.659825238975465
9.676383135585402,2,highway,9.757411287029353,11,drone,17.989731008526295
12.301963414327343,2,highway,9.003115951320872,15,ambulance,23.205680481299662
4.438127135209612,2,highway,2.9407798793285735,5,drone,7.243475765029283
6.173264188132835,1,highway,1.2117680592618196,22,police,9.352787857465014
4.728827071181385,3,highway,0.6475175070008776,22,drone,6.462304514519058
24.403594565734956,3,rural,1.9799379879587375,4,ambulance,71.30180426009277
21.293767305177504,3,urban,2.2210740929669104,3,police,102.78254746536844
16.14517801952013,1,rural,8.886813691559544,8,drone,22.981259021493504
11.543851092013337,1,rural,9.248408798444949,4,ambulance,25.491733523623143
20.220581564568338,0,rural,2.304702926702448,1,police,27.70451441652682
24.48070775702495,1,urban,7.587311006521064,19,ambulance,101.7550372667058
26.496379862315415,3,rural,8.357639585706751,4,fire,122.68058295134117
16.63697873208684,1,urban,3.7751058186332775,8,drone,17.59563484350647
24.686611093681176,3,urban,8.715941073811406,23,police,156.63160843590413
15.583525625674504,3,rural,9.886522750049885,9,fire,101.6177842313985
14.498637631042781,2,highway,9.677951848840383,0,ndrf,35.40064157301095
26.030239740851957,2,highway,7.419068287671423,5,fire,54.2882981592656
11.898031119807587,3,highway,3.7166277098593303,5,ambulance,23.625608432085365
12.179424031700718,0,rural,2.2700548717731217,13,police,20.331933609880352
9.494884685905026,0,urban,9.928700683340544,10,ndrf,50.44312027464118
15.801700984691193,0,highway,2.761745279621717,1,ambulance,14.339390584147585
16.57307599383909,3,rural,4.383826967491487,7,ambulance,54.56624724267468
19.98360378665848,1,highway,2.6412453663562085,11,police,25.034788552685395
13.19981814823233,0,highway,4.961188595085966,13,fire,17.616570767162116
6.926200110566181,0,urban,1.1038105466536896,10,drone,4.874206138172498
26.071840841209337,1,rural,8.090565438889325,23,fire,67.48262337190785
10.707025583521425,1,rural,5.051071209277691,11,fire,25.086631240022232
27.726830885285153,0,rural,4.195023438182128,16,police,42.195555081217094
6.616923324280445,0,rural,3.6314460005379976,13,drone,7.078681295882047
17.0216955489688,3,highway,5.797843141951229,9,ndrf,63.307073716358516
16.330145259118844,3,urban,7.798880602861597,0,ndrf,126.53440882772482
24.94511151384636,0,rural,9.025609653993582,16,drone,34.595429008132676
4.596115909149478,1,rural,8.41518335440631,20,drone,4.265220058718327
27.34314660106511,1,urban,4.455131647194425,20,police,80.83265511043832
16.17713107907607,1,highway,8.339920631457309,19,fire,31.642657808244856
17.79022682547381,0,rural,5.28615393925249,5,ambulance,28.398216940538386
15.54990565228413,3,urban,6.381781581462926,10,police,115.9397645068204
1.5627347516698609,2,urban,6.745604034429206,17,ndrf,11.7180637355543
15.164174523294644,3,rural,3.9968183404865787,17,fire,76.33585247513707
8.27471504897122,1,urban,4.860531252416141,14,police,25.73629756382477
10.609301321146027,3,urban,6.9258899594982495,1,police,64.37363181169063
19.64849717602063,2,highway,3.0792824494037427,17,police,33.53552865525157
15.182065319486124,0,highway,7.469132917135422,13,drone,16.522441393815296
3.249937273690083,1,urban,3.541031432401148,2,police,10.623255761285227
2.6547176054718884,3,rural,5.854894812852751,12,police,11.794604835296099
5.976902020712425,3,rural,8.376227179053318,17,police,33.16722709795076
6.131111823880598,2,urban,0.23204919597453189,22,fire,23.88406500796499
18.444872330655265,0,rural,2.4034004518407315,18,ndrf,42.87048494941444
5.745526689343513,2,highway,5.611676732101653,6,ndrf,14.271504022513987
26.51072298660573,3,rural,1.06102440146567,16,police,77.3452372678046
6.6879394880956875,0,urban,2.056017343919664,16,fire,19.666272606244085
3.1883776400782877,1,highway,7.490894634834957,4,drone,2.8849374119467472
26.334507482609585,0,highway,0.2582304498227572,19,drone,19.35853216928053
9.212163494263622,0,rural,6.1003675967774695,3,ndrf,19.572616276342533
13.049967580095206,3,urban,0.34157054452887525,18,drone,12.28349721394343
28.79127832836705,0,highway,1.159236969742371,17,police,31.46745340684215
28.358891965154328,0,rural,3.903407893342904,23,ndrf,54.49987308568226
21.590048233315077,0,highway,9.647686910289316,15,fire,30.829477246863473
2.5336990761103637,3,urban,5.458475497464288,1,ndrf,18.67284320185769
18.003533699636225,1,rural,3.1222417246677967,23,ambulance,30.941785082996994
29.677799083746606,3,highway,4.11326356217038,9,police,79.38913126136683
28.434028738507426,1,rural,5.6877220570715785,10,fire,81.69572746233845
3.6270735293383147,2,rural,6.194165199013111,20,police,6.883334440253675
12.181035441165875,3,rural,2.679032880888512,5,fire,46.54834471511995
9.80833400413376,2,rural,1.9729443795677548,15,drone,9.027535564883257
4.3269791536947135,2,rural,4.953093233612144,18,ambulance,12.552181374214339
20.996550181838447,0,highway,6.448512502304369,12,drone,28.039160465034712
8.578526748626984,0,highway,8.165799936138264,17,ndrf,16.344973406709933
10.673541192196286,2,highway,5.927953160268027,17,drone,11.862571099321736
3.1655868626918298,1,highway,6.9243408431000155,12,fire,5.304529628230906
15.190042983970635,0,urban,4.839792611144671,2,ndrf,49.759546536329275
5.165951977735666,0,highway,5.667192577926576,17,ambulance,10.308510309105515
13.246667495594929,1,urban,6.35447565746246,18,ndrf,71.14680719500112
4.728595552047394,0,urban,2.363312440965805,7,police,14.21470748199435
28.6385717535293,2,urban,9.340741563299506,19,ndrf,212.6744048476802
4.776984729315707,1,urban,3.4533888976140403,5,ndrf,21.214182638434547
15.89567103859368,1,highway,6.0468813531336,4,police,21.22167324490983
6.310904846910131,0,highway,5.609542087543681,3,fire,7.00217417543408
2.7526732024419722,2,rural,8.533454749345925,13,ndrf,10.83222165733402
6.4681042558418955,0,urban,1.1360437507032795,6,drone,6.475035453163591
2.1158361680178643,2,urban,8.842310168468375,16,fire,12.012661209364136
4.61222280206917,3,urban,1.3701505073459375,15,drone,4.681492766435889
15.0577826540149,3,urban,1.4453037718088801,10,police,92.4584514314651
19.72855787119844,2,rural,8.622548329571307,6,drone,28.859999742855653
3.076524544617612,3,urban,2.5710190639517014,21,ndrf,21.922435755948776
13.51004940517592,3,urban,6.11786471057059,21,ndrf,98.03859831067972
17.646787174173884,2,rural,4.636107379563464,8,ndrf,66.08244783282717
7.409657448226314,1,highway,9.342662525412713,5,drone,9.418957758567686
11.476313139722748,2,rural,7.8208398807407615,19,drone,15.444649792129466
2.619128657141455,3,urban,3.349937777872831,16,fire,16.55131462654222
6.9938668668763,2,highway,8.134407465762557,10,ndrf,21.269616271966182
14.26921131460873,1,rural,2.2578848903517033,12,ndrf,28.53277522636839
29.718044278297008,0,rural,6.155713517595137,17,police,59.6765952180204
29.889819356704436,0,highway,7.515837717246078,5,fire,40.55290781075871
29.398839593166493,1,rural,7.031584767130354,23,police,58.257946202344456
12.981048395859663,3,highway,6.566820030635723,13,fire,36.61137321838987
2.880071163232618,2,highway,8.299688306809562,3,ambulance,5.408446938555702
10.04541639885534,0,rural,5.562084426562461,22,drone,10.29077033653361
7.5125740734438295,3,rural,9.28347906009722,23,ndrf,40.919942125402336
0.9167339598407103,1,rural,1.448097716419372,22,police,3.4967365323106896
3.3093915035070745,1,urban,3.557085933877219,16,police,11.965743150270395
13.86916208394745,3,highway,7.82992011782424,6,ambulance,31.990505553472637
10.52004268222676,1,urban,3.0805570783652825,12,fire,34.16648938121436
5.82043478821725,2,urban,4.429491072811339,12,ambulance,23.431671078940465
21.624949134433038,3,highway,7.728795577272926,12,police,53.94495745929001
11.034910078950247,2,urban,5.385698527871324,3,police,44.05724296542181
25.630101744523056,2,highway,1.8761758620585933,7,drone,22.380980600052343
7.608826227761961,1,highway,1.748385339573103,11,drone,7.853028677220194
16.38260795755543,3,highway,3.012322938155502,12,ndrf,39.305340129809196
5.932106905900882,0,highway,3.0301257057941444,7,drone,7.820174087257536
15.11136818338234,1,highway,1.3667454608113405,17,fire,24.435001405860458
4.997762014862393,3,rural,8.34660662211488,22,ambulance,18.317394440309428
5.266569418959897,1,rural,2.8262662786805013,11,police,9.205902591071112
18.560589622739464,0,urban,8.022465025940589,15,ambulance,49.691783790051076
8.28168824418512,1,urban,9.734501820994513,4,drone,13.242403123951652
5.584833183645295,1,highway,3.319614062056262,4,ambulance,7.955481541630574
27.928163378984657,2,rural,9.702309937985982,1,drone,42.10430771717125
1.7685958968315065,0,rural,1.9120079903470577,23,ndrf,6.279994777647694
17.17186932452867,1,rural,6.474533076906853,7,fire,40.45596720647122
16.673783334081325,3,urban,9.91180149152863,16,police,113.70786391006459
7.8929617948902635,0,highway,8.083719145370235,14,police,10.396504402920943
13.856766480828126,3,urban,2.297007867526646,3,ndrf,87.4098029872899
3.0882646009377464,0,urban,2.573326520811001,3,police,8.683167043904056
21.777469304754625,1,highway,2.624306066709562,19,police,30.942252457539436
7.040065877116284,2,highway,9.429926375799738,19,police,17.963939662046926
6.204868114883399,3,highway,2.4541156962791844,13,ambulance,15.071647646810126
9.78891510918634,1,rural,5.096153141001376,8,ndrf,32.80218035537847
27.11991264776269,0,highway,3.4988929506343416,9,fire,39.46289971939122
23.995766124364508,3,rural,3.612694002545167,18,fire,115.64243419228964
28.43332258844585,3,rural,4.082178747957527,4,fire,112.30760620095812
19.732889207976022,2,highway,3.4504494420735607,2,police,30.098527875992527
20.056184575446586,0,urban,5.9992755890381275,6,ndrf,66.27115269795726
14.6609144830734,2,highway,4.254715930767415,4,drone,15.094963092621557
27.202996539325778,1,rural,4.4101156600359595,4,police,50.96686478993715
15.570875903474706,1,urban,5.059939788196481,11,fire,51.17938986789836
10.974272088453228,0,highway,3.561785238434557,19,drone,12.723290057361991
19.391062792571123,1,rural,7.545595824862468,16,police,39.7641085334842
16.611115055328423,3,rural,5.034823546334729,6,ambulance,52.87644098741341
4.158584551641916,0,rural,5.092111319558982,10,drone,2.8629573457698934
12.085399710416672,3,urban,2.098451432313987,11,drone,10.197035729867231
9.74309962728716,2,rural,0.30836757312407537,9,fire,29.644338233410508
25.481596362828387,2,urban,8.092751160851089,23,fire,130.72795163201158
11.675855430706708,3,urban,8.554818472056638,22,fire,90.1962902035656
24.73587936284733,0,urban,2.412467966546572,23,fire,67.83969885736549
13.550493020077894,3,highway,3.6003230149926644,10,ambulance,35.07621502097513
22.728266621645496,1,urban,3.5801791688284257,18,ambulance,77.37163939469639
4.490816891080103,1,rural,6.842123352322806,17,ambulance,13.873297667575915
27.77718147992464,1,highway,1.872359205532531,19,fire,44.018090323113235
14.676516778568088,2,urban,9.787133823565267,3,ambulance,64.54564063169404
8.164048245976037,1,highway,0.6186147522828966,22,ambulance,9.034144142591508
7.623943387761803,3,urban,9.737674939855436,22,drone,12.33573467573431
8.319780012961672,0,rural,0.6878208792625984,19,fire,14.73956977871503
11.318363101080045,2,rural,3.1751402612123334,13,drone,12.86389043646535
21.666826213930694,2,highway,2.5069325043230037,10,police,39.5392583680412
28.51328976557341,2,rural,2.5963428042176764,5,police,62.76679123813197
20.23660418864715,2,highway,9.946694866268768,1,ndrf,47.8058200555924
16.641404992850973,2,highway,4.5835175180896295,23,ambulance,23.73093713780459
13.733635336505472,3,rural,1.1951056486319467,5,ndrf,50.889466046364284
24.931736777609686,0,highway,9.82279964965869,8,police,40.3548152263923
25.56488747215906,1,highway,2.426655733187675,10,drone,23.725715166364644
9.144611395768148,2,highway,0.7254704189222649,16,drone,9.395422516766683
28.62589733527619,1,urban,0.24180629557684408,6,ndrf,90.90679592871388
12.155903214588271,3,urban,4.632307618239096,5,ambulance,60.962956953091684
24.10230304115007,2,rural,9.183323681992661,7,drone,39.43363571102722
29.021186403425883,2,rural,0.16960474267899706,7,ndrf,72.05592021920597
21.25791397524053,0,rural,7.251764310290247,1,ambulance,33.670115715705855
5.265746430310215,1,urban,2.604218317506005,9,ambulance,16.051537274925764
17.79104017763096,2,highway,2.1906046551825065,13,drone,16.619124329643967
4.003925131319564,1,rural,7.037897853697369,10,drone,6.478466861804538
23.779690176133325,3,urban,7.478732645134701,8,police,182.37262632227984
8.798797629279546,0,highway,5.590152551981733,22,drone,11.207246362193304
21.008837280270548,0,urban,2.022554350002772,6,police,46.985260951745516
27.347645386840867,1,urban,0.06308141300170877,20,drone,19.787286206301868
5.839790594770085,1,urban,7.372777929785301,14,police,21.983337941657624
12.08930623873442,3,urban,5.996144943924174,15,ndrf,87.31842524144035
19.590004248170203,3,rural,4.225462341378371,6,ambulance,59.54439814172807
12.879928487880283,1,highway,2.1358195179302655,23,drone,13.471221479012538
5.6571587779291,2,rural,7.619343944384238,11,ambulance,17.167184010313335
1.3576126179795116,1,highway,0.7089526970814164,12,fire,1.8600701268794695
12.494645239207905,2,highway,6.427024052117767,5,police,22.123937195439325
19.65166628416665,2,rural,6.883984172295095,11,ndrf,64.78324075195327
17.432534140498415,2,highway,2.2325728988141447,16,ndrf,31.235174254035908
5.109116572938952,3,rural,4.833249132679553,22,ndrf,22.662215035727336
13.795456594087906,2,rural,5.201993693995044,20,drone,15.193382863315302
11.399395862346958,1,urban,5.912819235905797,3,ndrf,47.59948266731026
8.588970867655297,0,urban,9.011879677118484,1,ambulance,25.9918488841552
22.013501693881484,2,rural,5.464151000102786,22,ndrf,64.79509727014765
9.634734885801938,3,rural,0.6731845905410516,19,fire,39.526463563183576
16.434187593824362,2,urban,3.4497190516826617,3,police,56.268464054336164
27.735094290453688,3,highway,6.283268468539964,20,ndrf,79.63531093743948
16.408641476480682,1,urban,3.3314073742876227,18,fire,68.50852083736733
18.70217584973654,0,highway,7.679402281164508,23,fire,25.150115972122222
2.6607565919427665,2,highway,1.8990540609427464,3,fire,5.986992617027674
5.754957240381221,0,rural,1.4300511442033914,19,fire,13.205615522426514
3.478060379294347,0,urban,2.3103266972598737,8,drone,3.5729356554173575
23.061981976497282,2,rural,8.760850052978677,13,fire,77.87531853874259
25.15967188704685,1,rural,6.809347010550586,6,police,49.21714970834942
6.000431149240041,2,highway,5.2004865151872925,1,ndrf,13.881376482559503
6.968516652231186,2,rural,3.0033728554659,16,fire,19.856144560618162
10.034615040037094,1,rural,9.185908399435398,1,ambulance,21.017332400788383
17.936789700138146,2,highway,8.887764033224418,11,fire,40.11905345452127
18.842987717100574,2,urban,3.994004546674359,4,ambulance,65.35419229961607
20.759241776973,2,rural,7.527238376707559,22,police,55.467044676200864
27.20318630829715,2,highway,9.135639157934014,10,ambulance,57.162578371102455
9.203684144647875,1,highway,3.133534105711233,4,fire,15.190974508120934
19.933390181599883,2,urban,3.287183436271973,22,police,71.09739746288926
17.01182395044192,2,rural,5.4580629275471555,16,fire,49.49288050144147
9.52219859217073,0,highway,4.083665888751012,4,fire,7.264990777710031
27.268748004513366,0,rural,7.614795757026174,8,ndrf,75.96815834572442
3.3167606527969165,0,rural,5.369302668364188,12,police,4.891819402247931
21.50403029154552,0,highway,2.1185545862035218,18,ndrf,33.9675957119721
21.972274534166758,1,highway,3.5638726718071756,23,drone,20.231715984625428
27.502132566853867,3,urban,6.712390524231734,20,fire,190.28195932067402
15.79812747436493,3,urban,0.5343424382053652,0,fire,86.75854301759134
9.987858977467754,3,highway,3.42167175144628,11,police,22.343887022271
24.918349760870605,2,highway,0.16096111593682072,1,ambulance,32.43832666608979
23.238903314055584,0,urban,8.208669563210867,7,ndrf,82.78591768732221
15.259310625374376,1,rural,1.171899317479439,6,ambulance,23.350459332752145
23.151792581197427,3,urban,0.772047208513752,6,fire,126.54486011292325
8.402330261279193,3,rural,7.865930166662759,5,drone,10.16960344080888
17.890436746902303,3,rural,0.8950686260889251,9,ndrf,82.5497847664382
26.02291191624233,1,urban,6.842625427409482,11,police,84.31373114666573
9.880542886187119,1,rural,3.7986357575934315,22,ambulance,16.78936012282234
14.764724481706924,2,urban,8.216994589189405,10,drone,23.3469183894989
28.55582319810024,0,rural,1.828512544863391,0,police,40.82759492939535
24.047249338166232,0,rural,0.8441707355754091,14,drone,19.721605110653435
26.667651099751303,0,rural,2.2840745224411654,7,ndrf,45.96425434134986
11.864788296268168,2,highway,9.321350348103119,3,drone,18.785208176457417
29.896905159219486,0,highway,8.29120973164317,16,ambulance,35.17490228838886
5.000685338172483,2,rural,2.857873074335716,16,drone,5.60386946857479
15.803732204881115,1,rural,2.0611414119132645,8,ndrf,42.34577167805247
14.638564777739356,3,urban,1.5684188787778874,5,fire,80.01481202336605
24.053749628603967,0,highway,2.2120340602906086,11,drone,21.568840477288894
27.304224289192852,1,rural,2.0504394342329944,10,police,59.251589499572056
22.068611618787763,0,urban,8.881878684931092,23,ndrf,82.0262285539253
18.991078965843933,1,highway,0.19985908364165916,0,drone,17.357786461342755
13.10916113003086,2,urban,8.801225096104984,4,police,60.62057716247011
15.554614553734158,0,highway,0.41424708337054694,19,ndrf,22.761264394764996
15.524359240132243,2,highway,8.268348305134769,22,drone,22.433787679009924
1.1008699736891412,3,highway,4.2574723644158645,15,ndrf,2.8151833297118825
15.339851242416492,0,rural,0.7720555461747425,7,ndrf,25.983440498244974
25.751138605136685,0,highway,7.990052071924634,5,drone,33.24604091815526
21.42358332869632,3,urban,2.5643970859855933,20,drone,20.73620117627586
23.97340435268764,2,highway,8.78028052620899,14,ndrf,54.15473442659453
12.019307198171369,3,urban,7.5225765420764485,9,ambulance,88.73354403819327
16.104710488932263,2,rural,9.817704729672963,10,ndrf,77.66501933883636
1.487765285414464,2,rural,8.31872890630902,3,fire,7.579720355923701
11.798439293995635,0,highway,2.4096140344693717,19,police,13.31562267217442
14.495273324332999,2,urban,4.092152003602731,1,fire,63.30265144272727
8.02866253817291,1,highway,6.966303015013859,23,fire,12.459189393784847
1.4216088802241695,3,urban,3.160649562745111,4,drone,1.0
20.867039208979087,0,highway,5.4650361864864685,2,fire,25.825638777332983
13.335088650040875,0,urban,2.376471188215463,1,ambulance,30.893757256310046
12.76250669681091,2,urban,6.629508610866272,11,ndrf,65.19224674616164
7.874609243841013,3,rural,3.4213398127241934,1,ndrf,30.517068939746622
16.365996770441505,3,urban,0.5517803833707835,6,drone,12.546351569047717
13.421790047486578,2,rural,9.677740623464143,19,ambulance,47.83728282176558
14.482541954358183,1,highway,8.439035688817407,17,drone,23.346937584385373
17.63570477887327,1,rural,3.0371677260881635,8,drone,17.71717570377702
0.6865770935721931,3,rural,1.296248001900433,0,fire,3.1864084036137115
27.277029154383467,0,rural,7.35226173265314,3,drone,34.79485417184167
2.5970782098798972,0,rural,2.2067278177737473,13,drone,5.191787757301899
13.802280045821838,2,highway,6.05454073732427,11,ambulance,21.721874210400504
6.617499819561751,1,highway,7.790791283429757,20,ambulance,9.92749496625218
15.951579896411323,1,highway,2.7242386338325053,11,ndrf,23.076010976560774
8.766788209515566,3,rural,2.846366351250892,9,police,37.29120677720475
25.870191692846813,1,urban,0.616126646652223,15,drone,21.06589398322742
12.192615101891397,3,urban,3.198481575327874,20,drone,13.419394857509415
19.3432888951689,0,urban,5.974510684648279,19,ambulance,62.02119038802929
7.841951980362429,1,urban,1.5579682607344325,3,drone,8.223781910973797
1.0724814395735165,0,urban,9.530827942971614,10,drone,1.8027594150532822
12.422558800591645,2,rural,7.224157333538548,22,ndrf,40.026563101661196
16.326351441969557,3,highway,2.039008872695364,19,fire,48.330246023499676
14.056640962221634,3,rural,5.3061667245649495,18,ndrf,78.14400158844512
28.87942373265637,0,urban,3.9144088408258026,2,police,67.22860884474085
21.351755628457838,3,urban,3.8235315708867654,9,fire,165.21918425094756
29.872259118449158,0,rural,5.599881996862173,19,ambulance,57.946441950609305
9.204272664262172,2,urban,1.0815065898828369,3,ndrf,38.16877052222568
23.777071748410822,2,highway,2.1531362585140323,17,fire,47.19226347327143
16.88897479262511,0,highway,1.4968030466644855,12,fire,17.166852957674013
18.546930456230733,0,rural,1.7397919435701215,17,fire,41.23104663424041
29.582669413048666,0,urban,6.5521744804553625,16,ambulance,74.34880623228098
19.79262239265795,2,urban,9.96164887757925,2,fire,109.452922508366
27.01509832393908,2,rural,6.511061152918468,3,drone,34.477655934365664
21.909631924217788,0,highway,9.847235220563967,8,ndrf,44.86193582667935
4.257890590880127,2,highway,5.7700735558979455,22,ambulance,11.53501534123301
21.13299945450822,3,urban,2.8330861959010702,22,fire,123.81732051563564
14.787309866221719,0,rural,8.723048304371021,18,ndrf,45.6559164455451
27.6045407929791,2,highway,0.6719109518077249,5,drone,24.607268433649963
24.301616192118427,1,rural,1.024279384139588,22,police,42.177201267231524
3.571973284413144,1,rural,9.4762440887685,17,drone,5.272211049277569
4.450511487779974,1,highway,6.501851993537574,7,ambulance,9.336411330136704
2.5535245530588644,1,highway,9.289620239009357,17,drone,3.3789651498985425
15.050723804966214,1,rural,1.3288652011112234,10,ambulance,30.071517594784133
2.882766896616914,0,highway,7.6826095355765975,11,ndrf,5.9895232924003405
21.848510928953473,1,rural,2.3481045058667203,5,ambulance,37.03901727501632
16.794578152787764,2,rural,3.433541843003548,15,drone,16.225001599434684
25.1586080178177,1,highway,8.989913764346369,6,fire,46.18450888615248
8.75397576580383,2,highway,4.11255349276571,22,fire,18.646937411742336
15.814653132753651,0,urban,6.705365969467552,3,ndrf,54.15430998050038
3.9656507343610587,0,urban,8.872760542418458,6,ambulance,11.268703258628651
26.59599507818327,3,rural,8.708739283718133,3,police,108.45897012916839
5.66264638755023,1,urban,0.08907253823316141,5,fire,14.991483808719197
3.5196864148369476,2,rural,1.5821527567568805,16,police,10.18889445904781
6.548992656433907,2,highway,9.186216391356654,22,fire,14.599549589227133
24.283828917327952,0,highway,5.62415868322261,3,drone,29.411771217156044
3.6215285666981427,3,highway,4.801999888796502,5,police,7.598818911175334
18.625611097725894,1,urban,0.6525785827034725,3,ndrf,59.60775888734541
22.512348368146206,3,highway,0.25052240937451287,19,ambulance,50.88461792926697
22.656894234244696,1,rural,9.534147370177012,12,ndrf,67.95033107719586
6.106796154939869,1,rural,4.738510825049419,8,fire,17.649485200009142
2.3179079521395543,2,rural,7.8641731550460605,16,police,7.576266258451308
13.73978832128042,0,rural,2.2000139334947475,2,drone,14.279335584526928
6.473317684714109,2,highway,2.3707195249220545,18,ndrf,17.550356687202346
21.128488865911173,3,rural,5.6025532039420645,2,fire,86.11691906310186
11.022437589834919,2,urban,8.760258360484162,13,fire,58.05212595661332
13.755941260477396,0,rural,2.885799356045956,0,drone,11.306847002203302
3.8478055265004985,2,rural,3.287999837558213,4,fire,12.075429027777309
17.242733453171656,0,urban,5.506283062196712,14,ambulance,43.018410032717874
5.972963594141266,0,highway,0.4000557176772912,13,fire,7.870932755846805
20.530076996990644,1,rural,3.787621482452719,10,ambulance,43.515435837408724
2.599480265162864,1,urban,5.56282889641696,15,ndrf,14.603825007392011
29.288890472299038,0,urban,0.048268022563433544,20,drone,20.8326922078018
20.693545868281443,0,urban,6.3800351716596015,6,police,56.18033416841859
5.861022250451822,3,rural,0.5096097815474321,23,ndrf,23.126670956003043
0.9157920411247459,1,urban,7.1995891973172,3,drone,2.3477215095141744
10.366655320053953,0,highway,8.016784609203269,23,drone,13.161323194356086
5.007991289540119,1,rural,8.387947578073206,22,ambulance,11.795039441433149
6.943134327026606,2,urban,6.733881068245456,10,ambulance,35.82654016014743
26.246132623917738,2,highway,5.61570604577967,2,fire,48.69417331230374
18.29453747150006,1,urban,3.075614942111918,9,fire,73.96823241907728
5.705500764352535,0,rural,4.246137185666408,6,ambulance,12.338529009466985
16.92145232027974,3,rural,0.8705605703019914,13,ambulance,47.94340219293348
8.0455292760373,2,highway,7.07101557397268,5,drone,10.508469436808879
29.29792549856363,3,urban,0.2468436803447882,1,ambulance,124.52234884842456
1.46633829277901,1,rural,4.134370845374137,21,police,7.106787364952937
22.103393453950545,0,urban,5.062107016733953,20,ambulance,50.9407601239198
23.303412272647105,1,urban,6.5008951800346635,12,ndrf,93.2944833711749
2.4813015367521576,1,highway,3.4319889140647675,20,ndrf,6.743093581056948
5.570146244824872,2,highway,4.427878328891416,22,police,10.742508838194079
11.837046443566749,2,rural,5.873760119414007,22,fire,33.707618929872254
26.110567382607503,0,rural,9.231747908348028,19,ambulance,60.97138314115662
16.34149818334573,2,urban,6.719721311708316,1,police,67.66450396778885
19.83155207521507,1,rural,2.5443440257031003,18,ndrf,54.04485457671683
23.598878645976857,2,rural,8.472636205993435,22,ambulance,62.5740134082417
24.92962225595684,1,urban,0.5506447180238427,4,drone,21.51937811138956
14.550394020968591,2,urban,2.7229906198466947,1,drone,13.842852072649857
15.509397593817699,2,highway,1.0815178401876302,8,ndrf,34.63767416086571
21.681172784089494,1,highway,4.470386404302589,19,drone,23.77717365385129
8.268599582700979,0,urban,6.369271907535304,19,fire,35.145847468422325
25.70744722278297,2,urban,5.309953212728703,14,ndrf,124.62667678030472
1.1132113220373263,3,rural,8.112622021379941,23,ndrf,7.013294393013219
6.2752622651868775,1,highway,5.674881643370734,3,ndrf,11.98832521274177
24.105898319576845,3,highway,2.3266694625699635,21,ndrf,62.59405443072239
10.537617250833831,0,highway,5.364218611684271,20,ambulance,12.614460763087779
4.920068564423026,3,rural,7.354895215326968,22,drone,6.235329355823378
6.009265293486398,3,rural,5.029533642588396,7,ndrf,27.506035125441926
16.15731385711405,1,highway,4.419695483833897,15,ambulance,21.872270279531843
25.46235511567714,0,rural,5.290973533999254,6,ndrf,52.14230916112438
2.5841961152477624,2,rural,5.480581723595352,11,drone,3.5754309600018255
1.3991868191771575,3,urban,3.105571308596322,23,ambulance,10.210849976276362
14.222460007186873,0,urban,8.542263510583245,12,drone,19.546125119950382
28.707528744082225,2,urban,2.076830147769093,18,fire,144.71571019172242
8.730789200716728,3,highway,0.3283212170828653,11,fire,23.099732960889543
28.795530902477925,0,highway,7.41492215857466,0,police,33.84363726612729
26.68659470940504,2,rural,8.42313770998938,3,ndrf,95.7570488253892
8.852484753431579,0,highway,6.427362729699583,16,ambulance,10.387606016070281
24.59996789555633,0,highway,4.689451429125669,7,fire,28.705325849226046
20.733085425780153,1,rural,9.75205446243735,7,drone,34.61065539808273
15.598760472690337,1,rural,3.707602370437,2,fire,30.937960095613626
12.976026219764805,0,rural,4.058978532945319,19,fire,30.372675218115695
24.557331299800975,3,highway,5.9111274726133,2,ndrf,72.93189398551905
23.895843264503128,0,rural,4.304268834028465,12,fire,43.61804566484709
22.829621910305494,3,highway,5.552983766883709,7,ambulance,45.781328591164055
29.948550560851228,0,highway,9.665637125333728,21,police,35.90150599461418
14.616117597770824,2,rural,2.374986922510339,15,ambulance,30.263159974292815
24.304227845687517,2,highway,1.4856292579443953,1,fire,39.45949015690197
25.943111826012615,1,urban,4.235512333946517,14,ndrf,96.41235025337285
6.742276152883676,1,highway,5.039985632036801,3,ndrf,12.057992869866274
1.740960040565299,3,highway,7.131965843748894,13,drone,3.7600543184805266
12.4400778645631,0,rural,9.551731806308744,5,drone,20.205508877701288
25.773732190884893,3,urban,6.88670337069567,17,ambulance,182.0854473703403
9.028546795238052,2,rural,9.871751556143195,11,police,29.007367848866576
21.15029954498901,3,highway,2.4633869334362615,10,ambulance,50.178676073124194
0.7167701023957491,1,rural,2.0889008868066505,21,drone,2.095522797435068
10.983250753447013,1,rural,3.0653475089877444,10,ambulance,23.03204390143127
18.65774249536546,2,rural,7.871239226074755,5,ndrf,64.87860146970687
4.327837107133938,2,highway,1.8651472248396983,12,ambulance,8.003512103908461
26.949903908349302,3,highway,1.9619004966843367,19,ambulance,62.99862888758409
5.110082324953837,3,urban,4.117357606144606,1,drone,6.600266270721183
27.338909577617844,0,highway,3.1754428739632545,6,ambulance,27.23873576895157
6.8834846061477535,0,highway,6.464780891438107,13,police,7.530663746846498
29.831220880517304,3,rural,8.90167032844508,5,police,122.31064866405805
18.34008704221993,1,rural,1.3866057184189973,18,ndrf,50.903287964198235
2.988174385930183,2,rural,5.467549269494358,1,drone,3.4790435170372302
2.4256784171204657,0,rural,0.8840071771311386,6,police,6.2916311403462615
2.7101900396543286,0,highway,2.214934100627949,14,ndrf,4.58077736745318
17.90183604508308,1,rural,3.0910154639536316,20,drone,19.323782754153356
24.382586468657863,2,highway,5.7910294574673085,8,ambulance,42.84862367271813
12.387400882229919,3,urban,5.54878992253074,6,police,71.94927470244885
13.622654898814924,3,highway,6.430662516797856,22,fire,36.72760624503828
17.883987258106526,0,highway,8.189064172277382,12,drone,24.861976416003927
16.224697841197496,0,rural,1.8722987812743075,4,ndrf,28.014318942582126
20.79782112648747,2,highway,7.433824774608046,20,ndrf,47.85766565525508
14.417678744809283,2,rural,6.670209549443936,0,ambulance,35.20595073123191
21.558890209389993,0,rural,0.7971103492529885,17,drone,17.6498818223117
29.920666905125707,1,urban,3.446953200526716,21,ambulance,80.99953872880562
10.833786346338565,3,highway,0.27699348881674246,13,police,22.39246615419173
0.8603561560028488,0,urban,0.9018438174111709,21,ndrf,3.7392067675941285
4.205938843773816,3,urban,2.837868000566608,14,drone,2.93435030568158
16.82866845711514,1,urban,2.4311616443435224,14,fire,52.55785842484608
10.655604720767235,2,urban,9.001737694387922,2,fire,59.659170646485194
28.229486514297278,2,urban,8.937885628748036,4,ambulance,120.39394859609342
19.0096596581678,2,rural,5.7786751757668515,16,ndrf,59.766486793237775
15.850477985981303,2,highway,7.3503555908610485,16,ambulance,27.2091914254259
24.042165287524554,0,urban,9.996013131327523,14,ndrf,92.30392886120786
8.128401195948307,1,highway,4.101926977975287,5,ambulance,10.140085622538843
24.68228693832961,3,urban,5.224254260629058,2,police,134.7333431592713
0.5903025934907419,0,highway,6.511499390451569,2,police,4.078860414160815
18.78048218300367,2,rural,9.205582124186819,2,police,52.42278483538613
28.07533595585048,2,urban,7.970165507241314,5,fire,143.10646108989965
23.741868584999168,0,rural,0.6442177752673961,23,ambulance,32.85341971723488
25.6822086683471,0,highway,7.1295028412029895,18,ndrf,43.66392088274876
12.210163507559265,3,urban,2.519355302558405,4,drone,11.700918816770818
24.815048909953724,0,rural,2.5490169654154915,7,fire,42.23567773970257
16.749534118392866,0,rural,5.472382450524956,21,police,28.88694226842473
18.746936976844367,0,highway,6.9630085123057786,10,ambulance,22.439655551693235
2.2380025104062033,2,urban,1.592278225083974,6,ambulance,9.30075003578365
6.445775066644568,3,highway,3.1451148096393764,7,fire,16.667925540796013
16.7534502576498,0,urban,7.1612100425005645,9,ndrf,73.83456156173887
2.2346312057931805,3,highway,1.520019932099389,13,ndrf,10.392533654265716
22.37268079433754,2,highway,8.497084763496755,13,ndrf,51.076956347466854
25.281681751396096,0,rural,4.560427941624261,12,ambulance,37.55414714667348
27.650689658196743,0,rural,5.859902502085138,15,ambulance,42.149900173155224
3.502169545804275,1,rural,0.8039839837549423,7,fire,8.730826863024124
28.2217473166726,0,rural,9.545012443013137,11,fire,64.24895035639541
2.494790225064202,0,urban,9.075322549713224,19,police,12.640223999246947
14.484658369870552,1,highway,1.9007871612006366,8,police,20.088844023780304
25.287405108520446,3,rural,6.6310227652889715,23,ambulance,87.07270765805744
2.574178587651433,3,highway,7.931172187323229,11,drone,4.1946078331419745
1.037816653175017,2,highway,1.2196740183602905,9,ndrf,1.6841622427186764
1.2359577018461954,1,rural,5.774535594092642,16,fire,3.3072760802694385
15.58247206336299,1,urban,8.504539301383986,9,ndrf,90.78523409092809
24.442103965601557,2,highway,5.067140974407149,9,fire,55.906075306867216
4.259086796641689,0,urban,9.237853399248104,8,ambulance,20.95416784620854
4.176002495346449,2,rural,0.4780189692061265,13,ndrf,13.693917321261246
17.272132223968853,3,urban,9.192106829736737,1,ambulance,108.12185207426735
7.411720223951749,3,rural,9.772180477276216,9,fire,50.776446507500125
22.04130518677378,0,urban,1.5594210097311634,18,fire,72.77734896831794
28.51424395121412,1,urban,4.309501966090901,7,drone,29.853045133859645
23.097985494712187,1,highway,6.207649226613336,12,police,28.439952447082224
26.376673308178034,2,highway,8.932382882887511,7,ndrf,62.530287242870436
15.827788698364275,0,rural,1.5952617288973814,22,drone,16.354821686649437
25.053419474417232,3,urban,3.3402795807080854,5,drone,23.67200418299589
5.89564392760713,3,rural,7.979298117010196,18,ndrf,35.81830450534511
2.516262766671008,1,urban,4.100045627119156,18,fire,11.094654814216423
19.850616748678235,1,urban,6.049434747744406,9,police,82.75817189669402
2.03259886086265,1,urban,5.600055232166615,23,ambulance,7.865142467478228
26.828201864620574,0,urban,9.73171695676596,23,police,84.91663731026661
20.900847339668847,3,rural,1.415312239168175,0,police,62.358196199991376
28.589921399562904,3,rural,9.484405620876156,13,drone,43.25620382559728
9.759656361240452,1,rural,5.641507156878806,4,ambulance,22.396447572703334
14.841670121447814,2,rural,9.041522580553261,23,ndrf,53.841335694070175
22.37986576883101,1,highway,1.1794213684903898,23,fire,28.149058008398743
7.661980071094206,0,rural,6.415030138798876,10,ambulance,17.377468595487237
16.484540193294173,1,rural,8.401100363445437,8,police,46.63638562074746
19.954284612661603,0,urban,7.868815014136002,19,drone,27.985258975261488
29.374855306187715,3,highway,0.09938322534245758,9,police,69.32062300972247
22.468747180150352,2,highway,4.522054662122007,17,ambulance,41.970589576262164
3.984860083232683,3,rural,1.1534672436855198,15,fire,14.44863259282516
14.522336815807654,0,rural,1.528251077777374,6,ndrf,23.57387690410696
17.868738098192377,2,highway,7.062877099808511,8,fire,44.370356209042434
4.825382714498406,2,urban,9.5657952953129,22,fire,26.878012965625032
13.242998680941811,2,urban,6.340974411832016,11,fire,63.4294191090521
8.878171581906779,3,highway,1.0237706080455944,10,ambulance,20.3306302399391
4.005412496729766,1,urban,2.4399659185515796,21,ndrf,13.266107675411043
15.605237037171907,0,rural,3.788743974239146,13,fire,26.35394124797104
5.38617588986419,0,highway,1.2535755117624459,13,fire,7.829877414195203
17.92085355327884,1,rural,8.479681023750617,9,fire,60.77626063917747
5.506059501135031,0,rural,1.9450518322077281,16,ndrf,10.507925047935695
21.846050246283223,0,urban,1.2955107723374504,1,drone,18.587214089473015
6.259627879375277,0,highway,7.256846721533149,5,ndrf,11.382281205068848
26.94041047289641,1,highway,1.2683235126557124,19,police,37.23027086248407
1.273176018189861,0,highway,4.1031944714851365,6,ndrf,5.278282199812915
15.89892291784921,1,urban,5.155083047511701,23,fire,56.86610880602437
9.943090593653134,2,urban,0.8022929369489729,21,drone,7.539741292691078
7.139757510350429,1,highway,5.557882040685287,9,ndrf,17.604805801447057
14.412281985371868,0,urban,4.8016400254997835,22,drone,15.205518097794466
25.33957632156569,2,rural,6.684162787269551,17,fire,95.37149051743476
27.500677563036138,0,highway,2.191459299736672,19,ambulance,31.80098806209902
9.445834235361449,2,rural,3.566291440633138,11,ndrf,30.220378314097374
5.050186851804602,1,highway,6.596553390599784,2,fire,9.735310244154501
21.744143203206065,1,urban,0.3559662224106386,13,fire,63.03656118705374
17.668962400951656,0,highway,1.1579494279367952,19,ndrf,28.109933130919412
6.4299763859880175,1,highway,2.8355183131508377,2,police,9.474115873099691
22.928725748579378,0,rural,1.06356373907188,0,ndrf,39.68684762301555
15.808447839643163,2,urban,0.3951246900530825,19,fire,75.03757170272792
19.775158385468522,0,urban,9.873824226476843,14,ambulance,60.001603925174024
11.100501501919968,2,urban,4.557599821822143,12,police,40.652541783431204
13.45337805842009,1,highway,5.336840050996222,16,drone,13.374331225367241
5.820091902060795,2,rural,2.549048963820515,16,police,16.978902346397565
22.81721809553756,2,urban,0.07687241920479426,10,drone,17.530570371616445
5.13183406247786,2,highway,7.5072418540818315,14,drone,8.51207960425539
23.45992654515631,3,rural,7.237529822282807,11,drone,31.978796616142855
24.041231719095286,2,highway,9.725407428893964,4,police,46.81781577870223
22.524728439626088,3,rural,0.2110208240481093,17,fire,94.37485966344258
1.0729722477328425,1,highway,1.3702073439064888,9,drone,2.3661775702322516
8.55742977189687,3,highway,7.1214104876427875,21,police,24.190833777141492
14.315963412358505,1,highway,3.300736373425556,9,fire,26.090931476234154
18.068559172145477,2,urban,0.637731315104415,4,police,57.293834804036955
27.617051931386982,1,urban,3.009581361836765,19,ndrf,124.1289244900156
11.580376177796717,3,highway,0.8771692549430254,3,fire,24.65839281876196
26.313187903831647,1,highway,8.376057556111396,23,drone,35.258798086200414
5.321164000036678,2,highway,8.769331554045996,15,fire,12.616768752860372
11.452774381504495,0,urban,6.368899219870745,11,fire,36.42005602731754
2.0423193192290285,2,rural,3.8559725603737194,5,ambulance,4.408236780328742
22.403434086140855,0,highway,7.687892457362625,4,drone,29.98862393736521
4.944256344270932,1,rural,6.315902633391394,4,drone,7.063511993083714
8.082090461629505,0,urban,7.919819791941859,19,fire,35.06761683596335
23.369380939699838,1,highway,5.109073546698561,4,police,26.306456518442015
16.274143163969946,1,highway,9.583449044906837,0,ndrf,32.270912918307786
0.9121952228446457,1,rural,2.9003369448849536,4,ndrf,6.664433915640429
0.5659385400482155,1,rural,6.041849274502268,14,ndrf,4.059532795338868
15.564488636326963,0,rural,8.080526003107556,11,fire,33.47604142257697
9.496187655601247,2,urban,8.938728188830199,8,ambulance,52.232542920518846
5.819187656857725,3,rural,9.467482898903576,23,drone,10.205634072476633
18.601021162625273,1,rural,3.9501097264563247,8,drone,19.355864164372253
7.238875915664099,0,rural,6.993427291707674,19,drone,10.465851456048131
17.970110915705963,0,urban,2.901971219804035,2,ambulance,37.625669933049
11.68834554229505,2,urban,6.493793076144719,13,ndrf,60.84893546865152
6.009013421258796,3,rural,1.8422630513903093,3,fire,21.994759216235668
4.574089767128085,3,rural,4.214511847822776,1,fire,19.837749634569825
7.4873877922549985,1,urban,9.202370756819164,16,police,25.806127947517208
1.38004718638306,1,highway,8.109063171498606,16,fire,3.600285650208047
9.58974538006992,0,urban,4.9650614886397015,13,police,25.842902059359524
27.107663360362928,0,urban,1.4684532604880252,10,police,75.74680279157856
25.025182713549334,3,rural,3.985716003641311,6,drone,25.457127229140166
11.474110823229937,1,highway,1.3867897858890088,18,drone,7.122586086061543
17.487091748163213,1,highway,0.6852763815231044,4,ndrf,24.99540371416498
17.237136490914725,1,rural,9.065113834452003,11,drone,28.097707027565317
24.947757406214514,1,rural,4.914314720390129,22,police,46.10493603283303
7.470557994750486,3,highway,0.8938871285203387,16,ambulance,14.134408475707977
9.243430919393864,3,highway,7.166685913948188,20,drone,13.234105589517586
9.40267029549554,2,urban,0.7418150111897304,4,fire,37.841261942912446
1.7056646982643928,1,rural,3.961654171436617,0,police,6.626944635201673
9.78329196703117,2,rural,2.3029054281253645,19,fire,33.93950305161308
26.398456409346206,1,urban,1.6463028319821627,13,drone,21.214773726266085
27.40363560335869,2,highway,5.33549208005006,18,fire,63.201844017281054
3.7342427001722363,0,urban,7.196896132600762,20,ndrf,15.523467638029127
14.012726977743727,2,highway,4.871897347777883,8,ndrf,35.47089704509935
11.749792596835354,0,urban,8.208024548924167,2,police,35.25889009126339
14.936096300389943,2,highway,9.173869255386208,23,police,28.66634848058315
16.864225959730977,2,highway,8.071811045333833,7,ambulance,28.298455694031194
1.097633420523509,0,rural,9.56491655143514,3,drone,1.82017997516088
25.346146313674243,2,rural,9.290359714858777,13,fire,84.06061280278637
29.223090158613484,0,highway,8.325168388012226,0,fire,39.33669151440528
19.77544195410745,1,urban,2.9263260060317267,1,fire,64.48099225173388
19.983341035554393,0,urban,1.7433206473368845,18,fire,65.47764283477653
16.075405806005897,2,highway,7.270113695398464,2,ndrf,36.30228835563103
10.36106564557426,2,urban,8.455290342725789,14,police,46.493087633728955
4.8948458132958725,1,urban,8.231235186354972,10,drone,9.66835109667024
17.729868609533494,3,rural,6.436224407080702,2,drone,23.259263315557256
1.8257714035216082,2,urban,8.298681647517768,22,fire,10.467024886455507
24.82282574691028,2,rural,7.071661944152901,3,drone,31.5172330807783
12.916895134383156,0,urban,6.653658613029171,15,ndrf,46.26831711267679
12.735249612778258,2,highway,0.4657649765756189,3,drone,9.970065290934789
10.15154032503922,2,urban,4.60474527941964,14,ambulance,35.57108232419734
29.0959397166083,3,rural,0.3384611358952805,4,police,84.73022320445622
5.660050106736206,2,highway,0.9237004794976,21,ndrf,12.111380761300868
4.963580733518729,0,rural,5.410046531331042,11,fire,12.484585792812856
5.3831792955783895,2,urban,0.47479033894226585,0,ndrf,23.704485786365144
19.92656074409754,0,rural,9.132203827156749,1,ndrf,47.559165895332285
29.76091190252315,1,rural,4.503409571664781,13,ambulance,49.94055015390911
7.446517526851763,3,urban,6.9996664971454905,12,drone,9.869990614359315
27.21571321349089,3,urban,1.477951824630428,7,drone,25.858035080637556
8.719188496641086,3,highway,8.475952501049619,14,fire,29.531965332125665
19.613047643696355,1,rural,4.780669163327264,19,ambulance,46.30350942735279
1.6947190820343478,2,rural,5.58775919612863,17,ambulance,7.998572845258305
15.121792249997576,2,highway,6.484841798642035,17,ambulance,34.07429569470328
19.809814005229963,0,urban,5.3989825287688165,22,ambulance,45.185457210238745
16.321433428067543,3,urban,5.631871222548453,4,fire,107.56636673129944
7.516143854012838,3,highway,7.445233289559613,1,ndrf,23.373476177613796
24.940659973903507,0,highway,8.064713707971912,2,ndrf,39.36978909963086
29.11902708152809,3,highway,3.061660634185376,0,police,58.69110610232436
14.046284822915927,1,highway,9.220492950491082,7,ndrf,29.016964207993116
19.259618323082982,2,highway,3.5389667909575326,3,ambulance,26.532813664317743
23.81719141619439,2,highway,2.723256061978411,22,drone,23.18750904213527
7.623927288342922,0,urban,3.1143042212635788,8,ambulance,22.278224377223907
26.00128626689917,0,urban,3.585151573878289,5,fire,71.23105323187248
8.765926706644928,2,highway,3.1693060580959864,12,ndrf,17.796546591384395
23.387008703699546,3,highway,8.437501768847955,10,ambulance,73.85285249198573
3.806927356579451,3,urban,5.611526805179822,0,police,22.723863917997253
9.007407750718007,1,rural,9.676453819373542,23,drone,15.797219134643209
16.2417880512261,3,rural,0.8395557537572662,16,fire,57.44883620481509
15.985201823277297,1,rural,6.1398017404971625,19,ndrf,51.30883408408731
25.587719942347803,2,highway,0.9602429733300855,22,ndrf,45.90485465690504
29.885754100338914,1,rural,4.588500846805283,21,ambulance,53.45867613057593
3.6627199528741485,2,highway,3.8273502253338765,5,ambulance,6.20248057299347
8.505949918338592,2,highway,6.807749151119673,18,ambulance,19.337130301860107
11.049147201580736,2,highway,7.45444813281196,0,ambulance,20.700010262924906
14.62809303039515,1,highway,2.380936520656979,8,police,22.685969503282497
15.070337423054772,2,urban,1.937148164719037,18,fire,76.57246243232812
25.75775436287829,2,highway,4.195104325272478,16,police,33.685703053327046
23.231499432160444,1,rural,2.419873005028741,18,fire,58.060391890859776
1.0561215816196228,2,rural,6.766240071212141,18,fire,6.973645133191518
13.923141937204043,0,urban,5.1769764976287815,1,ambulance,32.20401021869413
18.733178228200618,3,highway,8.26977017931398,13,ndrf,61.84986926012716
14.08166981924419,0,rural,9.812720422786743,14,ambulance,28.194142027480993
4.354035052758219,3,highway,3.7810786452047553,3,drone,4.62634388681572
12.22548546887412,3,rural,9.119967174758127,5,ambulance,45.62030665188544
12.643843006327215,3,rural,7.77172237154336,11,drone,15.938615494128179
6.037619712267883,0,highway,1.49123411505392,15,ndrf,9.450789680440206
22.811059876893125,0,highway,8.35928307192005,20,drone,33.73892010560216
9.981320064203066,0,rural,4.815073123027359,17,drone,7.894630659560246
17.87512507177418,1,rural,7.091608712001926,23,police,37.91862077169932
15.714040338283642,3,urban,7.026116043196991,5,ambulance,86.08664583869657
26.384098836883467,3,highway,8.859656039877216,9,ndrf,112.00481127236728
4.099440489953727,2,urban,7.6116470344989065,6,ndrf,23.438049315950927
3.870758743477074,3,urban,8.246237381178918,21,drone,9.309718965446134
9.359430239128965,0,highway,3.209119391372065,14,fire,11.015121300528614
13.220841559712134,3,rural,9.731375259619966,12,drone,22.67317178408476
9.306996338188116,1,urban,6.615921620267838,13,drone,13.139486394112918
23.01401893065969,2,highway,7.736916444786662,7,ndrf,50.669988811241026
7.73534237172434,3,rural,8.588812855127081,21,fire,37.79857290541843
3.0008549117812193,2,urban,1.237832194108991,14,fire,13.24086808445412
12.707094391582352,1,urban,3.3641087448940077,12,ambulance,33.61338286136782
23.314689000085277,2,urban,8.359359714865791,16,drone,31.30050911216887
25.591577335808868,1,highway,9.219819911322602,19,police,48.27014444318715
22.13367302671885,2,highway,7.560934220528725,9,fire,55.60276396680303
16.95765701574245,1,highway,4.823089315506582,17,ambulance,25.023918726701314
21.86365520160071,1,highway,2.511222636061703,19,police,31.450698234096482
20.60099129146391,0,urban,5.250274899268101,15,ambulance,49.27169390529468
7.413815658604295,1,urban,3.9730022475158755,2,drone,8.566852775318814
16.747387319994214,2,rural,8.856307962923227,4,fire,55.82042773151954
23.232975312833744,3,rural,5.6726500914127085,0,police,80.37563166782209
9.855059525316577,0,urban,3.9206635185584107,6,ndrf,31.43453135050829
19.792207828149476,0,highway,4.984799205055612,3,ndrf,27.36301553605198
14.703672611804556,2,highway,9.33567543723282,13,ambulance,26.31445512631984
15.34318610287809,2,highway,6.132584785313801,21,ambulance,22.928185635256273
3.156623614573712,0,highway,2.289794001156329,1,fire,4.52778763184484
20.153406376508702,1,highway,5.000775790396722,6,ndrf,31.769675821762185
26.037767542958342,0,rural,4.656582369942484,1,drone,29.369587913302826
4.672222996762953,0,urban,3.104042751065783,2,drone,5.965138192544969
11.300117035385256,0,rural,7.362995117705929,1,fire,24.057707044213096
1.9356899178046327,2,highway,2.682869494507928,14,ndrf,8.16525224423825
1.3741406363035376,3,highway,4.925489949622058,22,ambulance,4.697932187762943
29.69492565181644,1,highway,4.410467029350675,17,ambulance,45.041728100211735
15.057409495038346,0,urban,4.668626672457824,16,police,39.54296480172842
10.987811049739769,3,urban,5.667755574737734,3,ambulance,60.48315059319929
8.608873760438058,1,urban,6.832972660575979,20,ambulance,28.193462216414854
29.410373025876293,0,rural,1.4299984268575694,13,drone,26.015249547069136
7.941398172889668,0,urban,2.883251017038302,23,drone,7.931006130878859
21.908397674263426,1,rural,7.728367672295637,9,ndrf,76.92857269349068
8.870863826275047,2,highway,9.077453523866193,16,fire,19.451886635510455
2.579440408029114,1,urban,0.4465698603752266,11,ambulance,7.560112972797915
20.656660128279267,1,urban,0.7336557510105324,12,ambulance,52.6773750285658
0.5481100050810137,1,urban,9.33829680863283,2,police,4.905259129302458
20.4345810910368,3,rural,1.4794089458643578,11,drone,19.584669509302167
7.886109670199782,2,urban,9.792891305371082,4,police,36.79423820493217
22.510074846109287,2,urban,8.282221317939328,17,drone,30.588232945200573
23.207629936844157,1,rural,1.2070442644765578,17,drone,20.759326554277976
21.861163545117368,2,urban,1.0252505322306438,20,ndrf,89.88150456532063
1.2222615232945064,3,urban,9.772969298648741,11,ambulance,7.85428119403562
21.260230279491168,2,highway,2.5482279968226837,19,fire,46.0336420386367
29.709295614645015,3,highway,5.386672016556183,21,fire,79.41709117765922
7.657448371505875,0,highway,2.362357031699971,11,police,8.197095973914989
8.590037880647486,3,urban,6.006745131307138,22,ndrf,64.12758066416487
24.499033212625914,3,rural,8.4002854391102,18,drone,37.3362404079643
5.231705749154377,2,highway,6.569091863977771,6,drone,9.020427126058996
19.98721842738427,3,rural,0.46616658944641065,11,police,57.383241524092874
22.773278136267063,2,rural,5.951893436337499,2,drone,24.782192236174055
1.5962395236710367,1,highway,6.610166345999664,9,drone,2.7526418908369292
16.83598178082417,2,highway,2.0089800128114685,8,ambulance,32.14301174768317
17.488379126808546,2,rural,7.62117900740794,7,ndrf,61.564161310435985
9.45156547305793,0,urban,6.268933696292283,8,police,32.791306178502644
26.35216774722676,0,highway,0.09547177034054277,1,drone,24.02622178101088
5.301116719345763,1,rural,9.505550730200033,10,drone,10.335229724259696
11.243743930422886,2,urban,4.455795903593781,4,ambulance,37.338790632629305
25.535726270846215,0,urban,2.323789580161387,5,ndrf,73.66763006526345
6.123961319876779,3,rural,0.8619774191684515,17,drone,5.797969556837386
24.73053702166641,0,highway,3.744289396013216,21,ndrf,29.399545751368628
2.8325407323546936,3,urban,3.07769111051572,4,drone,3.315037903365649
14.932257482104706,2,highway,2.9795314149478083,13,ndrf,28.484223814194955
2.7222545421482507,1,urban,7.932011413250852,21,ndrf,12.394562256398393
20.49815575931467,1,rural,6.459211555013718,14,drone,24.541084295257214
23.822743927140205,2,urban,1.3305301093100375,1,drone,20.420239390211755
25.570827173280684,0,rural,7.080741036951562,18,ambulance,53.72560879591874
29.44723639694767,2,highway,7.234820054132544,1,ndrf,62.72264285655427
20.324463807837812,2,urban,5.1426863026085625,14,fire,88.26670453007866
23.187326458280598,0,rural,9.957670153539484,11,police,45.26910331109183
15.419869210479217,3,highway,2.834792731281043,12,ndrf,38.94083860034904
27.42573858484322,2,highway,0.5845563828038403,5,ndrf,43.495670311989905
19.490872274884147,0,rural,0.2880621014925622,21,ambulance,26.59882013093287
26.56476648441463,2,highway,3.205480579118809,2,drone,27.01338034794245
7.445834501909485,1,highway,4.979179720836523,22,ndrf,11.638696283178493
15.153764531182897,3,rural,0.7823105909188188,1,ndrf,54.40658310157277
22.029658171382216,1,highway,5.657986091758742,7,ndrf,35.62682004685196
6.480291759599156,3,urban,9.008705652462979,12,police,41.74534718149792
6.734523901228359,3,highway,7.96862814738995,12,fire,20.972800207085722
29.352260841966306,0,urban,6.724685639254913,6,police,78.27091804536938
13.321005641747579,1,highway,6.6173169454404315,6,fire,22.15393567900386
5.863555861251264,0,highway,7.303005658328212,13,drone,8.399109188937146
10.278184518454427,1,rural,4.942063842819383,0,ambulance,18.400982785236504
12.222596373844805,0,highway,4.017998180878353,3,ambulance,12.706639458412432
18.881015095371524,2,highway,3.066555031142676,9,ndrf,45.9896556916127
27.728932441908697,0,highway,0.996183647976886,0,ndrf,27.82644500438578
29.604407239701686,2,rural,5.621625450179075,2,police,72.49063108344359
19.72511338787782,1,urban,4.725180841792495,0,police,57.41816721780698
21.14770964353288,3,highway,1.189028953385045,19,ambulance,50.962577808348044
9.993960506049376,3,urban,2.682697485586968,2,drone,10.959247826257565
25.786178565738098,2,urban,7.872029101804651,4,drone,35.69650768592453
6.925050888999289,1,urban,2.5560404893973288,19,fire,28.416213603252267
3.6382291546735437,2,highway,4.257191430459841,10,ambulance,8.680791182652422
29.2110517078807,2,rural,1.6130765585758167,10,police,77.94913881948314
25.9920909662057,0,rural,1.6984661199539852,15,fire,38.49376075975583
9.457531468874935,1,rural,7.563457186426641,14,ambulance,20.406413416591178
20.41753613324095,3,rural,0.6667420114520928,9,ambulance,71.97439316050924
14.277041543689386,1,highway,2.85026143929189,20,ndrf,19.38185236356857
10.032282081291392,0,urban,9.808444899917042,5,fire,38.48537083570264
8.959839217428698,3,rural,4.758929138887652,5,ndrf,39.62385898068405
4.512809634016741,3,urban,6.062133427348052,12,fire,33.72089568395688
16.704883427137258,2,rural,6.4078960076650695,20,ndrf,53.34917229103853
13.67460235846648,2,urban,1.961386793058414,21,fire,54.87948049781362
15.609499398848358,1,rural,3.6934209396817383,17,police,37.11475236681487
6.853036440642432,1,highway,4.007066377623435,0,ndrf,7.591018646191879
28.189014787810805,3,rural,2.3068320089856953,17,fire,128.0830631022001
19.338440291750974,3,rural,2.339838119395318,3,drone,18.149956074179443
27.038219392808436,1,highway,6.078693065019255,20,ndrf,40.70177371691733
3.7234993979662856,1,rural,1.0847559101161375,2,fire,9.851984961825728
18.874103492757158,0,highway,1.291454464992472,3,drone,16.770393342266832
25.559123650002753,0,rural,5.733020488551594,12,police,41.5957889306135
10.262163004526766,1,rural,4.493380671272295,12,ndrf,26.376400458070393
6.256723489511598,2,highway,6.119334658261985,8,fire,16.01492885987806
8.31812852126578,2,urban,0.2695951437810129,11,ambulance,26.13768838970522
8.55154493911907,3,urban,7.049157272764677,17,police,67.4703998104874
13.692369465244287,1,rural,8.498896418370206,15,police,31.426551702228217
10.115926281990282,0,highway,5.241402987314132,17,ndrf,15.250620687151613
8.502585144885744,3,rural,8.408403195926132,5,ndrf,44.075914953038875
19.63111280295157,3,highway,3.9966265272966073,13,ndrf,53.241543208659444
2.064454964320592,2,highway,0.7892425881606835,3,police,5.943173656023557
10.540731455122033,0,rural,3.775441705191377,5,ambulance,15.567079112969363
20.847682995244007,1,urban,4.463683883216119,23,police,60.31757621482492
5.687567603789676,2,rural,8.655377020098515,1,drone,7.059477763830861
7.017371935280916,3,rural,3.3471651316518436,11,drone,9.406194259408084
6.419665449681065,2,rural,3.151008253289164,11,ambulance,15.304197526720678
0.5273201485764452,1,highway,8.880174344843812,5,drone,3.3460487347013466
14.476148679031395,1,highway,2.5096600326647156,1,ambulance,18.72960312370414
1.649284287775634,1,rural,6.424465356009676,3,ambulance,3.893117410812213
8.551724447359554,0,rural,3.2663371292123946,17,ambulance,15.122438372278449
29.84670102546316,0,rural,9.514558896845958,14,police,57.053306669325224
27.592688236013846,3,rural,1.896249261134002,13,ambulance,79.06758796921991
6.844736340611859,1,highway,7.239382838746808,3,ndrf,11.171613434671313
9.645071741461015,3,rural,5.500641092659132,13,police,35.452425663398536
14.179285176922269,1,highway,9.787078197410708,4,drone,23.32024621587762
25.410199626447685,3,rural,9.940564377993397,7,fire,125.81237984683032
24.178055271096188,0,urban,7.936981004239292,22,fire,78.34137481448306
4.224122378705324,0,highway,1.0345606561333198,10,police,7.126273310906279
4.1712410262763875,2,rural,4.690069443267101,0,ambulance,14.011072505408016
12.793601489874318,3,rural,8.545129731065286,14,police,51.63335239338179
26.167813993606277,0,urban,6.384832910912689,4,police,69.35644397229937
26.521507473317318,2,rural,8.78969393484121,0,ndrf,93.53511122223213
3.66729256575264,0,highway,7.993662099954793,16,police,6.395917332644626
17.441769994983773,2,highway,3.1296048063527793,15,ambulance,23.52226471761496
5.092418315190831,2,highway,1.950653793716175,5,fire,9.445663659402884
20.740814645082093,2,highway,3.2256389934600427,17,ambulance,40.045235115347666
27.534780813902742,1,urban,6.9594499105357865,4,drone,34.4441901148481
13.915694128030012,1,urban,4.81064976142238,12,police,40.14224823492331
2.950941853415519,2,highway,0.4384820434218972,13,fire,7.259921945262214
17.587998778889094,1,urban,7.424769818861826,2,fire,71.19312241040657
12.551241769007714,2,highway,0.44696866456863216,16,ambulance,17.634231498592854
24.421513193851826,0,urban,4.093042616478945,12,police,58.292471516171226
10.540161685828439,1,rural,4.622843741215183,10,ambulance,23.418552615867856
26.309467413941384,0,urban,5.030268515448086,17,ndrf,103.86467206798831
8.574162025226153,0,highway,1.390908882404116,18,fire,12.480954447894886
5.146770258716235,1,highway,7.4779018130844355,11,ambulance,7.786412650654911
9.541171130898107,1,rural,8.49372230321457,19,ambulance,25.774958273669416
1.530015858771022,0,highway,6.979005517893075,1,ambulance,5.331950200661531
8.796756022790118,0,rural,9.510706541411043,14,fire,22.491987574302573
19.973470199519905,3,highway,2.5750063937952596,6,ambulance,40.25972734905717
4.697347867419474,2,urban,1.6073009388677828,13,ambulance,15.086010413436219
3.785266697204345,2,urban,0.6729526107727535,14,fire,14.510010556271641
4.405366092003336,2,urban,7.215197359140552,19,police,25.180934550055422
2.787774390713258,0,rural,1.621072705303438,13,fire,6.905743966695546
26.301744649366718,2,highway,9.38181424741487,0,police,49.922518448621936
28.35139590714758,3,urban,5.9835047652694,23,police,160.64035321553243
1.873553975999195,1,urban,8.041356662972435,12,police,10.686621816199844
22.922117555534438,3,highway,4.346984130535088,2,ambulance,46.4515533943338
22.245976528157332,3,urban,7.348458638719521,3,drone,29.844482072287825
29.908828025996193,2,rural,4.4365113138951,0,ambulance,65.93272402881588
10.76218452077151,0,highway,5.387638078140248,5,drone,12.427179236041251
8.922515254867278,2,highway,7.735817330190617,6,fire,20.67894781733029
13.865922563889903,3,urban,2.3815355554248177,22,police,67.54470742881968
25.76896772590112,2,highway,8.8450951311169,19,ambulance,55.41576502375941
21.993512454868014,3,highway,7.1629882896961306,0,fire,63.42002635878645
14.412902512041331,2,rural,7.465401345959607,8,drone,16.44055223510604
7.714603876933259,1,highway,2.3816300670249935,7,ndrf,13.117157997426576
21.946964367416946,3,highway,0.9012738334548276,10,ndrf,65.41389633533262
25.708542607244787,0,urban,0.7285645125570328,3,fire,65.72392430079546
12.29856131649098,1,urban,6.4701655983167194,6,drone,14.449532768545394
20.223270651719034,0,urban,1.5000238243269548,13,ndrf,57.98784680803018
12.306254624709645,2,urban,9.991914503945539,12,fire,69.49717474357986
14.615556425173802,3,highway,9.610476610405819,20,ndrf,50.97216585236988
15.984856208669951,3,rural,0.29176756950691884,22,fire,55.31103557271348
23.3839115136572,0,highway,7.2505758843927115,9,ambulance,32.38314068192709
29.33642653180347,2,urban,2.6077205371573307,19,ndrf,162.42350900330146
13.608801797827855,3,highway,3.4089978491053072,20,police,28.64696258135441
10.598292684304374,3,urban,2.403104370402146,8,ambulance,62.83814196545519
11.520934690935544,2,urban,8.305456231088785,10,drone,19.798780957604055
4.449727546567859,0,urban,8.937523257545704,15,ndrf,15.811297914362232
9.259692765622821,1,urban,0.40401556755240264,21,police,22.922946369707653
3.0501986914297836,3,highway,2.7003811317705173,18,drone,5.086382607341458
13.12288076378779,2,highway,4.486984623180851,20,ndrf,27.80437167532734
5.437039444675942,1,rural,5.218220315840087,19,drone,5.001375061215293
10.718999006245056,0,urban,0.8764687814346661,4,ndrf,27.249244931021078
23.910543607052386,2,urban,8.300281929757787,5,ambulance,100.51916565123729
7.7548656923795125,1,rural,9.339798995550712,21,police,17.775483519825677
18.550891329591035,1,rural,4.028650829666,10,police,42.94831250398458
27.08485186783408,3,urban,8.572340797660132,4,fire,202.4258082781432
17.224411017371633,0,rural,6.763548900635648,7,fire,33.09606251562785
6.216882076786174,0,urban,5.917436110805564,11,police,18.94377373777615
10.670602721995653,3,highway,8.190501499397602,13,police,28.41377403510801
17.915891611929947,3,urban,4.730296170925275,4,ambulance,89.58198500249205
15.445028622915679,1,rural,5.477160659809387,6,police,29.57764002305165
4.884285170168662,3,rural,2.7466585960941146,9,police,22.952064611325437
13.680492168371783,0,urban,7.121847597211019,5,drone,17.078707639750203
16.520467499852327,0,rural,1.590622017480774,23,ambulance,23.20508387929916
8.386315076498388,1,highway,2.4316156473045982,0,police,10.85691646164293
18.567142702525633,2,highway,4.799209542134644,18,drone,17.41152364910015
2.5697229348136905,0,urban,3.853124858380342,7,fire,10.03865515243161
10.429907490182746,0,highway,2.39578337160634,13,ndrf,15.090968834931173
24.226166566938446,3,rural,1.9188854652663812,7,fire,88.40410373766298
8.148901626790586,2,highway,8.608971768086151,22,ambulance,12.52306512811554
18.35271707509081,2,urban,5.90858897389333,23,ndrf,87.0008471964691
12.595876554454202,3,rural,3.7739265901204977,8,ndrf,67.81685799350922
9.83557420124978,0,highway,8.457804509495979,0,drone,13.235266114491202
27.525884793345792,3,highway,8.251604867115327,4,ndrf,86.58613326672258
10.626220683371313,1,urban,1.1088705690382716,17,fire,42.42064446987204
7.481939093867041,3,rural,5.672856264132301,19,ndrf,43.04663511857421
27.32438881138798,3,highway,3.0561291673241264,0,ambulance,50.764313567297606
22.50535850010654,0,highway,5.408348746909514,0,fire,27.739289847763708
20.613091554096822,0,rural,7.179988171437236,11,fire,42.75095439259048
1.9612807909728365,2,urban,0.0850758996486689,19,police,9.96072185054681
4.370546341115386,2,rural,5.135675105756947,18,ndrf,18.7592048196063
19.331028932385053,0,highway,2.9173234005974544,0,police,19.751890267936766
6.6782686775246765,1,highway,5.340109001581465,23,ambulance,6.928504013605314
7.156320576095593,3,urban,1.0984214407833914,6,fire,40.44501857109267
23.484586202636514,3,highway,8.175664182352467,5,ambulance,56.85005507722623
8.934785990689807,0,urban,5.436684520010303,8,police,29.50204655744453
2.611825413481522,2,rural,2.1106345043666472,18,ndrf,9.481247367839227
1.5747424456409025,0,rural,7.696847289500237,7,fire,4.00446906277869
13.57375062373599,1,rural,0.3778242831949119,15,police,22.27002405989227
18.705293041697058,0,urban,5.928233896154521,5,drone,23.140027000984137
26.132114385058184,2,rural,5.017616266156654,2,ambulance,60.833050306417235
3.768729653462859,0,urban,0.39645015260070915,2,drone,5.561133088948468
6.301848375504741,0,urban,2.49705473228636,10,fire,20.279275799868802
16.129118021770395,0,rural,0.7714044088089,0,fire,24.61519268583809
11.241196686138265,0,rural,7.323869325042659,13,ndrf,26.697489099069585
14.73485481174209,0,rural,7.0577096995395925,18,fire,40.31064698741014
27.761677145034355,2,highway,0.8929796804829004,13,police,35.54043204514542
16.574303789008273,3,rural,1.0920718465865398,10,fire,73.42975415489605
12.74605801305624,1,rural,8.802822135572528,4,ambulance,26.34927817532353
29.68847724764247,3,rural,2.0084744300296666,3,drone,27.316921055344103
2.4238622620363213,2,highway,3.036610712176726,2,ambulance,4.144745527023176
27.997346726949573,1,urban,6.842801643937337,1,ambulance,85.93057195534719
15.29902434093175,0,rural,0.607232225891372,13,drone,11.304752757846806
15.360811964130574,3,rural,9.476565117582824,6,ndrf,79.66843375010517
27.697947858994674,0,highway,0.23009007095129985,15,fire,32.662467097430884
15.46605739799555,1,urban,8.491425112657675,8,drone,22.105971765511928
13.43300917063939,0,rural,3.6090605655795436,7,ndrf,29.31995575847921
8.53841346745737,3,rural,1.5003992232733387,11,fire,33.286605186108595
19.935094621113915,3,highway,3.7749107907041592,8,ambulance,48.32277377502805
17.304530183902965,1,rural,9.728415494855364,2,ndrf,52.736164934651384
6.823190389959601,1,rural,5.289777852781389,0,ndrf,16.07640789252851
21.427680994309082,2,highway,0.5928018655546663,23,police,28.27326471293853
19.500562291430896,2,highway,9.415418655706292,2,fire,40.86209293042951
12.221349584092954,1,highway,1.435615546325113,6,fire,14.259079534887402
0.6298271961547418,1,highway,0.5468761040020564,9,fire,1.6531594119252246
13.674143930197538,0,rural,0.45425908147575633,10,drone,10.874934054788639
0.678714455342426,1,urban,8.263348977270208,17,fire,5.5355804691303945
2.712455434321676,2,rural,1.5301920939127223,17,police,7.424425359252619
13.202992123184606,2,highway,1.7898289471867868,14,ndrf,24.07583892644823
2.916636583467167,3,urban,9.441153505333782,7,ambulance,21.74113010234405
8.632130296721403,2,rural,6.116111453942787,22,police,23.27170293257838
19.836995372489568,3,rural,2.854191612351441,1,ndrf,78.72194087236103
9.60415260697786,2,highway,5.864547447676264,7,police,17.267796448309905
29.930633526584558,1,urban,2.430925185093672,9,ndrf,128.79111686265352
27.530910000491943,1,urban,4.9426517790301725,8,police,106.69756213750438
17.76664218527295,2,urban,3.346224540833126,13,ndrf,78.25187244080139
29.02494058973045,1,urban,6.226265370900831,1,drone,36.54407126395336
26.1065101857594,3,urban,7.588086706686326,20,fire,187.14815437819564
9.907506305794367,0,rural,3.4850751865046847,3,fire,19.188304326078615
22.613089256566628,0,highway,1.439130276382049,8,ndrf,33.68555771516918
4.536537628116447,1,highway,3.557406051674202,13,ambulance,6.70709233837673
20.694267019172862,0,urban,7.5815488379858085,21,fire,66.43154114677988
14.986913881590123,0,urban,7.8708172065719415,13,ambulance,39.13129818999659
0.9963652079583292,1,rural,7.855509572861232,13,police,6.696025697156182
8.589779760515937,0,rural,9.74572412767661,5,ambulance,17.269799079003068
28.683775413425334,0,highway,8.24782815385893,17,fire,48.4933648157587
9.81702881011018,2,urban,9.68573030590231,13,police,48.11021955321346
5.852906431392499,1,rural,6.267923841493292,0,ndrf,16.857205703816863
6.032177673880145,3,rural,2.293483685594814,10,police,24.574660468418458
14.636791306937496,0,rural,6.081962942447059,21,drone,15.979236564054254
25.35815259978078,2,urban,1.9783405566396473,20,ndrf,108.77091193457464
22.861052071433722,2,highway,0.8532625341785205,5,ambulance,30.44033663917572
13.387134222364342,2,highway,3.0132450715694192,17,ndrf,32.249282306010834
6.657443061390336,2,rural,3.627755558861716,7,ambulance,15.709433702553264
1.8589145530146376,0,urban,7.088879366364993,18,ambulance,6.732590041755854
14.147594424740566,3,rural,3.6307671126084653,12,ndrf,59.215263676834724
24.535872781286653,1,highway,0.031484011959986846,7,police,24.821615536064865
22.025618811032256,2,urban,9.169413006688895,23,fire,116.31781727306529
12.553722645003884,1,rural,5.894041908984641,5,ambulance,26.051830925028607
18.043728821569207,1,highway,2.1075807540172,8,fire,28.831869074277417
13.36927236791342,2,highway,2.5228762552803685,22,ndrf,21.90436858595238
17.580975238810247,3,highway,1.241402365974621,5,police,36.37895482110782
15.7664047096097,3,highway,9.065467482209277,4,ambulance,37.63410608569635
20.58851470369219,2,urban,2.302085880453707,23,police,69.7693812036856
15.477410884227156,2,highway,9.406471355323916,11,fire,33.429642815340344
28.248024445942978,2,highway,2.6431135824251917,19,ambulance,46.67505192705132
13.126831356659743,3,urban,7.992511964511854,2,ambulance,80.80226011060456
0.9695309396714722,0,highway,0.10452152416624227,15,ndrf,2.8289214876518836
7.473019294565044,3,urban,4.83273595217213,2,ambulance,39.783669700066646
15.267902314146351,2,rural,3.6921453300492555,9,ambulance,43.28222603533879
16.446869630715526,2,rural,3.3458575893387987,4,drone,15.33063299433389
16.79535128470558,2,rural,9.921562936902783,10,drone,28.776132318778934
21.579286898967425,3,rural,7.208667113706058,9,police,104.07651260882385
8.602120207217073,2,rural,2.5577791910000816,22,ndrf,25.93111397292526
20.114658531723578,0,highway,7.524417548407703,15,ambulance,21.26496819611983
21.268952057016776,3,rural,1.295687722425496,1,ambulance,60.068362269613736
12.632782202314376,2,urban,9.25928454140468,11,fire,68.95847339954095
12.363988424816501,3,highway,4.263862246690936,18,ndrf,45.44652861307846
5.778281176865268,3,urban,1.9066291195817375,11,ambulance,26.82696673596264
12.712627599533525,3,highway,2.728204841505586,14,ndrf,36.54337768459622
23.711080605356866,0,urban,1.5514883990094408,12,ambulance,49.227166408789394
27.314703663721577,2,urban,9.305579946459018,23,drone,41.17790097789345
18.01158914387998,3,highway,3.058936125313897,15,fire,43.39896926344715
9.331425128951814,3,urban,1.4285088717343564,13,ndrf,57.01791237069793
20.627546700462077,2,highway,8.129007748623282,22,ndrf,45.78384137070482
22.334313156532115,3,highway,2.13259121676903,6,fire,52.97073177342465
10.30027697402954,3,highway,0.9415035004094041,18,ndrf,32.582613068590355
24.883161913941628,0,rural,6.683949116493773,18,ndrf,70.23854560057782
2.674027048081032,3,urban,0.07405684964307824,8,police,16.50499405315553
0.817234669200753,2,highway,8.324205936752172,23,ndrf,3.608128926387575
4.127637792645551,2,rural,5.627095650114597,7,fire,12.808825034753058
5.102246260911537,0,urban,2.4681842157974474,21,ndrf,18.88260793020647
26.42840647195778,3,highway,4.73593757224344,0,ndrf,70.82196478873448
13.036960215527785,1,urban,2.62414950107154,7,police,36.87584364434922
8.61048491312626,1,highway,5.328571214743194,7,ndrf,15.485862730802072
13.157715921611171,1,urban,5.716441212041516,8,drone,13.54683156758089
12.147806334668653,3,rural,7.71682159930471,10,ndrf,80.34209601597661
9.393119205646501,1,highway,4.660874200756173,18,fire,16.95382517754182
4.568037681152977,0,rural,7.866378119413907,10,fire,13.762570595373546
19.84950612822948,0,highway,0.6924366837725482,14,drone,19.4751452977483
4.529829881999833,3,urban,9.213429318089693,2,drone,6.656615593279918
23.375021353843895,0,rural,1.855087229926915,0,fire,38.44457159779324
6.449796391773381,3,highway,8.365773396064272,9,ndrf,27.684703426103333
22.075453560432695,0,rural,4.9463178372487775,3,ambulance,32.87349842835392
24.264790118016275,3,highway,1.047174061945153,2,ndrf,60.06578582371586
4.197117288346297,2,urban,3.598024075888946,2,fire,18.574330653342173
3.05900016449612,0,highway,9.183306145094003,6,fire,2.2182355994483225
28.512396734282966,3,highway,8.347139553997652,4,drone,39.59961414699836
14.159880799201131,1,urban,7.223157808530244,3,ambulance,45.15798083077473
19.091947101703155,3,urban,3.798458809867661,7,ndrf,125.650748994435
1.1861829835921487,2,rural,5.88790813506055,6,police,4.562797221373302
8.721950326412028,1,highway,2.3212197093694753,23,police,9.89435006907188
15.409230809501894,0,urban,6.478435132972859,15,police,41.17147825573015
26.643440244987417,1,highway,2.6094032559323397,16,drone,27.660750356897367
8.5074628181491,0,rural,8.29006819526861,16,police,16.733123877590174
23.36814393583223,3,highway,7.044982247978058,1,fire,67.19439476704945
20.035281383631702,0,rural,3.860896175103047,11,ambulance,27.308180112360848
3.9004876502694765,0,highway,6.594819317692229,14,fire,6.287365178324656
9.154567597363897,0,urban,3.251361536866747,22,ambulance,19.74773301477938
7.516989074939283,3,highway,1.5565294935928609,10,ambulance,20.82238806116451
13.55456383341192,3,rural,2.351839485529755,6,drone,10.455034861756106
19.242360169903733,2,highway,2.716880340162283,18,police,35.84561635520996
13.285882787500945,0,rural,2.266166155444953,4,drone,12.998043061419827
7.713828984678276,2,rural,6.783560000952655,21,police,21.626626578710944
21.028423662734124,3,urban,7.3966135871498375,8,fire,186.76837131771993
17.74189729398895,0,urban,4.571392036758651,1,ambulance,38.3220047504354
15.819760268762913,3,urban,9.877938852472143,8,ndrf,175.83912316752227
16.85537812465636,0,urban,8.910206052785414,23,ambulance,46.256339907634555
7.046069065667795,3,urban,0.8705018501255413,10,ambulance,39.616657524884985
20.57271630222746,2,highway,4.604506563081415,1,fire,36.51626793178857
11.931265798393664,3,highway,9.08476708530152,8,fire,46.85489058669783
11.222300682035579,1,rural,2.202642083847447,17,fire,27.714862714545117
4.91715914386973,3,rural,3.783960255323696,1,police,17.54941999772381
18.10670136923817,3,highway,9.469474561344652,21,police,46.90594888193455
18.278600111121943,1,rural,7.760623746890287,18,police,49.680004190504555
10.538868988162585,2,highway,8.32325000854712,18,police,24.27772680947342
25.865576677533255,1,urban,8.794837773982929,18,ndrf,149.2528659101674
25.441008012105137,1,urban,1.71175672412896,3,ambulance,67.07680084839447
3.7171020412317235,3,rural,6.992740173160289,19,fire,20.848550725379077
21.003632440392586,0,rural,8.028012901158306,4,ambulance,36.477948594296045
12.118125307458158,0,rural,2.2647949836193493,3,drone,11.76368373409634
29.991588106355337,1,rural,0.4335985746601878,0,ndrf,61.096664512680356
7.138197075697246,3,urban,1.7835581427998304,3,drone,6.449736707982384
8.775464059727438,0,urban,7.414028712082661,3,ndrf,34.03760564674198
13.54213568939396,1,urban,6.942906373070322,21,ambulance,43.67918639773006
8.427096886079564,2,urban,8.917261478666752,1,police,40.44662488751709
20.91380430840217,1,urban,3.169530213293188,15,drone,18.260476213655828
14.686789309353676,2,highway,6.217440612349193,1,police,25.064789018601417
7.015925628061435,2,highway,0.26793405318112473,23,police,9.88276464574966
15.438035049853596,3,urban,9.35084305233137,13,drone,22.40267430823849
26.719239107768633,3,highway,5.5449260619625935,12,ndrf,75.35363497712198
23.875671582076556,1,urban,7.483853476983414,1,ndrf,101.36991443323055
15.21545327059122,1,rural,2.83815952836197,20,ndrf,35.00190930209778
9.010531792687457,1,highway,0.8195437311826159,10,fire,16.98525107048017
5.80665070872457,1,highway,0.6282205874772551,3,drone,6.698009034393402
26.412294877013416,3,highway,8.146603928328213,17,drone,36.59099474165755
21.44992474471154,2,rural,1.5194595140692857,22,ambulance,42.493205998447536
17.378817442850025,2,rural,8.240018514363056,0,police,47.89920288927214
26.443322055633217,1,rural,2.652656643374817,4,fire,53.14798617716876
4.08986347753564,2,highway,5.412720487467817,15,police,6.990437101878872
20.633433937061014,2,urban,2.6191659283748328,1,drone,18.85150555084751
6.893013216190343,2,highway,0.5008381361583791,18,ndrf,16.485290257618047
4.057034509971617,3,highway,5.4227890723214855,14,ndrf,15.531669121721759
14.235451045204528,3,rural,3.6712041063529535,12,police,46.58824208299122
11.928091428048434,0,rural,4.351099828188163,7,ambulance,17.1026014818804
28.26462147509297,0,rural,6.01558903975592,11,drone,34.29231467798153
10.057396629178584,3,urban,3.136607073675174,1,ambulance,45.77761409802332
24.539616642034073,1,urban,5.638054327272889,17,ambulance,92.63210781603618
22.59039651381617,1,rural,6.577731864301079,14,ndrf,55.9895960027994
20.20375416672682,3,urban,0.8954493393736629,12,police,94.9497674058116
27.651813952321756,2,urban,3.500965669528522,18,police,124.61189103969942
12.533775534249592,0,highway,0.899472981731192,12,ambulance,12.12696722682217
11.995299986494537,0,rural,0.06933587647463768,9,ambulance,22.998348166267007
5.247948995654527,3,rural,0.5123015270506781,19,ndrf,24.624752515458898
8.63498122710454,3,urban,5.9221478920069295,22,police,48.5273271341086
26.453405453795686,1,highway,0.843052705663746,20,fire,33.08727753419188
14.494272920885356,3,rural,8.685015915147874,12,police,61.41933195265546
10.56992300462596,0,rural,7.59444080384457,8,police,25.055426488427493
6.8753056249240485,3,urban,0.08818270915637139,3,drone,6.091526795382117
14.806327382186643,0,highway,5.732451962534887,9,drone,17.357821101972476
21.6416284287036,2,rural,0.10251912547130204,19,police,53.381106324144966
8.957414750983725,3,urban,1.09194813578405,19,ambulance,51.710654039199184
22.852637363973297,2,rural,9.88249276530974,3,police,67.76753896099106
19.078739354385092,3,urban,4.570231942962514,13,ambulance,98.02780256379863
23.733095594921274,1,urban,0.2721120169956903,16,ndrf,76.8636176515988
7.901834051809913,1,highway,8.503145185919957,16,police,10.902826706553022
19.115330269624838,1,urban,9.17344830374067,21,drone,28.324856622081807
5.035190744920836,0,urban,5.483834398066268,1,police,15.155400149004025
11.232010973856784,1,highway,7.059421022301208,11,police,14.966276852678416
21.86862279786264,0,rural,7.8012113686758875,2,ambulance,35.259225369669224
19.13421737460811,3,urban,7.346717675756125,17,drone,24.002133256255618
6.041891397456898,0,highway,4.945221214435338,12,fire,9.323982768729525
25.82110882672961,0,rural,8.326844392727086,10,ndrf,76.84209520411146
2.073853979182865,2,rural,5.273285208134661,19,fire,9.618067268898384
18.058862811241163,2,urban,2.595032671863613,20,fire,76.86981869447932
29.522704756832386,0,highway,0.0406711484858302,7,fire,28.52969466102614
16.179389589361083,2,highway,3.585899244789754,19,drone,17.38173757772903
24.119818688802912,0,urban,0.8258567143986839,23,ndrf,62.952539644706604
18.057838709078514,3,urban,0.6327641863522837,1,ndrf,107.87203195484953
23.601105290228283,0,urban,4.692242315037671,18,fire,88.36396429630165
19.840026992980974,2,rural,9.436744168460875,2,ndrf,74.55957742227271
20.888394428857097,2,urban,1.0551442805421984,18,police,84.27615654959217
7.2204289570483295,1,rural,2.7374999999678584,16,ndrf,18.329390331275313
22.383716950401073,2,urban,8.300781600665548,20,fire,113.8259915438839
7.518341656597758,1,rural,4.0182964635027805,13,police,15.852327550339423
29.42888811670635,2,rural,7.588037312372031,6,drone,36.25419008960339
7.219722133355539,0,highway,5.423343307526284,16,ambulance,9.046879573028892
7.482178106130861,2,urban,6.039313128475891,7,ndrf,38.26722450635421
25.83085705427399,3,rural,1.6114336374329985,0,ndrf,96.25679031220653
7.668082927903164,3,urban,3.5228220589712143,2,police,41.45379630746987
11.146632407992847,1,urban,6.217554402354892,20,drone,13.363142917032024
21.581884754781296,1,urban,0.2676819656876528,9,ndrf,87.56290931439199
5.183083115745515,1,urban,1.8832651474138418,3,police,16.53211074679718
5.192616767411316,3,urban,3.864946087276987,0,fire,35.937309562996035
14.847573486365258,3,rural,6.745945887788571,0,ndrf,70.16687697193981
7.689054249865443,2,highway,5.09588786042361,18,ambulance,13.048449970010253
7.451909689286491,3,rural,7.187321327409942,3,fire,31.728729531873263
0.7725481818461241,0,highway,7.268620453712627,19,police,3.15765096814336
11.428262940339465,3,highway,0.3105473839423811,13,fire,27.460706719326573
9.888391361242896,3,urban,9.017124132641975,5,police,65.90686545114731
1.419096419386777,2,urban,8.242151521428454,21,drone,3.198445094043918
18.826378757303075,2,rural,2.7106831934052202,11,fire,48.287981474866996
18.986327869098943,3,highway,4.845249201986524,9,police,55.140395764038885
2.588613917322937,2,highway,3.081499515391888,16,police,6.467709332114685
9.852726105828866,3,highway,9.066421591399749,15,ndrf,32.81242281096774
26.247763193864234,0,urban,3.828189915396154,17,ndrf,100.63139246615907
17.673928513215063,2,urban,3.960531327859819,14,fire,73.2101366490053
12.653254358353642,1,highway,9.11912037480338,23,drone,19.778258655802126
14.22050688969083,3,rural,6.0069389465397185,9,ndrf,82.04628684318992
6.644259835856252,3,urban,1.378696162409404,4,drone,6.449994441828855
24.450504270883876,3,rural,6.260168410946569,3,drone,29.458575360264327
27.463138810803542,0,rural,7.944477438412281,5,police,49.38613014206319
27.364589246376287,1,urban,3.3784116694386457,18,ndrf,126.44876851889804
7.10606455492284,0,rural,5.2700554831202115,20,ndrf,15.718944349259871
9.666837899405479,3,rural,6.2684155413667675,7,ndrf,45.45119927147846
5.2383718568813356,1,rural,5.1041671505995625,2,police,13.596842149823114
9.562433442153239,2,highway,9.991245094693282,17,fire,31.86659874450788
10.317758477616708,1,rural,5.067928470727804,18,fire,30.393642291810863
19.176619243406748,3,highway,6.433729922360084,1,ndrf,56.693587448838336
6.094568255669676,3,highway,7.935894365617972,3,ndrf,20.215768484967082
27.622209268848437,3,urban,1.3658318446675255,8,police,166.65743317470373
3.5414343675166435,2,urban,0.4391031998029016,11,ambulance,12.00560414437868
0.7029013255128251,0,urban,9.729898587572691,2,ambulance,1.3622442373673982
25.72088129460073,3,highway,7.322591497514702,14,drone,34.64657832238149
21.261209329098467,0,highway,3.9328197552414124,11,ambulance,21.59942697109777
10.983116175501955,1,rural,0.17668795744489096,18,fire,28.761565130383662
18.067241324348483,1,highway,1.6639970095773426,22,ambulance,21.454043757646872
7.094550974757384,1,rural,0.09747792682962886,2,fire,14.867818033224774
5.467494635038591,3,highway,3.9645726625640054,10,drone,6.346244608174792
14.398899486592322,0,highway,5.548553350933204,19,fire,24.85382352277182
10.919040976768345,2,highway,1.6058320109492008,0,drone,8.175260011669046
18.649286490791116,0,highway,6.398573097097787,20,drone,21.909323612980344
6.935400944550429,3,rural,9.542412525261135,9,ndrf,48.44817571410298
20.05636716653825,2,urban,9.904504619826612,19,fire,144.4120601136848
23.12241484893299,1,rural,8.33166431499447,14,drone,31.398293029060977
5.415766219339995,0,rural,4.438839082910859,22,ndrf,10.989686265520927
1.7938193608285213,0,highway,5.474093780729047,3,ndrf,3.591152028877243
13.467827571389492,0,highway,5.033069763386947,20,fire,17.93510483980341
23.333710536776895,1,rural,1.556667254399493,13,ndrf,49.10612807477223
19.698005149437208,3,urban,8.544141710253642,18,ndrf,201.66019049481523
21.205510752230442,0,urban,6.757909369270462,18,police,70.7725061838067
12.383760529804368,2,urban,6.379356161889506,13,police,50.87282137642634
7.4308935849655615,1,rural,2.203311683364789,10,ndrf,22.00204079872003
16.18747587689598,0,urban,1.5315929876804424,19,drone,14.56530568166763
6.528787965601309,2,highway,8.730264770345492,12,drone,9.063059001513896
21.92374656105944,2,urban,1.7941394862221482,23,fire,87.0061998709911
6.310510450804573,3,highway,0.73718467857253,16,drone,6.295080976754802
9.092266368073073,2,highway,6.2560520112968945,15,fire,19.188353618793776
15.443070960528658,1,highway,7.043432573095241,13,fire,25.84259610430985
14.8579430572331,3,rural,1.1962241031134202,5,ambulance,44.350249964729166
18.225056604007367,0,rural,2.0685940531898472,17,ndrf,39.976020252183545
13.40461571474755,2,highway,7.887637950615392,5,police,23.97692245719816
27.624462601047696,3,rural,9.295851997345205,14,drone,41.28708627357963
25.278055778817052,0,rural,4.764887170398201,19,drone,28.933653115184086
26.433846811480834,3,urban,7.920049728524003,10,police,208.1703756182345
19.07073885640141,0,highway,3.194001178790801,23,fire,20.8153302175688
19.232733517893788,1,urban,7.032339407340112,3,ambulance,59.81447201686455
18.471361169620486,1,urban,5.572204594214688,5,drone,21.141056652917495
13.329082555432958,0,urban,8.432109135784925,7,fire,47.83918830366953
10.002127031484248,2,urban,7.759010958512354,23,ambulance,40.793073473775934
17.964085179741673,1,highway,2.841358817857537,12,fire,23.633401047055063
1.2531891955842842,2,urban,1.4945522094913777,6,drone,1.0
0.7199647270021895,1,rural,8.076567725743866,23,ambulance,2.902712113960745
25.62343387575408,2,highway,0.327925709952136,9,ndrf,57.4012252835122
1.8695093209398546,3,urban,6.790388124067489,6,police,13.386419265656164
15.981456934835833,2,urban,4.759142441371374,21,drone,18.174905618458418
18.64213900701453,0,urban,0.7529930562682219,3,police,39.989141002139576
6.346051273861851,1,highway,6.885612221732959,23,police,10.298437966048569
26.924059728821874,1,highway,4.8287408679869035,1,police,34.53847967315389
6.107825266577063,0,urban,8.601013302443462,13,ndrf,24.87357479245967
26.593192127316904,0,rural,2.086319291107043,13,ambulance,35.78521255830918
23.008212945324537,0,rural,0.02299571834834646,22,ambulance,28.72185639265528
7.601917128963722,3,rural,1.3048681786189886,22,police,23.325352324699068
4.94695290514476,1,urban,2.6961003282188556,20,fire,18.15235534835494
9.828864950493935,3,highway,6.522443684153951,21,ambulance,23.220825050720528
12.239541704973103,2,urban,3.626432275157957,20,ndrf,59.57106078276299
7.750647956718241,2,rural,1.1824691330529435,12,ndrf,23.08785218992009
29.967300688255484,3,urban,9.815734631696648,20,ambulance,190.01795802237382
7.274743919067641,2,urban,1.0822744521149752,18,ambulance,28.034851819749054
25.00372739599428,0,urban,3.5512034303332363,9,ndrf,93.68641964196597
5.1939735391689466,1,rural,8.766042564917257,21,police,11.656202003409804
29.41721644564045,2,rural,6.526153735851473,0,fire,86.31970455066651
7.152942019351003,0,rural,3.1979791184215256,2,police,10.489438556426348
12.939812366115971,0,urban,9.703467796437081,3,fire,47.14890068269059
16.977639969653243,0,rural,5.010985543077334,12,ambulance,25.398104626538885
4.048428597104753,2,rural,0.08109895869524042,1,ndrf,12.018532577686095
24.59619199063349,1,rural,0.06163336151336907,5,ndrf,48.842940250625894
8.60322321408448,0,rural,9.410093295867398,5,ambulance,15.519888450071836
16.70346209724908,2,highway,2.8118063047578765,5,fire,30.377637301453053
16.714197415450784,2,urban,8.120649660360682,1,ndrf,93.17118714971971
18.27789924361066,2,highway,0.4356002188456731,5,ndrf,29.978461702370808
2.1368366024672834,0,urban,1.46917109281256,6,drone,1.0158103411558461
5.4742534740312525,3,rural,8.567795098398731,18,ndrf,34.74219568539469
5.255171166239244,0,rural,9.94091316840532,14,ambulance,9.03333704838731
9.41051215276763,2,highway,0.5192293149027005,7,fire,17.309403421522816
4.7749676273210255,2,rural,1.6763697336893701,3,fire,14.722045176503123
27.696678962841546,0,highway,7.229118908018943,12,drone,34.32339876163291
15.63215629008337,1,highway,5.295029562834984,7,ambulance,21.490478616308707
18.89546685722919,0,urban,4.059660461145413,16,fire,54.22549677168766
11.045901174244564,1,highway,1.9446753795214966,5,police,13.776652073753057
8.64926116050039,2,rural,9.454353586211095,23,fire,32.115106016450135
15.343726521850282,1,highway,1.722685524667683,2,ndrf,23.00748647859619
9.182527757627591,2,highway,2.6524956580524925,20,ambulance,13.83749254917159
10.637554809028046,3,rural,3.2429812420973683,16,drone,10.2969257283645
13.856150790990286,0,highway,1.3858319641897932,16,police,13.396739998186725
15.419143771938488,1,rural,5.362330562341851,21,fire,33.13637568386066
29.53726334756424,0,rural,3.4132507572685897,10,drone,27.791300749300085
7.088016350777245,2,highway,6.078475005356222,17,ambulance,17.936267161092776
14.895296864038091,0,urban,3.6785808768508135,12,police,34.68038414101411
4.910596314935499,3,urban,1.1642352902812092,16,ambulance,20.421507408049
10.824977364885193,1,highway,8.725973771308121,13,police,18.439840207763872
21.660666201838925,2,rural,5.0965207313228245,23,fire,61.15398245561022
5.64663324093695,0,rural,3.2185048998367116,7,ndrf,12.439210741936808
17.64986357272627,1,rural,0.16364752274578676,17,police,36.02806664625972
12.792680195256212,0,highway,5.978464708832672,3,ndrf,19.679921161217585
2.021596559931953,2,highway,7.8250432997919726,1,drone,5.451239985019323
28.025719623614116,0,rural,6.5006125021712755,16,drone,32.93500204375421
12.701292638640147,0,highway,7.8771931483255875,5,fire,19.287209051647025
23.625832804659403,2,urban,1.5498583791941956,0,police,79.93209161023128
12.781247917588109,2,urban,9.717029786157642,15,ndrf,76.25298796431484
28.152129486574143,1,highway,2.1133328806258533,14,ambulance,31.897246431585096
9.068874865652475,1,urban,2.6677959957343744,15,police,27.87636964876365
12.660804165787058,1,highway,5.123295627487522,10,police,19.279805273935757
22.886495087648946,3,highway,0.05195526973684861,19,drone,21.249349769822217
10.63818580078528,1,urban,4.424484881185187,0,ambulance,28.8191120123804
11.248533604387791,3,highway,1.9572527521281968,3,drone,9.443840673582262
29.84728361571959,0,highway,7.490181184202553,9,fire,51.34375124552967
16.890628507865383,0,rural,7.577533841817142,23,drone,23.817133577716586
20.83672338326937,1,urban,6.1573484464044945,17,ndrf,106.83828265978723
19.48213590753149,0,urban,4.216851753202367,12,police,46.4031205671671
24.92376234111888,2,highway,3.102340169289104,22,ambulance,33.67061669664584
25.923840433531417,1,highway,8.274619748490124,22,fire,42.894733522353306
17.116055907874134,1,urban,5.070936192137301,2,ndrf,67.23813425242533
9.18940421150878,2,urban,4.964667859458435,12,fire,41.24546235740766
1.172607303461599,0,urban,1.1343288888265435,22,ndrf,4.100598780353682
18.624895906397445,1,highway,2.183830478559158,4,fire,22.696894536071618
24.851330581335777,3,rural,3.6048929191832513,3,ambulance,74.38295883976718
13.790924262593956,2,urban,6.988528427838414,8,ndrf,92.60070660660857
5.358831144480496,2,rural,8.452709911964089,23,drone,6.2296318296888495
8.998421151601407,2,urban,9.928602768299594,5,drone,12.178322092310768
15.544673420600006,1,urban,4.274321014526015,15,police,47.69969886476246
25.182095959841163,3,highway,4.532043472317735,6,ndrf,67.56843776842908
5.566717809018408,3,rural,7.660605411220227,17,ndrf,34.027690192652344
18.55842133343067,1,highway,3.212269764250153,21,police,24.59164192212404
22.724374111541092,3,rural,5.405179760141205,0,ambulance,75.48302765524596
28.113401849877285,0,rural,6.770173231360445,9,fire,71.99559074694399
3.9427589045263525,1,urban,2.3624971070463285,13,fire,14.966640975270295
27.828553207854444,1,rural,2.795899493853511,4,ndrf,62.97642688702827
18.243292287647144,2,rural,3.5619063718906574,15,fire,49.794533179278645
23.117696829252438,2,highway,5.776848350294439,8,fire,54.731222456134965
2.086353932272386,1,highway,2.7041545349622487,0,drone,1.0
15.431370591397556,1,urban,2.0816778250799373,14,ambulance,37.89689998038958
18.867575385383414,2,rural,1.495082157728137,0,ndrf,49.837250622975404
9.551598276248786,1,highway,8.093098978534378,4,ambulance,12.46310095153196
13.233681138986952,1,rural,8.859714972638086,3,fire,34.70547466092893
16.851794990748143,1,rural,9.04721945730014,1,drone,24.88893673078613
16.800164223302907,3,highway,8.216336706112504,9,drone,25.408285823194102
1.7349149995017232,2,rural,1.3728922317612924,20,fire,3.797651576970989
13.464712114077326,0,urban,0.9775194130474407,7,ambulance,28.0229150006114
6.807635566370811,3,urban,4.991643292237482,5,drone,5.880285060619651
27.54250480351782,2,highway,5.214269530583317,19,drone,29.469902246947765
29.309109708638356,1,urban,7.328231924600694,22,police,98.777633722473
9.339583442386038,2,urban,2.2288075365620905,7,ambulance,29.766554352447805
5.667969218906233,0,urban,9.309496698578922,1,ndrf,22.799967057875584
6.975372452976121,0,rural,3.0992979299521686,18,ndrf,17.946263170751735
14.593691532912136,1,highway,5.778089509134779,15,drone,17.970029687019988
26.297915173838764,3,highway,8.642136074217882,23,ndrf,85.66385330102065
15.25106834066037,1,urban,5.234481084872453,15,drone,18.91731411863387
2.134065820601281,1,rural,7.535574448333373,22,police,5.696262359528823
1.6766252800377481,3,highway,7.490262004073019,3,ambulance,6.490239949669636
7.208032895874033,3,rural,7.9002124650993535,3,ndrf,36.44394482338067
25.361752689478152,1,rural,8.110482650469383,15,fire,65.70389713657337
18.83367644728675,0,rural,3.924629473186566,17,ndrf,48.94805711136701
17.1072566866956,2,urban,3.635562426262174,9,ambulance,73.62386305415528
9.909602981187943,2,highway,8.034981001651362,10,ambulance,22.243948932526372
27.918049448862526,3,highway,5.797103928325482,9,police,80.54624680510699
10.269758226382907,3,urban,6.077132838344753,1,police,58.635496054994476
25.13086017326193,2,urban,4.119172507940702,21,ambulance,85.12979004782134
26.92915378028858,0,rural,2.016146586735059,21,ndrf,47.42094848508414
14.758382889876033,0,rural,4.5693056925633915,22,ndrf,28.39210033812819
26.881533449681907,2,rural,9.69646465769069,12,drone,41.12344234525476
8.66569697803589,2,urban,2.908668792479766,4,fire,31.82371856218197
19.923786072406635,1,highway,2.720082413741376,9,ndrf,38.79477080932151
3.094930581469395,1,urban,1.3078417568906742,16,drone,5.614883199805846
14.48105931572562,2,rural,4.811804410098272,4,ambulance,34.03448200849489
6.911288163671263,1,rural,2.885303958941571,3,drone,5.650326486768145
2.3515166989527847,0,rural,6.871237309964493,23,ndrf,4.961412753118367
0.6099024882898116,3,highway,1.3512458166875208,0,ndrf,1.0878212989258031
10.080187435003847,1,urban,2.473124826955665,14,ndrf,36.88599452191994
17.891152538834504,1,urban,0.6185104947958997,3,ndrf,60.1195931987017
13.92929525570914,0,highway,0.41470904659773544,0,ndrf,16.502361884655166
9.402194306325134,1,urban,8.141434725023583,15,ambulance,33.166320449314554
29.740400907899406,3,highway,9.058781046255252,4,ambulance,74.79552606603383
28.215988679400496,0,highway,7.6388883536878875,17,ambulance,37.645223662567666
4.206772551706157,0,highway,8.651634702257972,19,drone,7.9453073301766715
12.745669086720595,0,rural,0.8659614753702349,12,police,19.64557569002021
19.64098455281152,0,rural,8.981342811795512,4,drone,27.534605429185202
22.137978527133132,2,urban,4.660398364707817,22,drone,24.80171812168225
11.307978569829967,1,highway,7.686438229308491,8,fire,24.312657798893348
22.515313475692757,3,urban,6.157572884175617,18,ambulance,153.97241338082856
4.16242538086501,1,urban,3.498698160781397,4,drone,5.121885506952337
10.28847244510229,2,highway,2.6479903271950525,3,police,16.384996388451874
21.634778684799198,0,urban,1.1813016229337125,16,fire,55.897918222374656
18.957642312681067,1,rural,4.126511014810386,4,ndrf,43.11313999874602
25.19770133841882,1,rural,4.941027161295441,12,police,48.717782770164845
1.882282168681075,0,rural,9.831150942439372,14,fire,4.419068118935044
5.644555675779931,1,rural,0.3729047632872784,2,fire,11.840036166124484
1.9305901770230105,1,highway,5.90149162219073,7,drone,2.5228555409312547
6.167369615351734,1,urban,5.249948219283703,4,fire,24.916929378543685
0.6263429136715828,2,urban,0.22896190310455866,0,drone,1.020771865800959
15.374203899526554,3,highway,3.297423310025197,22,police,32.25984916270859
16.085274669263534,3,highway,4.2292742300415584,0,ambulance,35.41007489398755
19.907807551476846,0,urban,4.942697617392083,19,ambulance,58.8628504061186
11.854917192430781,2,rural,2.334560859904591,9,ndrf,41.235321095727784
0.5946268752129282,3,highway,0.34100219897428063,6,ambulance,1.0
20.379789055025295,3,urban,2.9384311285980393,12,ambulance,95.73689644811547
2.101587088563421,1,highway,8.36361842433588,21,police,3.4663872652765804
26.052027709123447,3,highway,8.078578762843838,15,police,65.68407366434866
1.1682926373841522,3,urban,1.80750774501666,1,drone,1.887431715482654
16.149016136070657,1,urban,6.463001656576588,18,drone,17.959609368941784
26.90007753037286,3,rural,9.236473747736719,18,drone,39.25254063333402
17.388442485769012,2,rural,1.7210769094851575,23,ambulance,32.60508671021319
18.448294023045936,3,highway,1.2867634020784646,4,drone,15.50875227159861
20.60752002595347,2,urban,0.22146266756702948,20,drone,15.753885809066121
4.111061008048777,3,rural,1.7241146469623192,8,ndrf,24.768582121769807
20.410349473911506,3,highway,8.139525778255887,8,drone,30.28999817522356
26.470469019378047,3,rural,8.139897401621036,15,drone,38.22303519088688
29.239514568641837,1,rural,5.404520770290098,12,ndrf,69.04049277209982
13.570033981071237,2,highway,3.3356447693392854,5,police,20.493060414510964
10.662893124487631,2,highway,8.067804190019828,5,fire,21.49270367651008
22.722633660091354,3,rural,1.9501524345557364,15,fire,83.30590620840344
16.51479149881178,1,urban,1.398539900980409,23,fire,52.57090754837756
8.090487306423398,1,rural,0.8921021793276085,5,police,12.994507313986613
5.578657606606238,2,urban,8.513259465224111,12,police,26.810618103890636
5.521793867485939,3,urban,7.148429802192883,7,fire,37.89368731532855
14.045722579881486,3,highway,6.245862838294202,5,ambulance,31.567851859421495
5.518669965661679,0,highway,7.274674622108744,19,police,9.269999928471488
1.0817088483388302,3,highway,1.4347869220224763,17,ambulance,5.527906683178843
2.036618861605855,3,highway,3.8478908749119656,11,fire,8.354619994358366
27.93159404661249,0,highway,8.141152294141378,11,ambulance,31.144950528271078
2.6523595642240045,0,rural,9.167655094810994,10,fire,8.920620439038847
2.658830372138307,0,highway,5.130956339223412,23,ndrf,1.0
13.810059143239206,3,urban,1.2206144608297864,22,ndrf,85.16321740708307
7.7304583288834605,3,urban,9.785173324126996,1,ambulance,49.696895139135194
28.89946863908868,2,highway,3.9502854139075994,19,ndrf,68.85538428620578
27.374082265185223,2,rural,3.189946640874284,8,fire,93.47273392387866
12.439925835802379,1,urban,1.1999091571497722,15,police,31.628936831920623
13.737579822779647,3,highway,0.12629620994715096,22,ndrf,32.95308265183052
11.565852765729321,0,highway,6.036733391519808,10,ambulance,16.75788669049245
1.6170504409722826,1,rural,6.124310186344193,11,ambulance,6.548886598641346
9.138981758013905,0,urban,2.342411367220605,15,ambulance,20.551796414984185
4.118867353553531,3,urban,1.6198675614715707,7,fire,26.36390826725912
3.519924735446121,2,urban,5.280088004989336,6,ambulance,13.75460690493004
17.04541640162344,2,highway,4.354068550586186,14,ambulance,25.875036421097448
3.413563302550086,3,highway,3.0365403802919886,4,police,9.357257965439654
3.536474051960276,0,urban,2.182328619742214,15,ambulance,8.997995877118237
14.675154587170782,3,urban,8.593058582579765,5,police,95.02142401074637
13.547329771117843,0,highway,9.838279591054995,2,fire,19.938573905767072
4.560226161404897,3,urban,3.5558173238272364,2,drone,4.489072878119778
0.6312462318614585,2,urban,6.981307860981669,6,ambulance,2.46441571466518
6.192746032151393,3,highway,8.655472143287579,2,police,17.00628914570634
7.4588214983702015,0,urban,0.2693678081546158,7,police,18.647375540718855
24.107329086461593,3,highway,9.080648804961847,10,ndrf,104.15702573991511
27.505431340552843,3,urban,4.9914899286979235,5,ambulance,140.4655578416777
12.475359725895107,0,highway,5.5674926040234,12,drone,11.931969335295097
12.448288431778845,2,rural,5.3987331964749945,9,fire,46.35415463637387
21.51819787091607,3,urban,2.4292719340894866,1,ambulance,99.28797481110576
18.994199463288325,1,highway,7.822414409907122,8,ndrf,44.04257763233137
5.93213550745557,1,rural,7.323383725357015,0,police,16.08433169209389
3.6768291077279103,1,rural,0.95792349018333,17,ndrf,10.716911464981578
13.409550774323998,2,highway,5.627915745015432,10,drone,14.95503230910981
17.162436713301506,3,highway,9.570262017050906,14,fire,56.80699212518404
4.591874293184873,2,highway,8.71157443426209,3,drone,6.103306030252839
9.151568055549115,2,highway,6.259043713487447,10,drone,11.287194278330889
9.525318394701959,3,rural,1.986933437610674,19,police,35.01244608161493
8.208296930212839,3,highway,3.4722313002670226,4,ndrf,22.476483463862554
14.092457355607836,1,urban,1.5035806946102248,23,ambulance,37.75984975456609
19.765375737432286,3,rural,8.219306149895985,10,ndrf,126.50838943266746
15.527001566671775,1,urban,7.786708312725127,3,ambulance,51.85081878661061
6.442968586296654,2,rural,9.103583073356768,4,police,21.394280864229977
3.536701887898293,1,highway,0.633955474709299,11,ndrf,8.471876966250662
24.745178655511662,3,rural,9.647134816494923,22,ambulance,97.73601106557565
14.639488140174679,2,highway,9.664273365822929,11,police,30.424862286401975
2.3331059319493774,2,rural,6.744097935503623,4,police,11.171954623535154
8.114584239661962,1,urban,8.817482496400084,9,fire,44.70119879532385
24.218996462332566,2,urban,4.384378731826416,20,police,87.35007227390525
22.675926580819723,3,rural,3.1340430100557293,23,drone,21.11923373963433
26.336590670472646,1,rural,1.543684560048345,14,drone,24.034009751421667
18.261590867049918,3,highway,0.315794699147538,20,drone,12.85108699162339
12.975725063562622,1,rural,0.41997352724737036,19,drone,9.960106963949057
13.085732427856295,0,highway,6.915667076040961,10,fire,22.127160936161754
6.2230013125418395,2,rural,3.365746655102911,21,ambulance,14.747113154919687
19.698569364777516,2,rural,0.5406167455725386,1,ambulance,40.5092331060742
17.759528304739195,1,urban,1.122023095861544,19,drone,16.58378133952513
5.068500137150659,2,rural,6.652837649640998,13,fire,15.060345120526218
26.627056141338556,2,rural,9.386802153021415,14,ndrf,103.50059110116135
11.369811997662612,3,urban,4.079781923179099,22,police,60.45748720002006
1.9672935828715203,3,highway,7.776575674944989,6,ndrf,5.536498864060176
10.172487163003623,3,urban,9.735818101140806,4,ndrf,86.88768842565779
26.160773083991486,1,rural,7.082992988942843,15,drone,31.356056828404633
27.550219282922644,0,highway,7.230064333345837,17,ambulance,35.22287317668149
14.966753309159188,0,rural,6.159007941817199,0,fire,30.42113539525359
28.712028232165828,2,highway,9.776765146884323,11,ambulance,48.04953118419859
26.319633371753294,2,urban,2.998060343556773,9,fire,138.5627821894506
24.844306154427148,2,urban,7.82988450960718,19,fire,160.4442858469423
25.861446908125078,0,highway,4.150780622121296,20,drone,25.922759514214178
11.765324658980292,2,urban,1.5541964209059578,3,ndrf,51.63008406855535
22.815833752288537,3,highway,7.393723747314716,13,ambulance,51.3446934464388
17.531500590746404,2,urban,8.294019147111499,17,police,97.40837660415109
21.730678051339048,2,rural,8.635991194450897,6,ndrf,77.98417684428563
5.7446901736328515,0,highway,9.218784949475825,22,ndrf,10.238177684807095
22.07612039736079,1,rural,7.4491159323167,21,drone,27.705212074499624
28.748976808728067,2,rural,5.276185551407013,4,fire,80.44818071966692
9.428568010252173,2,rural,9.386954263995053,0,drone,16.69245343846335
29.591759056690996,2,highway,2.095656761518101,13,drone,28.864310914745914
11.662092436758448,2,rural,0.7730976342441298,21,fire,29.364777396149577
6.39184316212047,2,highway,4.316257203758649,16,ndrf,13.147708420717612
3.8124437791070327,1,urban,5.822185875454217,18,ndrf,21.654830603759024
23.656376442001243,2,highway,6.799893849658314,17,drone,27.88049407161516
16.867349311108768,1,rural,8.154219684790972,3,ambulance,37.12751502941596
9.560373163029851,1,rural,0.26756644956565045,1,fire,20.4824608619866
18.449285908915858,1,highway,8.02046341010742,1,drone,28.038452759664086
10.29698504130964,2,urban,6.0012867948157576,23,ambulance,38.16386727530405
13.726553841189533,3,highway,9.529477004377453,22,police,36.93499624747447
25.94859170971619,2,urban,3.4789742297039936,20,fire,108.70228305391582
20.21091106734536,0,urban,6.169784594685992,1,ndrf,66.57422575792125
22.990854271289134,2,rural,7.665484062839347,21,police,63.177615709880776
17.7130597683525,1,highway,5.163954207533141,23,drone,21.579293654699704
29.74624244212582,0,highway,1.5590757336955208,18,ambulance,34.61929111425177
7.621596955581334,0,urban,0.49799772019979316,10,police,21.81897034494506
8.237589241205036,3,rural,1.1140066133917204,2,police,26.837191299613146
3.2304886927808196,1,rural,4.949045823477776,8,police,8.76649956623235
16.84357531108596,0,highway,6.396087735062922,4,ambulance,18.50108378571751
18.59409747404685,0,highway,5.705210658161808,15,police,20.35904878987949
21.915866400515185,2,rural,7.129161418423823,21,drone,27.583896999822123
10.395654815503201,3,rural,0.3899464357446514,11,ndrf,41.474870155999305
0.8615756550183025,1,urban,1.363407215290976,1,ambulance,2.0428177750953496
19.15077134410544,0,highway,7.611401089485897,9,ndrf,35.741933005001655
29.96151702935129,1,highway,7.811823684775579,19,drone,39.91256730118487
9.189205936804777,2,rural,7.022938343177328,15,drone,12.794734377228425
5.926066347836082,0,highway,7.454300432652088,0,ambulance,6.330356995006305
8.812125255877419,1,highway,9.634400865023299,8,ambulance,17.044957398181122
13.049756505922893,0,urban,9.442186737530308,8,ambulance,47.66896700910538
7.901931404100658,1,rural,6.444818406506807,0,fire,16.655937906705695
10.735320748342133,0,rural,3.193345787375722,8,drone,12.463784054281607
19.327098788091195,0,urban,0.14109890875930176,19,police,49.202454537688666
10.678325611857133,0,urban,6.316081209088827,3,drone,10.580864846501125
12.183738871117813,2,urban,4.313038468370678,12,ambulance,44.558438969619715
1.6809222525782863,1,highway,1.470274517982112,15,ndrf,3.676993332635072
27.57930379787466,3,highway,2.152577480045937,16,ndrf,68.38752040453393
12.503135817488182,1,highway,9.365293159099878,7,drone,18.889236224198587
10.180233723026433,0,highway,0.6622254065601241,13,police,11.882816967156813
3.051283789238843,0,rural,7.874707756128664,17,ndrf,9.64333748040355
19.208404854157916,3,urban,9.020493311460754,14,ambulance,119.1280438113426
25.98283603278077,2,urban,6.883475246782837,20,drone,30.483016640042926
1.714019401545809,1,highway,0.6134164131560138,5,ndrf,4.64914768548723
4.785537787298047,2,urban,8.458529228172102,2,ndrf,29.72032368550455
4.818499952143116,2,highway,6.532889410609119,22,fire,13.061561035873744
18.26710823275989,0,rural,2.77032899371888,17,ambulance,29.744672422804776
27.67629983019188,2,rural,6.2965538285601355,10,ndrf,111.38889480179277
13.414166828432533,0,highway,1.3654278496817895,13,ndrf,18.603330209338612
10.642290221718595,0,highway,7.076475529631616,22,ambulance,13.926330573691908
23.09230022510239,2,rural,9.029956181586364,20,drone,33.882004161703634
22.405787321791717,1,highway,5.216812646183743,19,ambulance,33.9480258303386
7.779306108677684,0,highway,9.521059510441976,14,ndrf,14.21084709984787
5.244377688082638,0,urban,4.380949678204281,17,ambulance,16.237818890405922
11.055395956253012,2,rural,8.575670317814545,13,ndrf,40.942651477193124
23.38030007068562,2,urban,7.736484158772736,11,police,100.6049089077035
21.00437000249186,0,highway,0.884295143432815,16,fire,20.522138118097764
20.142684337508054,1,urban,9.12652577932754,0,ndrf,92.2575004114528
24.968142524814514,1,urban,9.104276538416133,19,drone,36.48373916802591
8.675344214071115,3,urban,3.5141586589570037,7,ndrf,57.034186644216334
10.520669901350548,3,urban,7.934388816752619,13,ndrf,84.00473375598003
1.7490137929706917,1,urban,2.2463744498542715,15,ambulance,6.584287035152498
26.128000386204235,2,urban,0.303930859079643,7,drone,20.64531242718585
17.681677180204254,3,urban,2.0793713111670007,7,police,88.0911815795412
9.294607610568953,1,urban,4.839878391437203,4,ambulance,27.435949093427336
2.5477876777562836,0,urban,0.5776750348369153,2,police,9.35487989348337
21.84058034329256,1,rural,1.6000618311140402,21,ndrf,48.41902901676962
22.5877568266973,2,highway,9.504379933815834,12,ndrf,52.92125505045612
20.152270237393168,3,rural,4.938409111666614,16,police,68.10491486963748
6.511538642928521,1,rural,8.23100529781464,3,fire,17.539732512246857
27.439873726003842,0,urban,2.0662274924258996,20,fire,71.36506861460646
22.718161561115853,0,highway,0.8852169309077762,7,ndrf,26.73116040037543
19.903811545727123,1,urban,7.805480560107213,11,drone,26.835480503403687
19.70284574094273,0,rural,3.488338285988691,12,ndrf,36.37826443264095
27.178552152703414,0,highway,4.598044353575224,17,ndrf,46.35373511021999
27.88506042636515,2,urban,9.921290254555736,2,ndrf,167.0270675781352
18.071303831302078,3,rural,3.1653057592422296,21,police,58.8679607242957
12.791747623395178,0,urban,4.731457922866573,2,police,32.361900967949055
11.230152397002778,2,highway,6.348113317177618,15,police,19.531135163790292
24.662825811881312,2,urban,0.8906878072810576,5,ambulance,75.98646892310991
19.51585752511284,2,highway,7.164321030146041,22,police,36.118207907471856
2.7793478924827824,3,rural,4.517310202750356,14,ambulance,10.963260588888863
4.694487383943303,3,urban,1.7501447753372745,22,drone,3.8824970750425916
27.05548390559297,1,urban,4.305418597004524,22,drone,30.302095923317744
26.592695369082776,3,rural,4.606678476015134,6,police,89.72166279099825
28.57905723657533,0,urban,6.407369749083215,5,ndrf,95.13183285638175
13.12160353618555,3,highway,9.371338163865339,2,ambulance,35.88288468007326
23.62979677540086,0,rural,7.650655888620086,17,police,53.56141235846801
24.932638305772485,0,urban,3.824500404103548,0,drone,28.847555012916033
9.813058722226696,0,urban,9.696482152757259,4,police,31.475497023098374
4.787462481200696,0,highway,7.908311723232969,21,drone,8.559360139747666
29.9122776683556,1,urban,0.279518060726216,15,ambulance,71.30668310750674
1.391466510664822,2,urban,1.1658641392009483,10,drone,2.3401074522285903
18.12140960198757,2,highway,2.1801116204478364,3,fire,29.576857446184412
19.681262088360413,0,urban,0.8350358300686589,20,ambulance,39.241575063678674
20.612785588104625,1,highway,4.854272192169818,20,ndrf,33.28195372238699
8.041018447088145,0,urban,3.407180421921664,1,ndrf,23.71379349219577
21.7865877068161,0,rural,9.729254637313584,17,ambulance,50.24289119841244
6.8837871167973335,2,rural,4.727360972511729,7,fire,20.414423893813595
24.956628544674633,2,highway,2.1215486017573406,16,drone,24.695047065275816
6.963941885496719,0,highway,9.707308442411778,7,ambulance,9.982307084213462
21.052827857744287,1,highway,5.138817914240677,0,ambulance,25.42964236747951
23.61069783210229,3,urban,0.730597713366602,18,drone,18.516793313270675
6.073899638634568,2,highway,0.8087462101852438,20,ndrf,14.24101500007625
7.520601385161782,0,highway,6.75292681943378,16,police,11.476755041104788
23.483560292663824,3,rural,4.947958890275151,3,fire,95.3020694205546
3.036969663231109,0,rural,6.242308144488958,10,drone,1.8529716336178805
6.127448097766592,1,urban,8.49660008192215,12,drone,9.549954886635927
13.938161732602499,2,rural,6.813836109762072,19,ambulance,42.4487945968678
27.940366897970733,2,urban,8.617898580254785,18,drone,40.93365982069125
17.075396129343808,0,urban,7.426884899551497,21,police,48.262338156033664
11.936496522142651,3,rural,6.743997529939062,15,fire,53.098705442370886
29.36192155556306,0,highway,1.3469874135565296,22,fire,29.634399566132426
14.179483533528012,2,urban,4.8282761287493825,19,police,67.21547853722812
13.29518172378072,1,highway,4.330926926671741,4,police,16.205927125212227
12.643507348187844,3,rural,5.406953483018688,17,drone,14.82420133598772
9.70931214190049,3,rural,3.911428601649426,2,ambulance,30.620483093917088
10.10799688725874,3,rural,6.204372484805617,18,ndrf,60.08307618794579
20.791193267920193,3,urban,3.9245587443623675,5,ambulance,100.26448505419307
1.7046501215854934,2,urban,5.576178859958519,7,ambulance,8.061907090946638
20.61359340656641,0,highway,3.9487530988285027,13,fire,26.377816999262457
6.435532694713248,2,rural,9.017673533229758,9,ndrf,31.592149086029366
11.834136094532541,1,rural,3.7341568069981657,15,fire,26.65269700365572
4.822899690529794,2,rural,7.309325077327312,12,fire,17.054487128975627
16.80615580013786,0,urban,6.137351694390581,15,drone,19.12944476008234
22.01583812608812,2,highway,3.8552352794183395,14,fire,40.92616470432406
10.962339493662757,1,urban,8.076310684475324,4,ndrf,49.51902062198985
5.320789037437757,2,highway,9.275671694086716,16,drone,8.704072409369859
7.1819146669696785,1,highway,7.604843319458842,23,ndrf,15.06598188509972
24.63433109650439,1,rural,9.485880458844393,13,drone,39.39865885492941
8.395637684265647,0,rural,4.363066918647264,14,drone,7.222166077041048
23.3537264938312,3,urban,9.137400566477883,17,ambulance,184.35386886210148
10.270382500783226,0,urban,8.762229709546547,2,ambulance,32.95518448786183
6.067610353117395,0,urban,7.623873153302388,3,fire,23.75918166311047
21.955602509009214,1,highway,8.352006951538296,13,ndrf,39.99342496057611
14.322078369518598,0,highway,7.301336396102806,9,fire,26.0714372530394
1.422678912606789,3,highway,5.1230846228825015,16,ndrf,5.394706361375651
28.81830137065976,1,rural,5.524191511419402,21,drone,32.88314376025437
4.858726629627169,0,urban,4.1768677766405045,18,ambulance,14.90699372070545
10.925505805366196,1,rural,6.642926884890671,5,drone,12.874382382870488
11.851441732373367,0,highway,3.2478987778360757,7,police,11.724489655928055
14.938182028123192,2,rural,7.396594774609956,3,drone,21.987476863594637
23.670598658858033,1,rural,5.0511536056549335,2,ndrf,56.28465526657742
0.6796632504162395,0,urban,3.531879153058509,17,ambulance,5.5653345437965775
28.007925514414204,3,highway,1.472279182052757,16,drone,24.039334494813488
19.556689075988828,2,rural,2.55525908997859,4,ambulance,39.49073048758299
28.5441419348936,1,rural,6.402003629317262,16,fire,67.60180430881634
24.61299135378633,2,urban,3.6984930555500317,10,police,110.69665137257856
27.871227433454898,2,highway,0.33169126191820997,21,drone,24.170003506777277
18.2295162526025,0,urban,3.297380297120216,17,ambulance,51.026171360349295
11.040614994876657,3,urban,3.663576989794609,6,police,57.01392418188187
13.56596486185131,1,rural,2.3430088077020184,11,ambulance,21.746542110840608
19.911953156331332,0,rural,2.863150287376135,5,fire,37.02883374457702
13.09448986310692,2,urban,7.049274282288524,21,fire,64.23975409553286
22.08434711229978,3,highway,7.462664538803488,12,police,54.604706303047124
3.209516474360872,2,urban,9.58898965991929,21,ndrf,22.045583099373935
24.98460614505422,1,rural,1.1808826547039841,12,ndrf,50.592647692980286
6.523564869439123,1,highway,3.117250043687788,12,ndrf,12.706333803010656
28.346454480979315,2,rural,0.7704452598083533,4,ambulance,53.90984980945161
5.088601098149404,0,urban,6.13303733901718,23,ndrf,16.259112149806217
4.310343785020736,3,rural,0.16388293303805757,16,ndrf,16.316103452394476
24.45034526232809,1,rural,2.053563413434315,7,ambulance,37.60547626360705
24.651703917238923,0,highway,5.869800447109518,20,drone,28.53550911334047
22.293402886496793,0,highway,3.5873864735519225,5,ndrf,26.518300665787585
28.835648685188787,2,rural,5.443762590907324,2,ndrf,86.61235052515663
8.480919046219773,0,rural,6.402375084642356,16,police,15.932364160804347
24.886137800213483,3,urban,8.389400678583439,17,ndrf,255.10744697921606
10.885195636280915,3,highway,3.92875221317016,13,fire,29.94336105422556
16.35325945429555,0,highway,2.7889691463862,17,ndrf,27.176160559295027
13.645200876189197,0,highway,5.388051335117976,6,ndrf,19.049849106927212
0.6725756688714135,3,urban,0.6968130767442893,6,ndrf,6.6115944699067155
17.446634709405153,0,rural,0.4191422276170331,8,ndrf,35.49732987051945
22.551423689036614,1,highway,4.522372350098985,4,ambulance,27.396889341199586
5.649295315470502,3,highway,2.180787500332272,5,ambulance,12.746278612275702
27.983847925844604,0,highway,0.07216575213368048,1,police,25.696761120035536
16.146786412845863,2,rural,6.7937046050638354,5,drone,19.603191897778036
5.758257092957258,1,urban,8.161555367454293,13,fire,24.450499884694814
19.555453342048114,1,rural,1.4787857045594721,8,police,41.36968877711679
6.161719901202647,3,highway,5.639022742013978,10,drone,9.516835199508762
2.3742337747124242,2,urban,9.839849528212788,22,ndrf,16.470038849642147
20.716799651367648,1,urban,2.6875568339874034,0,ambulance,51.720577919995456
3.7654990575120872,3,urban,7.308147321200402,20,drone,6.21355309317295
3.633414727104842,2,urban,1.6210257761345315,0,drone,2.9681583097160504
22.328335113863492,0,highway,9.320929815832296,12,ndrf,37.04488204612854
2.1284658796380995,1,highway,0.00433585185725005,3,ndrf,5.426026382105949
24.388190781914663,0,rural,2.9473018022940964,11,police,37.4326842944374
23.986388380110917,2,urban,9.764325184233376,21,ndrf,144.88877152375682
4.671106128294097,3,highway,6.7069023800162855,0,fire,16.04364706050621
15.792229094670581,0,urban,2.1184559939834036,12,ndrf,46.70237969826099
3.3504519835837994,3,rural,7.913655818164409,11,police,15.935772619546919
19.160850983686622,3,urban,8.980855795603327,10,ndrf,201.66821102271822
2.3564353826311235,3,rural,4.872711707373057,14,drone,1.2770036101724296
28.362185261521045,2,highway,1.5602365320764555,7,ndrf,47.297025021666634
6.628056693402659,1,highway,2.5859302223281,18,drone,7.68588274582904
20.64539235048503,0,urban,9.431141172957403,5,police,59.81203849172512
4.284597019124746,3,rural,1.6110279704566721,8,ndrf,22.269061517734904
6.6830952256399065,1,rural,3.119068369519317,11,fire,14.860443173697066
13.803014642059434,1,urban,1.4553767462112954,22,ndrf,48.54939278381771
17.40633616957473,2,highway,1.0560591117053297,12,fire,27.73111442407924
29.96646559155465,2,urban,5.220250585900587,20,ndrf,143.653780667161
1.264823728682852,3,highway,3.9670929129445476,3,ambulance,6.406748520021903
0.5092753795005653,3,highway,0.46168436824298054,1,ndrf,3.022115437102919
10.835829294090965,3,highway,1.451948767064558,12,fire,25.255395258056847
11.301612850171386,0,rural,0.3765837958746032,21,fire,17.864077781639182
26.573198464909634,0,urban,0.24589949638026187,5,fire,64.85987165095183
27.421185157070408,0,highway,1.7847009380712775,5,police,24.715599887431086
26.475486802599907,2,urban,7.436492923507081,3,ambulance,104.11047341901072
4.72377313933841,2,rural,0.14769968209108253,22,police,13.193999547457047
12.657092637841666,3,rural,3.044774248601587,2,ambulance,38.57397180653308
22.503612287703184,3,urban,5.647880710378321,15,police,124.99623582423133
9.722026499635122,3,highway,7.43703568435944,9,fire,35.39383022669534
20.065521841061262,0,urban,6.778918989590544,9,police,69.21686030978677
7.495714464137214,2,urban,9.88424441800619,17,ambulance,43.280394625712354
10.040868109843839,3,rural,2.756272624215781,10,drone,9.264157582002504
25.882674655780274,3,urban,0.001387280025946236,0,ambulance,107.9025464635691
7.8900165646253555,1,rural,0.38219275878738745,13,drone,7.230332429922586
28.947560563103455,3,urban,0.9751871042002502,0,fire,155.1718239836324
9.534657047636983,1,urban,9.752376885840038,20,drone,16.004018756717592
1.194079239786682,0,highway,5.700482943017478,22,police,2.364178944775875
8.01957666217583,1,urban,7.99368533922928,20,drone,12.262102393059562
5.550545796181059,1,highway,9.850790160008204,9,police,13.239474364314304
15.451395503417718,3,urban,8.442678848890775,9,ndrf,159.68121069413644
3.8251239566718707,0,rural,4.076158763654153,14,ndrf,10.267876875662111
18.968441878739586,0,urban,8.758814355212206,20,ndrf,73.29524553276957
26.30952258141659,2,urban,4.337509165064159,18,police,125.29270186128258
11.194307013210203,2,rural,1.139680444733947,11,fire,26.030104740288067
5.470535219509431,2,highway,5.481313509756724,19,drone,5.620634581097616
12.300737375640182,0,highway,9.157473407878685,10,drone,17.927424511630267
23.686021232793497,1,urban,7.845382996294069,18,ndrf,131.65640740747455
17.948886385348068,3,urban,4.019271683477418,5,fire,109.32835514957719
3.483724793164292,0,urban,8.548662841706502,10,police,13.80299997189549
16.347021052647484,3,rural,4.6418249479398535,19,ndrf,88.12509965623272
14.30851875294,0,urban,6.845747269179689,5,ambulance,37.51129604146115
10.149811552624262,0,urban,3.331351687617752,14,ambulance,24.360928724083912
3.749737583573037,3,urban,1.9471400676124562,6,police,17.924965092825136
29.442802100798108,1,rural,3.1347040378667677,10,police,65.0632821563247
5.69327793685104,2,rural,8.75163631469318,7,drone,5.755740450120985
6.185915278326991,1,highway,9.897709847863014,15,fire,9.166138502727245
4.794689417015958,2,highway,2.639168304463918,18,fire,12.43454542106475
17.320694641618676,1,highway,1.65363412862919,20,ndrf,25.081976402239412
13.588252447239661,1,urban,0.7108272902460511,8,drone,12.029803531421274
7.861936869783401,3,urban,7.538195562388602,4,drone,12.974590183337114
13.16798979913508,2,highway,5.2800025546197995,22,ndrf,24.546120474994378
20.36889460632068,2,urban,5.561002009372876,9,ambulance,91.83257689300709
8.81016567920959,3,urban,0.452063864429737,15,ndrf,50.46514328574718
27.49975039289622,1,rural,0.8105699149151435,9,ambulance,50.125606353910534
9.537213996742322,3,urban,9.146229896435628,20,ndrf,79.66680020792077
6.346281409274171,2,urban,5.767308244638719,1,drone,8.50860388440202
28.659751482748028,3,urban,2.1920668123390463,0,ndrf,176.34575907821807
24.411537998486292,1,highway,2.0746129652810597,8,fire,41.88464992429509
10.622559932882234,2,urban,2.4090318614628137,9,fire,55.85048658583116
25.32223960874434,0,highway,0.6375789095238693,18,ndrf,34.8783733156208
15.8050203500371,0,highway,0.4976325162657047,11,ndrf,17.43140531617893
10.729198698701353,0,urban,7.19985349626125,6,drone,14.567527687309818
25.268541891406823,2,urban,2.637568144482035,1,ambulance,79.50918472703891
22.688869472500993,1,urban,3.8446499526865496,19,ndrf,100.56743691600961
9.287307857971621,1,rural,5.3736292518699935,12,drone,11.244856228278785
18.397016200110226,2,highway,3.2006409442988017,22,ambulance,26.10820815134798
11.397011593834018,1,rural,4.7878641324817215,7,police,24.967229642707732
0.53103319053145,0,urban,8.650106541951963,5,ndrf,4.964690916847635
28.87356437130824,2,rural,2.440994814548562,6,police,62.42732101292119
16.714057744148683,2,rural,7.9125967312237835,9,drone,22.15607029351388
18.153761749140603,0,rural,2.639486547326629,3,ndrf,32.15827972420736
18.1967970574802,1,urban,1.86947607837614,3,fire,56.88602492872156
16.74392309417238,0,urban,0.7265874940076755,19,ndrf,58.962247001983506
9.056411420821007,2,urban,6.8420152124106695,16,ndrf,48.880504702037285
29.16149568478766,0,rural,4.116338078041554,12,ndrf,56.84452562174375
18.839218169200905,0,highway,7.704269139193984,11,fire,26.192455661618396
20.292180136341862,1,rural,1.3267113103306527,11,drone,16.537815577804484
13.91638634085297,1,rural,6.033505532601481,14,drone,18.183465212257378
8.991911314478086,3,highway,0.12987044725052854,6,fire,22.306930527634172
2.398294974160416,0,highway,2.3382998467908878,18,fire,5.398290018150386
10.831790798752644,3,highway,6.09647202996444,0,fire,31.343228510616676
5.694874163417567,1,urban,0.5603867682052033,18,fire,23.905001934789315
20.03160391358185,1,highway,3.77228748462206,19,ambulance,28.191562012635472
26.430614601680222,0,highway,5.616628200266705,12,ambulance,26.129901188454134
9.431268318246742,1,highway,7.275865639626088,7,ndrf,16.196341944093408
10.320037449714373,1,highway,7.05656054968411,21,drone,12.861372710204584
20.275752862955844,2,urban,1.4818059991052224,19,ambulance,82.14098924559478
4.903507310116472,3,highway,0.7517035320015009,22,police,12.143421214238263
27.918404086992123,2,urban,3.7635839979980057,0,fire,118.05707737716087
11.23348004025175,0,highway,2.408060405101824,15,fire,14.868024326296297
3.4853836548398522,1,highway,3.056913948168857,0,police,5.22958401136991
5.6531781451589245,2,rural,3.4248464886353416,0,ambulance,11.697082937151562
28.01600924222001,2,rural,3.9717780730076147,1,ambulance,59.80594514522769
7.790019006886089,2,highway,5.1860041639840535,18,drone,8.797153684193338
20.03692971302295,2,highway,0.0930373372757376,17,police,34.48160844472887
5.106874094378821,2,rural,2.98002364448984,21,ambulance,12.937159987376852
6.225999924288943,3,rural,2.643671398695735,15,drone,7.755333294661208
26.437527457549336,2,urban,2.3622303255817947,13,ndrf,110.75657985147096
4.8669799930255735,2,rural,7.886191978793299,4,ndrf,17.02618788538776
1.0531423087202354,1,highway,2.51297996652308,16,ndrf,3.282968945721865
15.28637909102515,1,urban,1.5096464105565988,21,police,41.770357891499856
25.95044099125657,2,urban,8.518260061370102,8,ndrf,188.99005329235436
10.11673583976093,3,rural,3.8294149643248563,16,fire,38.15896934671124
4.28078698404846,3,highway,1.8403399716848579,12,ndrf,11.1884789631021
29.475809472186313,2,urban,7.512078556593581,12,drone,37.630538049020274
20.463789569937692,3,rural,6.571743284719858,19,drone,23.764605037004586
25.595373642470616,0,highway,9.452997670186443,6,police,31.025469300784103
22.68807903370325,1,highway,8.777955795690847,21,ambulance,31.836844886468864
21.09814708268111,0,rural,6.9431536194579655,23,ambulance,35.78980669857537
11.844639980362148,2,rural,1.6099112552377604,2,police,26.019293186478208
10.06802979950736,3,urban,4.831812384381131,12,ndrf,68.59397679728959
21.650278578886986,0,highway,1.1878869021031357,0,ambulance,18.542534169191065
21.64303374122829,0,urban,5.4939828062233245,8,police,68.60331175065853
28.54235732944825,1,highway,9.16783556946423,8,police,55.62530151322211
17.27546462652551,3,urban,0.0382294705711661,15,police,80.47926337262092
9.191322620736369,0,highway,8.760147962646554,9,police,13.094818836697755
14.941099580249084,3,rural,5.393180742588683,8,fire,78.38977267807512
18.604557593414615,0,rural,1.5124951989151325,18,police,31.92557606307997
13.088529087518918,1,urban,8.558657416785351,18,police,60.06074861762711
23.838427139106674,2,urban,5.3689634762511105,0,drone,26.440553486548094
17.746089760367212,2,highway,4.481657021160012,8,fire,38.665995687639594
0.7783539650156912,3,rural,4.997181691907383,18,drone,3.143313267391602
17.31027670284425,0,highway,1.4737157569866544,2,drone,15.222245673637632
19.191311685284898,0,urban,1.1273817505876704,12,fire,47.83149861404962
27.500206920550085,1,rural,6.61556462713785,11,police,56.05333730035862
12.704789373093563,2,highway,8.804118690452388,16,ndrf,29.182813751006332
17.44679594850507,1,highway,6.944587111102236,16,police,24.03300308713198
14.512424796074031,2,rural,8.407851899402022,12,ndrf,48.87019756006007
16.18386463983212,1,urban,8.447716401964756,9,fire,82.14073584295461
2.485470084735396,3,urban,0.32040573793701066,18,drone,1.0656340639217168
26.969868192226496,0,urban,7.709548990052254,9,ndrf,120.58292384968523
27.357164025032954,2,rural,7.720925705254983,10,ambulance,85.0918512529677
16.667758490357663,2,urban,3.4997696600517103,10,fire,88.51545054714127
16.918387713767892,0,urban,4.098490100066354,8,ndrf,65.03818937963875
2.1979030603466585,2,urban,7.454900001256669,15,fire,12.564042423014543
18.139540137032824,0,rural,9.865547408704561,15,police,37.12665885473107
13.159977801435293,2,urban,9.878251614399698,21,ndrf,82.58077286154273
21.4167870919159,2,highway,4.738428614125317,10,fire,49.82314077012679
1.8901850395693853,0,urban,7.895507404539913,18,drone,1.5223202730046288
21.47118664051995,0,rural,4.660614926306722,7,ndrf,43.244878414481015
8.96336780305326,1,highway,8.659591484053697,23,police,16.54913203215109
19.725307248366686,3,highway,6.497276610185962,21,fire,53.179278269232334
19.00021627170763,0,rural,9.366403909244767,14,fire,41.369345891791184
7.191823796650859,3,rural,9.97240161350175,17,ambulance,36.3618285714054
13.49334418387987,2,highway,3.301876603428757,13,ambulance,18.647532700235686
25.151181142073074,3,highway,9.793238133121232,4,ndrf,88.31461041476936
18.36495348604583,3,rural,6.925129668307063,22,ndrf,88.72261199761851
2.5277799083631383,1,rural,2.3808620022903257,17,ambulance,8.336229840097882
13.565810523964476,2,rural,0.031119499198274392,10,police,35.64766985416937
9.697258033948552,2,rural,6.838384923536699,6,fire,30.493468721764838
19.428547527893166,0,urban,2.2237968056033175,16,ndrf,55.7007852892509
18.629636268210195,2,rural,2.313786210465959,10,police,52.037084510370015
0.8067439945491457,1,urban,5.52168064852006,19,ndrf,7.896347150607115
18.427017527844658,0,urban,0.30925921693535696,5,ndrf,48.931675336292635
22.178064792555634,3,urban,4.163692551902046,12,ambulance,109.89324173572518
23.177535955846476,1,urban,7.9937347215073595,2,ndrf,100.32521493217229
2.2397852265038543,3,urban,0.2726023880878836,17,drone,2.4866896069111077
9.457923304741135,0,rural,6.23941579046508,9,drone,11.112661872070726
12.927570036269953,2,rural,1.5837965828177603,4,ndrf,33.2442701256548
5.803265379949898,1,urban,8.628393743840533,13,police,23.427171517343538
12.91164919936779,3,highway,3.906869289010715,13,police,30.611316152942162
2.5983213068549738,3,urban,8.121223290174997,7,ambulance,16.97562490701504
3.8399098487080217,3,highway,7.238202640188586,22,ndrf,14.022477383272392
20.226495503880873,3,highway,8.778351259579933,1,ambulance,51.65200382531045
8.245887604224572,3,rural,5.168598948837766,7,fire,34.206980199360736
21.486472500647388,1,urban,4.8611300517817,5,police,64.93361164000763
1.9192015764917056,3,rural,0.37430532365628766,22,police,7.0097169904547245
17.099740064783333,2,urban,5.338140877098506,5,fire,76.52914142269985
12.047735575811789,1,urban,5.219763674773982,5,ndrf,48.10134202333525
24.010656061506225,0,urban,6.063947825526801,14,drone,28.835449175816443
23.626571616064076,2,rural,1.3102163873133688,6,drone,22.11011275398313
11.579009452496491,1,highway,5.399679096949411,6,police,15.813379435707418
18.870063415587573,2,urban,4.540323047400637,5,police,68.68403463087493
7.212691630174899,0,urban,5.959759912465698,12,police,21.74431389123976
17.622001667322397,2,urban,6.605500830729557,17,drone,20.448030749358093
2.8973084714519124,2,rural,3.6142340883166293,11,drone,2.201395455245672
13.320826381498998,2,highway,5.040530644167328,21,ambulance,19.748764973589477
5.89046660537422,2,urban,3.9509781930056773,6,ndrf,25.89686185869657
26.55974487169992,3,urban,7.654899334533378,20,ambulance,151.90094761115012
13.624574130021537,3,rural,7.96423698444393,17,ndrf,87.34967724618569
17.927825584807277,1,highway,2.9294139708999225,1,fire,24.046055359650534
11.131264879735307,3,highway,2.5954593824114767,16,police,25.600726124948583
9.017860539574185,3,highway,6.783231061404587,23,ndrf,30.41369883163908
6.486133600315241,0,urban,7.740162053173199,16,fire,24.054782974946868
27.40021168867708,1,highway,0.10865491578183728,6,ambulance,24.0981520723803
24.084240581595104,2,urban,4.274359814722261,10,police,114.98444740035018
4.431203760715411,2,highway,3.0773087841342948,20,drone,4.333831810043366
22.528383850608048,0,urban,7.665204539256014,7,ambulance,61.887210280076445
12.846657922581269,1,urban,1.4354072462083467,11,fire,39.51479293188845
0.9542013213368108,1,rural,7.782465030007936,14,police,3.764710717016933
16.08683595109855,2,highway,6.614066169514576,19,fire,40.600692354951015
4.33636998250355,2,highway,8.429295737248921,23,drone,5.097816187930922
6.693062236261043,0,highway,9.902433474069507,16,police,7.698830165890197
21.033208362010743,0,urban,4.765551200502234,10,police,62.617323489544916
8.085690095665285,1,rural,6.994114947252903,9,ambulance,25.837372425057254
26.81070195433359,0,highway,7.099609384605934,15,ambulance,26.087592745453737
19.88650787351301,3,highway,8.445732493547894,1,ambulance,46.27860332233874
25.052362804868867,1,urban,5.181251818607537,10,ambulance,92.01060255190922
18.648091380740432,2,rural,1.0764774056803905,8,police,47.05103705560385
26.13106293514947,0,rural,9.793629550894886,22,drone,39.04992056493881
11.16969791315343,1,urban,0.5683734457387191,20,ndrf,32.72556955042435
16.6996470181246,3,highway,9.62374506870704,6,fire,54.574871482680024
15.71876681310784,2,urban,2.553582256852941,15,ambulance,49.8784914083623
27.16182588830013,1,urban,4.924839210128092,11,police,82.37559928097018
5.365004553954099,2,urban,9.506615037437863,19,ndrf,41.865650764579776
17.552792514007425,2,urban,6.766605401314598,11,ndrf,91.33273392150637
22.75572022969592,0,urban,5.855613452051699,15,police,58.10878902384773
11.41646793574298,3,rural,3.258928588834719,17,fire,54.79376714379794
26.093654976171305,3,highway,2.924060446243822,19,police,66.3851789016515
11.503935628793155,2,highway,0.32777664092586645,17,ndrf,23.94630646607578
5.6126084169295245,0,highway,5.863322269513203,7,drone,5.209901016958474
17.729426484448435,1,urban,4.301012655812952,17,ambulance,65.07555951687856
12.906756296100719,2,urban,2.243011969506068,7,ndrf,55.729001507432784
0.9481080881191342,3,rural,3.842141243871755,17,ndrf,3.498203499647369
2.560238478558345,2,urban,9.409422081210556,22,fire,16.067426714226755
6.2606768160944055,0,urban,8.484001184433684,11,ambulance,17.3873656815469
23.19523380578549,2,rural,4.304072990521598,21,fire,62.823255921740774
26.815165722995577,0,rural,9.79953026568873,3,fire,60.74573350290231
16.596405783419563,1,rural,4.621177729658554,10,ambulance,40.12484365820442
3.614181144166642,2,urban,3.4914187821509834,20,fire,16.178439493690245
16.265359091134457,2,highway,3.8792060954874765,17,ambulance,30.89243352399612
25.740361087609877,1,rural,8.746166865107185,7,drone,38.161794586586524
22.609590059116396,1,urban,2.677547505909814,12,ambulance,56.64049979216919
9.08739582907256,3,highway,2.2210276295737694,2,police,19.65967196394943
4.154772974006556,2,urban,9.605473241530351,19,fire,29.616754564311897
27.070110142986167,0,highway,7.342689079997271,3,drone,32.906111025972514
25.695618025650226,2,rural,7.637808147661346,13,police,66.80428001382978
2.084603271784161,2,urban,7.4029039885441,11,police,11.820538619313325
24.798397449824645,2,rural,6.82907362878661,14,fire,78.62306032566667
3.367772814655715,2,urban,0.9124796757439291,10,drone,2.1150538859659647
2.366867185360092,0,highway,7.536788472226203,2,ndrf,5.565552406233595
22.878726465814655,3,urban,2.489219001359202,15,police,112.96922467432559
16.321163346786264,3,urban,1.324052642086082,21,fire,89.78819637637119
12.729166710664407,0,highway,9.830029918158093,14,police,19.512776042986097
27.163934781292646,0,rural,0.2786378340893514,1,fire,45.05115016608638
25.259455375998737,0,highway,0.31636093573518487,2,ndrf,26.86036122413433
2.19989241063817,3,rural,3.099125324420834,6,fire,12.548596758917956
18.674573637264587,3,rural,8.442020632264503,7,fire,86.54693689599908
23.28188839462002,1,highway,9.779441213316742,2,police,34.80506827560214
16.739472103361088,2,highway,1.1852772288246882,21,drone,14.526210955836886
29.498662222747555,0,highway,3.95439833846949,17,police,38.13994163471527
20.738401387102673,0,rural,7.343018285197697,18,drone,26.55958761617439
3.5722188745622465,0,highway,6.455282477987199,23,police,6.769295040801179
6.349791353998627,0,urban,2.333766789158649,20,ambulance,15.224188206484504
24.87424582538413,3,urban,3.2920594007691606,4,police,127.986705443543
29.90432185775685,3,highway,5.9437465185990614,0,drone,35.33556945899028
3.401008372735496,0,rural,0.35406557114343484,17,drone,5.565667820723188
3.4597148764289276,2,rural,7.5822897735484815,21,ambulance,9.114112427838878
23.019918097226864,0,highway,2.7540491927491297,16,fire,25.429800696891437
2.398451310637917,2,rural,8.283461843227041,20,ndrf,10.149071585652147
2.5225234239130003,3,rural,6.836688418207871,14,police,9.816535133351367
26.720086248785044,3,rural,6.454145208666119,10,drone,30.550395640386597
24.113269463394303,3,highway,7.673611209441333,3,police,60.71705195239029
26.506114395999276,0,highway,0.7513452161677225,16,fire,28.35995973024005
19.690145362916233,0,highway,2.599707318808908,7,fire,22.350085839740096
10.014824447196325,0,urban,5.217374676407273,6,ambulance,26.41866340303783
27.236239114817337,0,rural,7.771563336528845,21,fire,54.56626960563796
9.312343986745738,2,rural,8.490557526582133,15,ndrf,33.38872674878312
8.627569763918055,2,rural,3.8210365473542387,10,fire,28.69981208710063
26.648812366186753,3,urban,7.936476511084367,19,police,210.78717435948585
20.584266478549633,0,urban,2.2027411013681553,17,ambulance,56.01369039292678
26.92232649892266,1,highway,0.8243524317407691,11,police,30.84413661005381
5.099088032992186,2,highway,2.465834250672072,23,drone,3.3870537941628758
28.592755534086127,2,highway,9.031481624238658,0,ndrf,67.41991296408925
18.57589362265965,1,highway,5.440364205885528,11,ndrf,32.37088626222712
20.207033800756115,0,rural,4.813491100950078,9,fire,45.64999684554249
27.46478711963032,1,urban,7.433346899442594,2,fire,105.59261301369499
11.732212753491545,0,rural,0.10092931495056412,17,ambulance,17.289308906790886
21.727462343527932,2,highway,1.1830311869717058,2,drone,19.91149813780305
19.390048323172277,3,rural,0.9960272576137175,16,drone,15.736832093207557
23.738705206545827,0,rural,1.2166711107490247,18,fire,48.78646592172798
26.959812359082566,0,rural,4.534503646988125,11,ndrf,51.9435504115399
20.56179523518779,2,urban,2.8068291456475416,5,fire,86.40879862947507
2.4953668578403985,0,urban,7.857250077929303,23,ndrf,11.858858602334555
5.9026402025685165,3,urban,8.390391177573958,16,ambulance,35.39759609468676
28.64235637687898,3,urban,9.249393472133345,2,fire,220.76713462157758
29.075188964628172,1,highway,1.9606239920059931,17,fire,48.65478336681754
29.038692754101692,1,highway,5.028516843912108,3,drone,29.930646350481375
1.5855823118034804,1,urban,0.48697819142508925,14,police,7.676355878873771
11.782220954507839,1,highway,2.399081251342067,6,fire,16.23863206019852
22.91034476764588,3,highway,6.150773705257762,15,ambulance,51.570230463866686
22.71013120790601,3,highway,4.22392315317853,19,ambulance,58.2965663992679
3.034312696023776,0,urban,6.90699247139789,18,fire,13.163899216183985
18.47992216914081,0,rural,8.392273805540734,18,fire,49.58546709532437
4.714653746955294,2,urban,0.5953510888428348,16,ambulance,18.401674568888392
15.049675319599903,2,highway,9.38612968342059,18,ndrf,46.13493933163881
7.570728174813085,2,urban,0.42403328666296813,21,fire,34.15834096326056
2.0682545661744665,1,urban,9.816687225554826,21,fire,11.177614634568442
2.860573053034982,1,urban,6.376317250921195,18,police,12.147039275522248
27.37134201703229,0,urban,0.4330001928727878,10,fire,82.61462795307938
22.467055943945255,1,urban,3.9362881817568143,7,ndrf,83.95858262521281
27.988807462302038,2,highway,2.582084572174017,7,police,39.27905237267569
14.364703003839804,1,rural,7.985723476171556,14,drone,20.864203743455697
12.692128719107727,1,urban,2.254551692915955,14,ndrf,47.84698059609106
11.07301512881182,1,highway,8.262125134530928,10,fire,25.694573301542118
18.681059333536655,3,highway,3.1234140043644554,9,ambulance,47.04365035609212
10.871001915654341,2,rural,9.891436712385715,17,ambulance,41.86345689151524
22.51506040246918,3,urban,2.704091070853931,12,ndrf,142.52670460709072
24.138861123367935,0,highway,6.849608032252304,0,ambulance,23.77096066436124
26.337415506166742,3,urban,8.00193756804849,3,fire,193.35295968423924
7.66262744223568,0,urban,2.164594149113185,7,ambulance,17.37964934110119
16.047150454125074,1,rural,0.7575574498717452,9,fire,41.66377940353601
7.091616193530246,1,urban,5.51247481569381,17,drone,9.092539062120412
1.6078967909000637,0,rural,6.770790630404502,11,ambulance,6.230541605667208
21.380846473010212,3,urban,8.172761839193365,10,drone,29.087291987265235
16.694947581086176,3,rural,2.727639462146858,2,drone,13.689162160420315
21.855854746815968,2,highway,8.722858923578851,1,drone,32.354641043782564
3.0848758864928447,1,urban,9.157666489053417,23,ndrf,17.423187726260522
29.86802228232729,3,rural,7.791869778978157,20,ambulance,106.9755199300654
29.833282724937444,2,highway,0.07596849792897986,0,ambulance,35.99545429091338
14.217494852353624,1,urban,0.8721639792057734,10,drone,9.071083824807115
26.048732097923164,3,urban,9.977373538155192,22,fire,208.94203663667895
7.685272396263926,0,rural,7.339486943151829,17,police,16.493311830373028
22.25820175608726,1,rural,6.267916368944986,1,ambulance,43.091684695636076
26.437162776000193,0,highway,9.013620081101504,10,ambulance,39.40756837951644
24.532654849382965,0,highway,0.3964146524136969,20,police,21.767104113890902
24.447335308114145,0,rural,7.573778624120505,7,police,45.05237321930377
14.15928564662152,2,highway,6.546775699193005,13,ndrf,30.857529341386982
24.689703459473797,3,urban,8.482208314449231,7,drone,35.08801070054602
20.875791984128366,2,rural,7.779042336323558,4,ambulance,53.65039515728915
4.407316245254028,1,rural,4.849308557161333,20,drone,4.280163053421211
3.8684399199033437,1,rural,0.7096845289530951,5,drone,5.1956823805110215
23.271703010071878,0,highway,9.094015404729765,13,police,27.71853011011649
18.951190618801252,2,highway,7.635022459081404,8,fire,50.159308277480335
15.821595457145634,0,highway,3.5639606474498686,14,ambulance,17.30113410832604
27.26422283004043,3,rural,9.839282472345142,19,fire,172.16465355204127
19.957915527700948,1,highway,3.111082202025981,13,ndrf,27.528914570814596
12.186328980104856,1,urban,3.7056061226110595,3,ambulance,32.25258985960013
12.710988341197423,0,rural,9.746756988819483,6,drone,23.06085077838829
18.354708644118755,0,urban,6.681110770595343,5,ambulance,45.725893086534484
22.92812089824728,0,rural,8.791949062361782,16,ndrf,52.15168343548967
17.14842255499916,2,urban,8.87754146735003,16,drone,25.718068477587977
15.508446025465801,1,urban,5.364483359198426,3,fire,52.148554058827926
21.943570728298365,3,rural,2.669668195787559,14,police,66.974896969943
21.305304222257572,2,urban,8.474458606055016,11,police,96.57926659881791
24.99523179810005,3,highway,5.018875670846747,10,ndrf,87.67901248019129
2.345277695180185,3,urban,5.643510367332167,20,ambulance,13.710460259505998
22.771087896418376,0,rural,5.413679633828892,1,fire,43.15766497422843
15.655933303074855,0,rural,0.09588060409415067,17,ambulance,25.791914247105336
2.7034470409779803,3,highway,0.45869104913883074,13,fire,6.889742288013822
20.53079583100083,1,highway,6.1638432592426975,6,ndrf,35.01269868617554
21.637935723057314,3,urban,7.944373586942252,5,police,136.31943918623602
15.947001501568192,2,rural,4.570385841539237,3,police,36.463942879020145
23.917069840668002,2,urban,1.9040829768287237,14,police,79.4930622662616
9.357319204564394,1,urban,4.0663540620081315,15,ambulance,26.634123364105836
6.4562629466773656,1,rural,7.683235517333937,6,ambulance,15.536245801309196
10.846651576426716,2,urban,1.086213872446855,9,fire,53.849216887244296
12.596490142231337,0,rural,5.601988865883407,23,ambulance,19.975782576196227
21.03004127086398,1,urban,7.022127964011297,16,drone,24.103205581050066
25.442838167407714,2,rural,4.158329417282772,14,drone,24.49754075217216
21.76708660732096,0,highway,6.012621197021003,2,police,24.16892811242953
5.632632992553244,1,rural,8.834769458206605,13,ndrf,16.82748557381841
11.303404001607593,3,rural,2.1281323170730424,9,ambulance,41.82903948380036
5.173204546709451,1,highway,1.3508315655412284,20,ambulance,6.842738717817716
20.758363886962513,3,highway,0.6084830118114004,4,ndrf,53.04209875651348
7.821070407398377,3,rural,7.262130734193518,23,ndrf,37.807896446997134
15.99891451912948,2,highway,9.005308324405464,22,drone,25.86281170574819
23.85898037424319,0,urban,6.903936263070738,18,fire,97.91841150046577
20.292708610187645,0,highway,9.764528691372664,12,police,27.672837290248523
9.302032724621414,3,urban,7.0811073612790345,14,ndrf,70.01215605163974
10.319569143182056,0,rural,2.8849476979236144,21,ambulance,15.51429264672367
19.774246454789438,2,urban,2.55589378866523,20,drone,18.051504470401344
16.709298605528353,2,highway,6.666693671189167,19,fire,45.07227685208014
3.3436078803663096,3,urban,6.758116771738571,4,ambulance,20.750603877621216
26.28275188356961,3,highway,5.238123316210395,9,ndrf,94.14018683693888
15.622090817582045,1,urban,5.2688908204099025,18,drone,20.145108292960543
14.46414988932523,2,highway,4.16641432723466,2,police,22.1470244057785
6.353960430651738,2,urban,3.499210293016067,16,ambulance,23.584467553797808
11.62131765963085,3,highway,6.340525117054004,8,ambulance,34.76962346887721
10.318333438295424,2,highway,7.475172960417429,13,fire,22.551401440039296
8.486702643468092,0,highway,8.134057336063874,22,police,11.256583664772991
17.238493952079807,3,rural,3.0783681983929565,20,ndrf,70.60302546765533
14.137123128268321,2,rural,8.577342362850313,8,ndrf,63.558427022604675
26.731331716782684,0,rural,3.0274221095424014,17,ndrf,63.80020297516771
28.269647322891245,0,rural,3.0487821558305663,0,fire,47.442472473216625
6.974466162228681,0,urban,8.060022956236832,17,ambulance,27.21525731283286
3.4531101486327103,2,highway,9.693754345623756,3,drone,7.430231643621462
23.667457768888607,3,rural,9.322256949632784,21,ambulance,93.33467159673978
29.848411407338965,1,rural,1.110793326706061,7,police,48.621386134966365
25.97620206069755,0,urban,2.8847661435732377,16,fire,70.95250118818738
1.1990733625026744,3,highway,7.598965258611439,15,ndrf,6.51722296120572
7.912274745840747,2,urban,8.062435958425766,6,fire,36.67374060569819
1.7785971727172858,2,urban,5.042665290472177,20,ambulance,6.964882889280059
24.712991622714412,0,rural,0.16102778040514076,4,fire,38.27204036506236
17.65150580062333,3,highway,5.018475733175068,21,ambulance,37.88550817967697
15.654696964428089,0,urban,0.3114692306915967,12,ambulance,32.552481081942425
16.856271518897564,2,rural,2.8139544479454806,11,police,39.836634994250716
7.947312131549438,2,rural,6.56860050364482,5,drone,10.847125383344713
18.248331889596454,2,highway,1.3460239965824372,0,fire,26.32288065378733
1.4046758646888848,2,urban,7.124895437154156,16,ndrf,9.554384362272623
19.55734585713977,1,urban,6.2138623636231305,17,police,81.35523545688524
22.165797990275507,2,urban,4.296942185963046,20,drone,23.252331366929063
20.3542747794989,1,highway,3.721550517773343,23,police,24.95573211204149
10.297466790210498,1,highway,9.146664001708345,7,ambulance,15.025904034728855
24.874755996262508,2,highway,5.531706619092713,13,police,41.08811215441111
21.608547914965722,2,rural,8.888995430759763,21,ambulance,57.421034256910474
4.284771026266197,0,urban,4.12442253413041,13,fire,14.553063783127484
6.256754505880294,3,highway,5.946401803677884,17,police,20.508280794633407
19.29469818875804,0,rural,9.546087018301888,17,drone,30.112394163054866
9.03777593990277,1,urban,1.2408599705780776,23,ndrf,31.773409112098125
4.02327177266399,1,urban,2.6278066571452374,8,fire,18.437831454535687
5.07158529792182,1,highway,9.16693943156945,4,ndrf,13.099163129266573
5.385706825941819,1,urban,4.220044122113378,21,fire,20.96417378452856
14.594831751142275,1,urban,2.7203538835925634,11,ambulance,40.21464693562768
18.41787087617017,1,urban,9.973397115702795,4,ndrf,87.84322838069073
5.703867108205241,3,urban,1.0220930809770346,15,drone,4.068919640510983
21.518650005715024,3,urban,6.115430106071197,20,ndrf,155.47677214806515
8.78987192129509,1,rural,7.88074536099843,18,police,26.552778026254657
9.690965082621846,1,rural,7.867389979777789,8,police,28.61091633017705
7.093209321686173,2,urban,4.418420192411077,21,fire,30.94047507282904
23.663581010324133,0,highway,0.43961034204567984,0,drone,21.027170147727354
28.814508071637874,1,highway,8.410270905397581,21,police,40.580639070493376
15.028745536003735,0,highway,8.027374742555551,4,drone,21.594920091836975
1.7399039222437698,2,highway,2.3738075235109104,5,ambulance,4.605722457745774
8.186794834551538,0,urban,3.4052742369245346,7,fire,23.311146677091205
5.1624835880059585,3,highway,5.125923311150785,10,fire,17.894989116187052
25.36148740313453,1,highway,1.1414370766345994,1,ambulance,26.211449390534813
3.0031926292795523,2,rural,8.205645270994848,17,drone,4.698645814483093
29.01104910030732,2,highway,9.220999711072428,3,ambulance,49.548847418509865
17.861156410426467,1,rural,3.081943313895369,3,police,33.045771460535576
15.773323718687816,1,highway,9.240294653358456,0,fire,30.22303863387934
25.49684336136601,1,urban,8.008695121758835,23,ambulance,83.795160655871
1.3126548280979566,3,highway,7.278254440036562,1,drone,2.6234642149161074
23.426006107506783,2,urban,9.691537140065996,17,fire,164.1902393531001
3.9398193442712386,0,highway,3.2465016168307415,15,fire,6.334606020084352
25.302953918742748,1,highway,9.15642797183969,19,ambulance,45.1951091684268
16.110698467516926,1,rural,0.9840359760892248,10,ndrf,43.10752596621116
2.303317369622708,3,rural,4.780141503152684,21,drone,4.326045933515691
25.08072864463907,3,urban,5.520112595462448,11,fire,162.74286652128885
1.3057664536019233,1,rural,1.228106170655,4,drone,1.0
4.581935440361303,1,rural,7.373540060650355,21,police,12.497318691733902
24.035823452885555,0,rural,4.751789638320718,10,police,48.228509998736925
14.213698153807783,2,rural,4.555404395086995,0,drone,15.449709389652137
26.500966778467596,0,highway,5.814396658429407,15,drone,28.628984711253796
19.245163547336965,3,highway,1.3471168042245851,7,ndrf,46.011927641063075
18.894098253927037,2,urban,2.000251603019408,19,fire,94.261969354144
9.120935630894438,0,urban,1.8068442682217212,3,police,20.443253596479195
4.4435754447761395,3,rural,9.519325974575741,17,drone,6.548475831326511
28.854585531452138,3,highway,7.731898828157815,19,fire,105.23415703704191
3.5915318297301573,1,highway,5.291969753295249,2,police,9.49380861449012
16.105812702170244,0,highway,6.594551313728957,14,ndrf,25.36774098119376
8.540773429626018,1,rural,6.49978106140259,15,drone,11.037980571122459
8.292149575652914,1,rural,2.6234501011250186,22,police,15.696157826442088
18.040293469432985,1,rural,0.8660783691377405,7,drone,18.325292290506567
24.03905645677663,3,rural,5.549387618201262,11,drone,29.5521598886523
23.42679474352272,3,rural,2.6304248931362153,9,police,91.6441535114194
26.12964983120983,2,urban,8.734716488121263,8,fire,175.2708357054038
9.140630768414828,3,urban,2.3605304420682516,23,ambulance,42.98447990057557
14.239665760594677,0,highway,5.72861475195293,15,ambulance,14.871062927298263
0.7753699099907362,0,urban,4.200929018990486,3,ambulance,3.4456310801324133
22.532299882522782,3,highway,7.42902826961174,20,ambulance,52.30580370450922
9.41912180819735,2,rural,9.507462172533307,2,fire,33.79117116996801
17.0640592314705,0,urban,4.115710696455467,21,drone,18.012965291826372
5.494358319573795,3,urban,0.4435452750183977,9,fire,41.19208397941266
24.672285460462692,0,urban,6.614313911355981,16,fire,75.56725459609774
24.609530468709195,3,rural,1.2918487328245176,20,fire,86.46144741732611
26.38486098521219,3,rural,1.045015042259485,20,police,75.5220177952808
1.8551414146483236,1,urban,6.61558136326906,3,police,8.196633250060069
29.777531938362905,2,rural,1.0281233547285917,9,police,78.78126511820741
7.809492725970989,2,rural,1.2877713175742633,1,ambulance,17.44100620442602
9.628293738396808,3,rural,4.390807303204422,15,fire,38.16516881278188
7.855404011118161,2,rural,4.523260862339859,10,drone,9.048185237429523
8.392214601812704,1,highway,9.137143059334504,23,drone,15.339402294143266
16.803510005057575,0,urban,2.761342129953286,15,ambulance,35.77319406059506
7.574411056961497,1,highway,4.0093510772590175,10,ndrf,16.741087115484046
12.116253686311941,0,highway,7.075210263570451,3,ambulance,15.450736022644861
19.840394182074853,2,urban,8.270199362141915,6,police,86.6525821092043
25.16277300554294,1,highway,3.4912036784570413,19,ambulance,38.0076307726696
20.935874257872946,2,highway,6.3107742001808065,3,ndrf,46.79735880594403
18.032523921226034,0,rural,6.241858873273239,20,drone,23.111929503508065
4.857992594961527,1,highway,3.032076222574301,14,ambulance,8.584156942794833
24.575410245467836,1,urban,1.1862119489529122,12,police,61.446999790715516
1.5996091957946412,0,rural,6.825170839000282,11,ambulance,2.4553151296368645
8.293654065441412,3,highway,2.680680678906401,0,ambulance,17.032528235293295
2.1832380494928554,2,urban,3.182823628516024,5,ndrf,10.54254162623295
20.189154779741646,3,rural,5.723551737346675,12,ambulance,67.98661893677148
11.366946936508677,3,rural,1.6080893928153295,11,ambulance,28.762497108014735
19.73543025454357,0,rural,2.414982987263162,5,fire,34.171967335677145
10.737413299455914,3,urban,4.460788169462074,19,fire,86.17112553791888
13.944351558585078,0,rural,8.784832790836962,10,drone,19.580866083235662
14.009849799902335,3,urban,7.722561246618936,9,fire,132.26335882691453
1.8446292831925657,2,urban,3.175968536303836,18,police,9.659591211169829
13.191682527207105,3,rural,3.0206888672243384,3,ambulance,37.581282953349394
19.411398711898478,1,rural,9.873449120923881,1,fire,55.10956346955653
16.608541259225298,0,urban,6.5338427338532,7,fire,52.72717122962414
2.720871105209474,0,rural,6.855340324326066,0,fire,6.927204494859393
20.20765157775909,0,urban,0.5512432538740897,8,fire,67.05703340515011
9.611451270000197,3,highway,1.049725337323012,3,ambulance,18.841937225328532
0.9258266819811518,2,urban,2.944536350036897,15,police,6.672993685850983
5.090068933985234,0,rural,8.420111223426924,1,police,11.394385304957204
15.178009890838505,0,urban,9.106693296237088,4,police,48.11047867436906
9.656848941387025,0,urban,1.9102934594751886,6,police,22.03695935129246
20.984298905729748,1,rural,7.14196767225693,14,police,42.52758247200454
7.599277529190051,2,rural,8.741376311291535,9,ndrf,37.024618751428584
23.297486970017474,3,urban,8.789009044809008,18,fire,225.7340871499392
8.951076851122409,2,rural,4.588072649728306,18,ambulance,27.578252712146327
18.815479373740263,3,urban,2.5877848873044176,9,ndrf,149.67341366822927
24.076883217409815,1,urban,9.56283949622865,0,ambulance,84.95664175209035
11.873905794990591,1,rural,2.7658313845245064,23,fire,22.843909841337155
1.8807457835563786,2,highway,2.5269506109724036,8,police,4.5100638122007295
16.295642871236986,0,highway,2.056828806037001,12,police,14.879325675488401
29.86456731556276,3,highway,5.325354606123939,22,ndrf,84.99856757495019
29.08526005811895,3,rural,1.0718435136517745,15,police,84.17877180308462
7.020154721352963,0,highway,5.706876698761577,13,police,6.902941727896107
22.793047028015444,0,rural,9.436892906475732,8,ambulance,51.73740700704503
10.676079038691945,2,rural,5.049692170862547,19,ndrf,43.02006876292754
5.228038165401198,2,rural,9.653475836613591,4,fire,19.801547615812172
20.14448366777355,0,rural,9.057034458084036,11,drone,28.836158824694365
15.275627521039684,2,rural,7.9230166667156325,8,ndrf,68.65557773607291
16.407301450842482,1,highway,6.080572492024464,2,drone,21.707853322390076
24.908083535947497,2,rural,8.806778678416936,6,drone,37.467767669817
10.42803843867898,1,highway,5.549837921807014,4,fire,13.243275575803434
20.17929540689206,1,urban,2.072013135989822,2,fire,64.15640470970023
11.302648275397445,1,rural,9.251794748478357,18,drone,17.112603865862
1.760354949122661,0,highway,5.02189880007898,17,drone,1.0
11.651445666422292,0,highway,9.077480744126508,20,ndrf,17.28489770663933
28.526016664521972,0,rural,3.931458662923913,0,drone,30.102935910948936
14.756243221608303,3,highway,3.3572431562477947,11,ndrf,39.74858276660983
3.692797886687611,1,highway,7.659913236269022,15,ambulance,6.707052918537325
20.790891466598662,1,highway,6.344454573533458,11,police,26.89151906309486
28.919690816696377,3,highway,4.397249349776045,0,fire,74.3897669578662
27.284384773055585,3,urban,8.785890741959793,10,ambulance,209.31909628677607
17.37284471534009,0,rural,5.165766134975696,2,police,26.849754168926722
11.60028195828167,1,urban,0.12791127667716506,0,police,29.71841106146351
17.629991221022593,1,highway,6.932038567302682,17,ndrf,36.411294922119595
24.56996633487786,3,rural,0.6315667139728098,2,ndrf,88.26045734916153
25.9065015895444,2,urban,4.811022909548692,7,fire,115.22183813283296
24.655894605802015,2,highway,1.9207952789276261,23,drone,21.053904935845406
13.936553164031263,0,urban,2.419834984966378,22,police,33.381864628354826
4.006310692321784,1,highway,9.798151998883224,1,police,8.853786376069333
17.290616088793904,0,urban,1.134793129553534,9,ambulance,44.76159539955736
5.114650426984274,2,rural,7.577072048279465,8,drone,4.9589675325208535
2.2982708499867517,3,urban,6.374451269024473,14,fire,17.407131324505187
15.210701086151396,3,rural,1.95042698281931,16,ambulance,40.89532473166219
19.833516776375525,1,rural,9.353379322657462,1,drone,29.512937329878756
25.697345538988593,1,urban,2.014164511576022,10,drone,23.724958326780285
23.593648841651955,3,rural,5.155847015392277,6,fire,96.02155685621155
25.78859512631817,1,rural,7.905219401936723,23,police,55.45082408276969
22.92202873921627,3,urban,7.6357115145555765,7,drone,29.25028558479618
21.245562208731112,2,rural,3.1970800522111764,0,ndrf,58.69932325067359
0.7990582896506391,1,urban,8.392723664020782,14,police,4.035166737784349
18.970018198371708,2,rural,9.620966200143712,20,police,57.25892082494237
4.0542132221039715,0,highway,4.7401982445293775,19,ambulance,7.1697857228270685
2.230680403809961,1,urban,6.523152996429152,3,drone,3.1152845624178647
5.114158487116835,1,highway,3.6451407754363405,17,police,10.21899079681913
24.78711876253163,3,highway,3.540828310372919,4,ambulance,48.86374778377797
22.443557096450633,2,urban,4.697158658196886,3,fire,96.24437682612286
28.488785953553762,1,highway,1.9713309580584515,12,police,29.951323055815195
29.379799630187108,3,highway,6.894015217700954,19,drone,37.269856239425664
26.851877598032473,1,rural,1.6557504475152263,20,drone,21.859444692850097
4.4213185038214755,3,highway,0.05181002108857746,14,fire,10.599035313443895
26.41229085728692,2,rural,4.394761037898839,9,ambulance,73.2084371807523
25.239795476265037,3,highway,0.7642028131303347,14,ambulance,43.403898453095934
26.197032865861072,3,urban,5.624387633355069,7,police,143.31674458232618
4.974725704936497,1,highway,5.203690536440904,3,police,6.124926696705973
3.9453589193128673,1,highway,1.372643978414596,9,police,4.428091270090954
27.75236194773041,3,rural,2.4599688801778816,4,fire,100.71751394241234
5.627886149467884,0,highway,0.24452218406073256,2,drone,5.654246153279077
11.374341065756736,3,rural,5.939531029652596,17,police,51.36680564056977
13.951553060074778,0,urban,2.9286619464777153,20,drone,11.524972164397237
4.171054570972151,3,urban,7.1298468922421385,17,fire,40.63184943963649
1.1087114969601486,2,rural,6.29825879658409,21,fire,5.831590784331954
29.825668858129927,2,urban,3.735875905833751,11,police,105.80647943774765
26.361388722631354,1,urban,0.2172317453095307,16,ndrf,85.44706822597674
27.4139689158438,2,urban,3.201644383265517,4,fire,112.83799169275966
8.894610543527495,1,urban,3.2486377535531066,10,police,33.6091156831773
6.992996395990453,1,rural,3.3270507415575636,2,police,12.353072982029268
13.063063466175086,0,urban,9.53443437956126,14,ndrf,49.15135146898914
13.872921384851201,0,highway,1.645596301541039,10,ndrf,18.67628299531462
0.6651834464950988,3,rural,2.700595875558646,13,fire,7.490477160922113
23.48796682051507,2,urban,8.323989527345079,20,ambulance,95.77301234393178
29.90167762518951,1,rural,9.251575241756143,1,fire,80.25347555607769
16.096380668011637,3,urban,4.682856031784443,10,ambulance,104.89115074559774
11.953631502867312,2,highway,5.400487856301889,9,police,25.042061889234503
12.086180850025498,2,rural,0.5285838356619388,17,police,31.753758532577567
3.33427539907697,0,rural,8.080384290839579,15,ambulance,7.125442961961337
8.351773641738347,2,highway,5.9456036961524354,17,drone,10.72786075098023
15.31291726472162,0,rural,4.790100593718893,20,ndrf,29.29878523679453
13.239516033473572,2,highway,3.025755820842898,7,police,19.419377245913928
16.57852499942175,0,rural,4.4377098506710215,8,ambulance,27.718657215161336
25.547436634803496,2,urban,7.353120318804313,8,ambulance,125.63712221297521
7.144647929638554,1,urban,0.8077414830606322,19,drone,4.509201078516654
1.3160933367362027,0,highway,5.068141949647286,11,fire,4.771200704405941
1.627650635840852,1,highway,0.346380649813135,18,drone,1.4160157616016866
4.457979756552322,0,rural,7.72252945107343,5,ndrf,12.629226845050752
17.329248051729873,0,urban,2.1101788869162252,22,ndrf,49.748386140776375
24.34145189611878,3,highway,9.033876868035525,11,drone,36.4052687258436
26.66077520877863,1,urban,4.76094578007359,23,drone,27.075921477003753
19.23583945826165,1,rural,4.572637264336423,10,fire,54.0039013250269
12.392725947301356,0,highway,3.603519524543869,1,drone,12.974779735537155
5.058183890606349,1,rural,5.163609007122397,6,ambulance,14.030584606113768
12.341841013582632,1,rural,3.380279065445851,10,ndrf,35.811098118913954
10.306246450279614,2,urban,3.5992463009323528,3,fire,45.35234767989223
26.165763485285563,0,highway,1.9561273470345575,18,ndrf,38.128145353071176
14.858221633612914,3,rural,3.4521444975846616,8,drone,13.81292906267865
7.1727790486586,0,rural,8.117150993249407,19,police,19.162566232888523
9.019631471065507,2,urban,2.4569083116680734,23,ambulance,33.12657995317894
4.525869854009326,0,urban,8.212681147979705,1,drone,7.036382351006926
27.59827074753937,3,rural,8.613127202908275,6,ambulance,102.7686177027827
1.985202463975822,2,highway,6.663343952078563,14,ndrf,6.717787758748019
0.8789643323988796,3,highway,0.306839248011741,20,police,3.9861683524863705
5.898173539042627,3,urban,5.610335066040344,21,police,37.68515657351703
24.420783528363458,3,urban,8.331489027880266,4,fire,181.5462704139721
15.942270205616897,2,urban,3.657833429271067,5,police,56.408310877535996
18.962376977621098,3,urban,2.8282229291254737,4,ambulance,91.05754099227548
11.053084424764176,0,rural,3.2137680496239573,8,fire,26.30299799319978
2.5260005737005162,2,urban,4.230763971999173,14,police,12.453938271424242
25.75666579351896,3,urban,0.701691754423982,9,ndrf,192.31867465323577
6.16088102769952,1,rural,2.376850993040706,17,police,16.48334442895994
1.4752464160808834,3,highway,6.469350515548317,9,drone,2.9054147121821408
17.394772010029214,2,rural,4.724842419871794,14,fire,48.08729558657475
2.9570320013457314,1,rural,2.4734134250098707,13,ambulance,6.778608700167535
3.3249746298651095,1,urban,9.308791575475423,6,fire,15.834716679029132
24.111122428734493,0,urban,2.9554238527952794,1,ambulance,52.62311377464668
15.002482884880866,3,urban,1.2931787285945096,5,police,71.40357670916532
7.6244993412907185,2,highway,1.9934836620888885,18,drone,6.803007478102479
10.784479489105804,1,urban,2.965848066126413,17,police,39.05754898796542
22.01260887587356,3,rural,5.225590717901582,2,ambulance,71.40465643065443
2.4574472703197543,0,urban,0.6632067996373603,9,police,5.7280697497483795
3.9361781700296925,3,highway,8.549420755036845,19,ndrf,19.67377491910197
18.679730032221805,1,urban,8.774766443642193,19,drone,27.647235484522117
18.405666166779664,2,highway,3.1835059205988827,0,police,26.374140888517523
29.187634443793467,0,rural,7.753124251834567,18,police,66.2892183706435
11.549209697035764,2,urban,5.9969273238390315,18,police,58.44198887746497
2.419790001736718,2,highway,8.454440077616995,2,fire,6.163838136993446
16.357354328064023,3,urban,2.769662999518582,8,ambulance,98.71960784081026
19.331230946972813,1,urban,6.10235740575386,1,ndrf,79.71895671281786
4.618282180694347,0,urban,0.726948074816004,15,ambulance,11.249974698449973
16.809428219288304,0,urban,0.09452053005786554,20,ndrf,43.35355214552634
6.334130088918806,0,rural,8.746978852411239,4,police,12.742510121817435
25.419536707491517,1,rural,2.9454778035632168,8,police,57.97845792621011
25.137264125622977,3,highway,4.45410758896351,12,fire,64.26219597812064
13.174058331954033,0,highway,2.3177938411220356,1,drone,13.85994495386714
29.018924120127718,0,rural,8.76807456248127,7,ndrf,68.26431470966686
29.403329296267376,0,urban,3.8453419697233726,5,ambulance,66.4656855724055
4.312907123954775,1,highway,1.7911875441009073,0,drone,7.3092255679335905
11.347557242557794,2,urban,6.079928857267841,16,ambulance,41.2951004976578
18.209483366376016,1,highway,2.0546332608321016,17,drone,20.346200547861123
3.0027153826526094,1,highway,2.606898862442868,1,police,6.602757141144026
11.788337362517042,0,highway,6.727950545809568,3,police,18.17494332576024
8.204576478489427,3,highway,9.59219447278048,1,police,22.30855801556754
28.58548151851777,0,highway,7.54809868093306,22,police,33.40594136789002
12.641781773528379,0,rural,1.241423801341457,13,ambulance,17.561981280321284
22.998790327151617,2,urban,3.125572115826878,13,ambulance,77.3543129019268
11.907808223609127,3,urban,7.963649508131403,2,ndrf,95.19454635490823
4.388456077355647,1,rural,2.7514736040588286,0,ndrf,11.826142691045582
25.962970139745,0,rural,7.400695535638233,22,fire,53.949394011850586
0.5122990486415638,2,rural,4.71792441602625,22,police,3.0052658930746885
2.150255782246276,1,highway,8.844085274607531,13,fire,4.764640087034319
11.249339973962776,1,rural,3.5914909556183474,3,drone,12.149148668819977
20.76349853780273,3,rural,9.345714566760439,0,ambulance,80.72534550998962
10.580276711077884,3,highway,4.07434681103894,20,ndrf,29.464329724148914
2.4562281198187614,1,rural,7.262357109929343,12,fire,5.659008662619355
9.87628099515739,2,rural,1.9519455742009384,7,ambulance,20.99222510816621
7.7269353402097884,2,rural,5.307894505284864,0,ambulance,17.53446569718229
0.6598840946368397,3,urban,3.101350143818189,13,police,5.214354751889122
16.276656438821853,3,highway,0.1272654945062468,21,ambulance,27.45084564823211
3.9410544849534888,1,rural,4.372737554342954,20,ndrf,10.872405493096686
8.98114051950165,0,urban,1.7249641122067605,17,fire,31.891738725017845
19.415099991561227,0,rural,9.585852468062038,1,drone,29.43504651712668
21.890912820277826,0,highway,8.085887682699429,18,ambulance,29.774950119614765
8.271940992252665,3,highway,7.395251255214806,16,fire,26.27952116870729
10.211213296424404,2,rural,4.533320316961895,20,fire,30.431085401677883
7.783822524760224,3,urban,2.5910482417081546,3,ndrf,50.59168331790828
28.72821370932766,0,rural,3.243630502988839,20,fire,48.26895416526264
6.120331946128383,0,rural,2.04364163504412,17,ambulance,10.853804517308314
5.9038278071934505,0,urban,5.518886606391803,18,police,20.1159985728424
13.628541227030194,2,highway,8.112763995686095,3,drone,18.755018636835256
6.08453759641679,0,rural,1.8741087703295356,20,drone,3.2827734778919293
5.12289946042544,2,rural,0.04547449535732939,0,police,10.270890038238505
3.3284463621820217,3,urban,1.2560651667717149,5,drone,5.217499100146336
19.385051819193357,0,rural,4.609321493230368,3,ndrf,38.56829743350637
18.556426519605935,2,highway,0.18596031592460371,5,ndrf,32.817320460377736
19.679805310400006,2,urban,4.032678775486196,15,fire,85.63281566582963
23.31235023627719,3,highway,1.1115807415925383,22,police,44.31093021024026
10.127561377380987,0,urban,1.0776641889455651,23,drone,8.6174509094945
27.593500141551687,0,urban,7.126110168640718,2,drone,36.24375308765023
22.129536026528303,0,urban,9.994972093565508,23,ndrf,88.94358414550739
24.238903363145013,2,highway,1.9448161871182545,2,ambulance,33.30547513684472
21.76838383288798,3,rural,2.2958911714647168,17,ambulance,80.16774573419283
11.074441540260572,0,urban,2.9641823386330177,4,police,26.73047746680822
8.84945839784773,1,urban,7.851093417984351,19,police,39.47075505662449
12.964253552580917,2,rural,5.058937645065128,8,ndrf,50.660600582046854
3.3623956357340745,3,urban,5.706770127843457,20,fire,22.719014381933537
13.81277479619544,3,rural,5.465071504161024,13,ndrf,61.42506240859828
1.772659001309575,2,highway,9.373713532175397,12,drone,2.9290790050014093
0.6164058208022376,3,rural,0.3485296973590435,10,fire,3.888453237831541
27.979218714503435,3,rural,1.5791560522360282,5,ndrf,106.4237242674105
20.83543738734284,3,rural,3.8211298210488067,12,ambulance,61.854789470634465
17.074484938446084,1,rural,4.880309694607991,15,police,33.50854214052928
10.562510162980207,1,rural,1.1393690987779492,3,drone,8.077936806714543
17.330871433209687,1,urban,8.931696593439082,3,fire,72.34393881236278
26.801485401980788,3,rural,6.778589110565958,10,ndrf,157.88934256284816
19.745213951344006,1,rural,9.322433578596288,19,drone,30.793844937100086
18.273218939628375,3,urban,9.408012399561517,8,police,152.61911808200506
14.076032837664503,2,rural,5.125330544023913,9,drone,15.89399387932876
10.69806240420031,0,highway,8.530082386279997,23,ndrf,17.447760747291785
21.1071398606905,1,rural,7.36754591643486,6,police,43.36479741949948
29.43893775996652,0,rural,3.605081717588181,8,ambulance,52.35113305230985
13.030351958857409,2,highway,6.573492797963972,20,ndrf,26.436033988659126
12.070053518418923,1,highway,9.52747418253097,12,fire,22.509149064348385
13.129347434768754,1,highway,7.6400903758472545,2,fire,20.485947792641237
13.053547057466783,0,highway,7.094121186620822,5,drone,19.758573957298072
29.723430814370605,0,rural,2.2187149342044563,23,fire,49.996364762351845
21.34995859652555,3,urban,8.31128490901458,19,fire,202.16476028413672
11.095941251712455,3,urban,3.8966475296156835,22,drone,10.091957836998969
11.459320027888316,1,rural,6.240779178592762,11,fire,27.500231700247934
13.208509279949643,3,urban,6.777271025152849,14,ndrf,98.6566910836364
1.5830095336232661,2,rural,5.152414266721427,3,police,6.031012836493218
16.070583859626876,1,rural,1.6558525015310643,17,ambulance,33.52159074586079
24.43573806992156,1,highway,6.974562530398094,13,police,33.62563654265979
19.98674989962156,2,urban,2.4724232402525415,0,police,69.30266701630221
6.353414979465477,3,urban,2.653645644761189,20,ndrf,40.9828853862839
21.977010120661912,1,urban,1.2679149543567392,10,fire,86.26256521691224
21.724028886794894,1,rural,6.199422665049123,23,fire,50.07790459184381
8.244906861645415,3,urban,1.1740574133756276,21,fire,44.90902296275589
18.874802377279586,2,highway,3.452168248045946,10,police,38.37876471426476
18.522996477097116,1,urban,8.895221982134597,0,drone,27.812336332230895
25.273734903757354,1,urban,4.530660296798431,3,police,77.38808086490563
4.514133199086517,2,highway,8.9450471654704,6,ambulance,9.123319246351953
6.247735883089921,0,rural,4.927169659031087,7,drone,10.748125811032788
14.836100361150255,0,highway,1.7883380835541507,8,fire,21.0237593246413
1.8022818923230575,2,highway,7.589156967875627,22,police,6.715467320094157
12.760028829250343,0,urban,3.534474386221068,16,drone,12.948547643826572
23.752461738991837,2,highway,9.664106049897917,4,ambulance,43.4052228090918
4.8870746225279476,3,rural,2.6212922544701875,16,ambulance,15.690597180534402
14.068487739627482,0,highway,8.221474225880941,1,fire,19.66348628010285
29.698192384782114,1,urban,4.938603505741158,1,fire,105.45573227010402
15.4246403960335,3,highway,8.421322660363867,15,drone,21.801253944372004
15.200552811601671,0,urban,1.8303623083296328,5,ndrf,44.189338499697485
16.984410719862957,3,rural,6.336684828889019,10,ndrf,100.89125643118436
5.987128924815865,0,urban,1.1318565903573918,19,fire,22.7374074058227
4.841334539235356,3,urban,8.0551584622419,9,police,40.743691180633114
20.4819615588957,1,highway,2.356536255009629,4,police,21.33937681214149
12.175120892220221,0,highway,4.275754781454735,23,ambulance,12.19134348448651
9.052245532356535,2,urban,6.559754563920559,6,police,37.82888943643736
1.4260527876369786,0,urban,4.782146291696213,15,fire,6.007875821599626
25.45848966676523,1,highway,7.788969317199063,3,drone,35.83561541567695
1.4537015424225659,2,rural,6.881705096254271,3,ndrf,8.325592581836183
22.624502160457922,2,urban,1.304057534396933,18,drone,19.64469253138709
11.768662490458139,1,highway,7.734628110053866,21,ambulance,20.313096316206366
18.16129040988718,3,highway,4.234823148812571,0,ambulance,36.79193492713119
7.806501020359788,1,urban,5.977577250817561,23,police,25.48502953777642
5.084290153846157,1,urban,2.165731996390318,7,police,13.672696299160283
16.23494602463095,1,rural,4.230915923765623,23,police,28.352814726653374
21.020722001147238,3,urban,8.171611189049708,12,ndrf,165.16574671190327
6.267052200881824,2,urban,9.26261370416203,18,drone,11.358980919216076
13.372588949260644,0,rural,9.38695842400511,0,fire,31.97572367802862
13.617321623596172,3,urban,7.000888389678808,3,fire,94.03352735460426
6.871384897844153,1,rural,0.7891038485984325,22,fire,14.639308803887868
17.168958664437866,1,urban,4.426333068943186,3,fire,60.91803593290233
4.805102760060169,0,rural,1.930711884838402,20,police,5.3120897462774455
15.537600612898112,3,urban,6.976145645633027,2,drone,22.246491878272188
3.846229585296985,0,rural,1.6137114252591078,15,police,8.611482190658556
14.823501061226555,3,rural,9.775762175636277,8,police,82.47190546314238
9.692172118828926,0,urban,1.9453568384047148,10,drone,10.892311369520879
13.841265616405282,2,highway,0.5271372255571094,17,fire,24.85087265050664
13.295606103573638,0,highway,8.435469027637318,3,ambulance,15.733366290591162
27.28402712314849,1,highway,2.0227128871904076,8,fire,46.658990798838275
14.953100198715651,3,highway,0.2401274849281576,13,ambulance,26.96641347587548
24.645717664367794,2,urban,5.4807753786811375,8,fire,143.21288688696794
7.1567455908956,2,highway,9.692337716212826,5,drone,13.781272832080546
10.886442441710637,0,highway,2.67497647352518,1,drone,11.60927875345632
2.7151367286791324,3,highway,4.087229801220183,15,drone,2.8434564903200577
12.912059947234061,1,highway,2.3716690570594325,1,fire,18.862149774278116
20.226646668710465,2,urban,5.5798495809043915,3,police,76.21960472689072
25.225927506227187,3,rural,3.2278917055740752,5,drone,25.300172382987835
17.19448989807508,2,rural,5.913635241560272,17,ndrf,70.20791942346357
19.382143752995816,2,rural,4.780209330931059,2,ambulance,43.745207029797974
5.729378789699971,0,rural,9.289152715749857,7,drone,10.800913577651961
1.5975781278864616,1,rural,6.700174968572612,1,ambulance,5.36879402161358
23.85480028273082,2,highway,6.825940570038874,12,fire,47.14569127303113
5.427627119517949,0,highway,4.864667819894176,4,police,9.940069747981704
3.1895012982161965,1,urban,3.0314508156577338,3,ndrf,11.532940524738587
28.158088466744562,3,highway,3.1396323061766873,7,ndrf,74.97736560319653
28.923880239745706,3,highway,5.039915029728163,6,ndrf,82.66685308504715
18.679590102273593,3,rural,1.9191117910227806,1,fire,67.75947986075549
11.669799544275156,3,urban,1.3242678925042373,10,fire,82.59628686481787
25.08056645843953,3,rural,3.723650829749383,12,ndrf,103.04250579482003
6.539238800394666,0,urban,1.3047545979551434,10,drone,4.890054581415701
13.167073659175617,3,urban,2.307615844194687,10,drone,11.56439265100863
11.032010320517752,2,highway,5.350237812196712,23,drone,12.74597128527834
27.424649726879608,3,highway,7.9009480778226315,6,ndrf,85.62082695932716
27.633433753187074,2,highway,2.2477158701176982,8,police,48.600604636165535
19.70113482654816,0,rural,7.9166448337359725,12,ndrf,43.09564238073986
3.76683413804441,2,rural,0.15541615160076572,2,ambulance,9.735125899822775
14.724687294919923,3,highway,9.970227319044243,23,drone,26.441856058641935
7.737186803609673,0,urban,5.16938950941174,12,drone,12.1426400657347
26.605012063942215,2,urban,4.758873515241756,16,police,97.89157191912946
4.582882570977956,2,urban,6.50555852486829,7,police,18.826907259817386
2.102153137890867,1,highway,4.75175913766652,16,police,4.365525996050018
21.28065648972731,3,highway,4.080222862513205,21,ambulance,44.35318294633754
13.871939211560509,0,highway,3.7098329191170776,13,fire,16.714707935937927
25.23176418429099,1,highway,9.778330106557185,5,ndrf,50.790201931993685
2.7015741194946967,3,highway,8.614967183239488,16,ambulance,9.375484977633768
24.131745911931354,2,urban,5.024105829147393,20,ndrf,113.08310998696813
1.6013752089026707,0,rural,8.364526202627491,16,fire,5.53567858242095
1.3280653514617307,0,rural,1.4908937952083146,15,ambulance,1.9369477367924182
14.108814676065375,2,urban,5.294449662944213,11,police,54.18597583392989
7.0280930455792285,3,highway,4.501712314752396,4,fire,18.82491685772018
18.014701856692653,0,urban,3.2488213013458775,17,police,54.986275222955484
1.2616013292383779,0,highway,9.18439944615113,9,drone,2.4921271083930465
1.5439914997078668,1,highway,8.324932633365304,5,ndrf,4.150152872495649
21.950880637072242,0,rural,9.070859519185056,11,drone,35.94902186660832
6.699872293523193,0,urban,6.352169309563981,0,fire,20.8953602193519
19.86430514799164,1,urban,3.7622120317809813,12,police,57.95443334726267
22.622703764272377,2,urban,7.568125698134052,13,ndrf,122.5268690596259
2.2502693888865393,3,highway,1.0856697519213698,9,ambulance,7.387029793709382
23.207741656695056,1,urban,8.530795798859218,16,drone,31.695741917052153
8.41842592985794,2,urban,0.2877931589165017,14,fire,31.216760225289686
11.991605766892572,3,rural,8.182123843872697,8,police,62.20152922777957
3.0558561727118425,0,urban,7.039405043291281,17,police,14.04926098338769
25.239584509263157,3,highway,0.8846042395863318,2,ambulance,45.22844305720633
17.041499196610037,0,rural,1.4699784793311532,12,fire,26.227701495474808
15.387625696491579,2,highway,4.523914539819129,3,ambulance,23.14581881589157
29.072366921631293,3,highway,2.9987489359375408,14,ndrf,77.22629629193929
10.367919918249788,3,urban,8.6729265706272,0,ndrf,84.05695940183804
26.777988951062532,1,rural,1.928335997772398,20,ambulance,42.292278083634706
21.730792491405825,2,highway,4.170799610890165,0,ambulance,31.430722407705918
27.89158000764105,0,highway,2.604710287523062,11,drone,27.952905834518866
27.28016055649256,1,highway,1.2718216347277322,15,fire,33.81126341842622
29.735379248269055,3,rural,2.597414181422563,9,drone,28.731168367122027
4.384464185096148,0,rural,8.599870965659939,5,ndrf,14.091764670220075
23.982483566702054,0,rural,7.155001407460267,5,ndrf,50.131348483694055
24.232583470951344,2,highway,9.142400103364022,20,fire,51.27727584297811
19.50901908126536,2,rural,4.0527932885145415,3,fire,52.713819791914766
8.726398268026959,1,highway,2.404126873770233,17,ndrf,18.658728120548723
28.971874013035293,0,rural,0.26317536182891343,7,ndrf,48.53378294994833
6.530453067761183,0,rural,4.951579296864129,0,police,13.522968087366802
15.23747366157395,2,rural,0.3972834359560995,9,fire,43.783644330613015
15.883869828165995,1,rural,0.04274987197706248,2,ndrf,33.11541925039101
5.273965672663145,3,highway,6.047081403026763,18,fire,15.652903830690327
21.814600258830605,1,urban,1.648259689120396,18,drone,21.675397187194775
3.121581343317073,1,highway,5.5977885251492365,5,ndrf,8.723348024643105
20.946384475977975,0,urban,5.735227023009735,18,fire,79.93100932314934
25.53415714057379,2,urban,7.238391605033257,16,drone,29.215106978891317
10.807194539930787,1,rural,3.8312865224445236,16,ambulance,19.499425302559484
21.427913853676404,3,urban,7.0515550605750255,1,drone,28.81826500784173
5.1248332403615695,1,rural,3.6596546343948444,3,police,11.635808979945264
25.45549554285992,3,highway,0.9778709717921574,3,fire,59.50971139201167
28.584935107320128,1,highway,3.0999008812887183,19,drone,27.28344868763961
5.004463958243418,1,rural,0.0756732933459836,7,ndrf,14.809499083438288
20.9098544821838,1,highway,4.624612916576641,12,ambulance,21.808215886434994
15.422017348417512,1,rural,7.403111675421656,11,fire,37.81545860661886
16.17923028905517,1,urban,7.847475564405459,23,police,54.19399800965628
21.3414466987203,3,rural,2.3209671985754152,4,ndrf,84.2390388189428
14.9178447304249,2,urban,1.05643126075053,18,drone,11.44684865277437
18.209628564522646,0,urban,1.8543007196032368,2,fire,49.031703104411875
7.3115800726356275,0,rural,9.837129802711074,23,drone,13.204497683600383
11.665944596414594,0,rural,3.1210275914927355,13,ndrf,22.97795757093358
26.02459032710931,2,highway,4.292844551006979,6,fire,45.89139055535345
3.742124093627375,0,rural,0.7562656548788638,9,drone,2.1943616437846063
18.128470197542377,1,urban,7.893303032493076,17,drone,25.521739370750353
5.936468335929262,3,rural,4.484903505194707,9,fire,30.472004614459724
25.472918138739473,0,urban,0.8739789386164087,1,police,55.442049319234535
17.58179663867972,0,rural,4.72941922472217,7,drone,21.32194056190744
12.389939088772998,0,urban,7.132746219689481,21,police,34.45178762578034
7.869827872728629,1,highway,4.730378901067196,8,ndrf,19.0032275008902
13.386918626094216,0,rural,9.686327597785562,11,ndrf,34.207522019855126
28.749563614691397,2,highway,8.716637524796743,4,police,53.56224815993956
15.521674047436807,2,urban,5.148069903799448,0,fire,68.01398840419807
14.349941185145875,0,rural,9.40507708528319,6,police,27.53201058972106
22.515077498259117,2,rural,8.113877976197788,20,drone,29.914080131669536
11.681888589541247,1,rural,3.682700108413439,13,fire,27.87334272003355
13.109006521483424,0,urban,7.714098369296952,9,drone,17.198174977077855
10.439958081362763,1,rural,5.058523340011077,12,fire,25.516529666010445
4.9521327822170464,2,highway,5.391117247571666,19,police,11.593503960464133
21.557371818978194,0,rural,5.206210202183242,21,ambulance,32.18041137550422
26.2544119595669,3,highway,8.03678540399188,7,drone,33.55793442151712
27.214983152661585,3,rural,9.185744407169858,19,ndrf,178.54394268990825
26.483686672114498,0,urban,3.195176862813823,19,ambulance,72.87776876284455
13.82762217192079,0,rural,6.419210743337807,0,fire,27.578890796496726
8.87995266999429,1,urban,6.284088653923976,21,police,28.379151325125168
19.318750613224292,3,rural,8.874972575491174,5,police,79.25224932478521
28.663794901227934,0,rural,4.4721168688454505,18,ambulance,55.61145124427552
21.947994120973846,1,rural,1.9016053192866333,21,drone,22.29511710919962
15.098032566909618,2,highway,2.0308587904338324,13,police,21.972576182825268
20.819852948146725,0,urban,0.5127648823515463,7,ndrf,55.62554202660716
23.289868417404712,0,urban,1.0072849482906354,20,ndrf,63.91226231465482
27.618443209178086,0,highway,3.012195718592676,11,ambulance,25.472206147917728
23.014864742178545,0,highway,1.0256292437221681,18,fire,31.5691601166659
13.279121391259215,2,highway,8.71091428137408,16,ndrf,32.14045138183617
8.571392294731782,3,rural,3.6201854441529644,7,ndrf,36.444640980978875
15.246509109522943,1,urban,3.6846732489130343,13,fire,50.83125419948523
10.181249365861417,1,rural,7.575063732456356,4,fire,27.100610684433903
28.311555484290512,0,rural,3.01337625398721,0,ndrf,48.323909465172434
15.484992381773885,3,highway,7.151822765826919,16,fire,45.23238295784909
14.425661910938246,3,rural,8.224230055489857,4,ambulance,51.16046523706166
10.771788435568455,2,highway,3.60178038431752,12,police,17.518544958479197
19.36250621360221,1,urban,4.7781193618105675,2,ambulance,53.4373982705455
15.84151271931796,0,rural,3.2222895363085327,15,police,26.031018489253576
4.306943225498568,3,highway,4.231642112903254,4,drone,5.0748779162589495
26.14163041949959,0,rural,5.807471490036328,5,ambulance,40.11479951485111
11.090878548242053,0,urban,3.4963971538424166,3,fire,32.11438030838947
13.26106368376555,2,highway,4.641329885602424,22,police,20.106967581546208
6.567178171575583,0,rural,4.962236977102661,14,ambulance,12.96822133064375
16.82524712472773,0,highway,0.24503790424069471,15,police,16.58013818574245
21.210624341643197,2,urban,1.6364896750993774,9,fire,104.60828792841534
26.494376958465217,0,urban,5.413743599304988,20,ndrf,82.89038344448318
2.022426116681748,1,highway,0.026506644916182154,1,fire,3.73967349305929
29.21329133613166,2,urban,7.0419364203023695,9,drone,36.40968253844348
21.262623389600524,0,urban,9.054649892319187,1,drone,29.954781807896296
8.886811190139763,3,highway,7.545691230791291,16,drone,11.231559072511885
6.532005272911999,0,urban,3.1415120360806634,22,ambulance,14.787720113184534
9.234593600310639,2,highway,4.498409701716594,18,drone,9.728140445387861
26.33390967416005,0,urban,6.507167960704705,3,ambulance,65.24950267656972
9.096010109280536,2,highway,6.804369386306055,18,fire,24.672346693781957
14.153223469438453,3,rural,9.77496899784365,6,drone,22.693651596274734
21.31927260014586,3,rural,4.929808492499003,8,drone,23.737740019332346
26.223700979854623,1,rural,2.495348331370113,13,fire,53.156546234862454
19.927849289210073,0,rural,3.621918423269804,10,drone,19.67545551771234
22.716721297765467,3,highway,9.224429572381842,4,ambulance,58.591292539940824
5.61314049073069,2,urban,6.327095764814036,12,fire,23.719112003082856
26.383530916888596,0,highway,8.642514051678475,4,ambulance,29.65451603459845
8.633715916734264,0,highway,7.2408559056479636,17,police,12.910912198653001
4.2871558396672125,1,urban,9.654303458316685,1,drone,7.309302986349432
29.299206565049744,2,urban,5.012300569042324,19,ndrf,177.73156735331338
6.448377800897749,1,highway,9.49905259385101,23,police,12.17295439891966
4.531233117300306,3,highway,8.858902174383466,17,ambulance,17.034149984462424
18.967616553002703,2,urban,8.430944663355097,14,ndrf,104.28440138503665
9.906462910134811,3,highway,9.390932428839644,10,fire,41.50483412159343
4.433801552824553,3,highway,5.255376417725132,12,ndrf,12.253822273191377
18.23307295786834,1,urban,7.4282911902208255,12,ambulance,58.70864969232203
22.890064203055946,3,highway,5.553357697120428,21,police,51.41048756073735
23.89935203911112,1,rural,7.762609581766916,3,police,50.198776197120615
5.087621729862035,0,rural,7.637524957118727,14,ndrf,10.326546390938008
16.927578504228297,1,rural,7.584041919597146,13,drone,22.175688653467194
24.503511935103088,1,highway,4.284491368744544,6,drone,23.71008780865174
5.252066837013465,3,urban,7.9628787432615535,9,fire,48.093131695126324
6.62662642723491,3,rural,8.764893372500937,11,ndrf,35.60034344383705
0.5711362242344897,0,urban,6.362550243619883,0,ndrf,5.306200416900969
15.976707613660999,0,highway,4.546529348145974,11,drone,17.633450306436444
6.243110057427552,2,rural,8.532482556175166,4,drone,7.064191359544241
21.865155983943524,2,highway,7.78450319571987,9,ambulance,45.976451074647166
28.88530874071937,2,rural,4.696000944443124,6,drone,31.71981132293247
6.658286925472573,1,highway,5.798690534821226,18,police,12.161151508740815
19.648361847024212,3,rural,6.858252530659437,23,drone,24.910062279127153
6.749116613026086,1,highway,6.883215827990927,2,ndrf,12.278021125075337
1.031202339901268,1,rural,3.110371371502448,6,fire,3.4681595909973013
22.87734872933025,1,urban,2.9269166879973882,3,fire,73.40994418408087
13.303137961201339,3,highway,8.873468960895526,11,drone,20.547991099548774
28.430212414682266,1,rural,9.37011140013994,8,ambulance,79.69816508870923
16.261433523230465,2,rural,4.020651268683062,10,ambulance,44.444373254933986
5.145744634782678,3,rural,9.133768940403005,1,ambulance,22.620175691143867
13.768346033019698,0,urban,4.706922585304147,20,police,32.5657875612062
6.485307946777486,2,highway,1.6720237983778852,23,fire,11.61683304953893
26.40186354425395,2,highway,7.32880446786845,21,police,43.3280139321454
20.881643836181983,3,highway,0.45885089018577907,11,drone,15.899789373852052
10.566544737313755,0,highway,1.1391637031113255,16,fire,10.204923389860795
16.070699522810642,2,highway,9.410055790982451,1,ambulance,28.49421698387737
20.24966555228434,3,urban,5.176217381940454,14,fire,130.9313210099326
23.594302641040045,1,rural,2.6637636982840283,14,ndrf,51.65809028939143
2.8643426911809797,2,urban,4.804094797237084,17,ndrf,18.245678288399187
1.1643058388597802,1,highway,5.7817763294908895,18,ambulance,3.4407573623593715
3.8763545665117496,2,urban,6.389154913934502,0,drone,1.9723435056559486
12.152391150090608,1,highway,3.4822232021293553,9,police,20.02999596278201
14.267844997421715,0,urban,3.874029600708695,11,police,31.378343151926064
4.5256180913085275,3,rural,5.497632354882455,11,fire,18.987146460176344
12.629017568038355,0,highway,6.2666454909692835,13,drone,15.09508022268185
13.527872197674,0,rural,9.213564583144318,16,ambulance,25.817988004722796
3.718153928485857,3,highway,3.9227614255388907,14,police,9.95969053858265
27.541468825774153,3,rural,8.74687221767953,5,police,110.82329082039475
18.174804863837373,2,highway,9.932181409544537,15,police,38.202719558236495
11.961798148460321,2,highway,3.3900349108283576,14,fire,24.475915193569534
15.453761912430096,1,urban,0.2728446343181401,4,drone,13.044583567226294
9.7688258508298,2,urban,6.043712220986828,15,fire,46.246417906874086
25.702765433515495,2,urban,9.036476661204025,12,ndrf,147.5613727023571
17.462943726270858,2,highway,0.5338897522163866,19,ndrf,36.47819945721063
15.099426524609532,2,rural,1.9714984340625175,9,fire,48.925007228204755
27.37111939132013,2,rural,6.761504299177076,21,drone,35.48795372336669
25.220401097904997,3,rural,8.09652891198728,12,police,94.81747744832315
24.477655797062557,2,rural,0.8664022409022698,22,ndrf,62.6640733267143
7.1554715248394025,1,rural,3.637378603138276,2,ndrf,19.91784913804501
5.017131788316525,2,highway,2.387385338955166,3,police,9.274217537237533
20.857847331526056,0,urban,9.648764429692804,5,ndrf,82.01574719612523
14.32494656207118,0,rural,6.824688284888091,19,police,29.3873083189013
20.669525032226886,3,highway,4.75638500776833,12,ndrf,58.622224070021666
22.938503347277933,2,urban,8.62352289418247,16,police,103.80327663435872
9.211748466670151,0,highway,5.376623238963685,0,drone,10.878834111908358
8.897187777122856,1,rural,9.113341131974293,8,police,26.233539224111887
14.97953120461642,3,rural,2.3880838375303535,8,drone,14.772771155908877
8.569704749031672,2,highway,0.27338397969557615,22,police,11.007926554338196
20.185210642477887,3,rural,4.287384789656963,2,police,65.39955148087962
22.528548153481147,2,urban,2.042772432397376,20,police,77.26700542021399
14.425148908570709,0,rural,8.357310701469315,8,fire,41.527541175425256
21.852093085159975,0,highway,5.329235979968048,18,ndrf,35.61469239428104
15.557908287587898,0,highway,2.886636266918967,6,ndrf,17.703851449424974
21.52971579802677,2,rural,7.735738942357497,1,fire,66.50960472102918
7.136563309973897,3,rural,5.268853830332353,16,drone,8.54773936959843
22.295869855024737,1,highway,5.027946953831854,4,ambulance,24.84758682595862
21.596158691982023,2,highway,1.8078978147735336,3,ambulance,30.362440729739685
8.36486835795074,2,urban,9.952152345438801,22,ndrf,51.08658317187578
16.901144235685162,2,highway,6.590180710935634,5,police,29.372713450947806
25.731694202294847,2,rural,8.548235002460885,23,ndrf,89.49330496187986
7.86091808568695,1,rural,7.597323411984391,8,ndrf,29.1383583185175
22.21140362843295,2,rural,5.0293386294545614,6,ndrf,68.05213885566943
28.64201815583317,1,urban,0.09731586897558153,10,fire,104.14366619530878
26.054136632848166,2,urban,6.666702018088328,6,fire,122.75682369454445
12.344842439068147,3,urban,1.0074431300163866,22,fire,67.9971445461501
18.412628123150085,0,rural,9.614650350480357,14,ndrf,44.74367885137242
29.757218960454765,2,urban,2.492649636265458,17,ndrf,165.4149711758382
17.268903635583694,0,urban,3.6733296052120004,1,drone,16.527590634877676
3.893314271695814,1,urban,5.515594393998855,5,fire,16.776742546242076
1.8402072659734467,2,urban,5.026144663473204,14,ambulance,9.12842211391213
23.814278037448837,1,rural,6.5514794201357045,11,drone,28.67045303746777
12.997035599354462,0,urban,7.834476191589747,23,police,38.66498186136382
7.7809802735612354,1,rural,7.576439639948629,17,fire,23.686578845938772
10.756324904497935,0,highway,9.080856006901593,7,fire,16.597964289514433
22.84249956312034,2,urban,4.699164765232436,10,drone,23.22492560914212
14.22479640119796,0,urban,5.341726442327657,17,ndrf,58.387210810711856
26.12073502951336,1,rural,8.740772048328537,9,ambulance,69.51604529324898
22.18030486894213,1,highway,2.823311217609973,12,fire,30.054377269119772
29.233417438140037,3,highway,2.459201841560498,19,drone,27.179759561333757
26.71086112030038,3,urban,0.09123507232059236,6,ndrf,152.32817750209003
8.009142747687271,0,rural,7.3848052317599775,2,drone,10.925665921912504
19.94224736767532,0,urban,6.8758565936682015,9,ambulance,65.59877140467573
1.1060195185802444,2,urban,2.767203194474309,5,police,3.850082011594713
29.73764837067315,1,highway,1.2991547148175198,13,ambulance,31.08179812225913
8.199680209676599,2,rural,0.4253092448437401,20,police,15.540324132628703
20.111455261895728,3,rural,4.878628878866714,18,ambulance,77.91958355811386
25.550031825387176,0,highway,1.9348228852663452,17,fire,37.693917161177815
5.233707550475158,3,rural,7.933971224053309,12,fire,23.92759027036938
25.512440612909135,0,highway,9.50033729051776,21,ambulance,29.816061716307964
0.8612471408292615,0,urban,7.768594323261172,22,drone,1.0
13.538325573519518,2,rural,8.515953934085907,18,fire,56.45071970867814
14.425109864668585,3,rural,9.90792308812899,2,ambulance,59.206784629991894
11.535676041132708,2,highway,7.408104480012822,7,drone,15.52207319554561
17.79835001586474,0,highway,5.673236672646525,22,ambulance,16.74241763365941
27.487849286727645,0,rural,8.100112296496652,1,ambulance,45.81483780159863
10.146178871858528,3,highway,5.6385166602589765,13,drone,12.356900372741006
17.588166671409514,2,rural,4.325150873450068,15,police,41.7227163227967
26.385144509428024,0,highway,0.32504980330333555,9,fire,34.070996242649535
23.303364155490655,2,highway,6.429803930028818,16,fire,46.24221283799958
1.7016313117621318,1,urban,8.975180329715393,1,police,7.83967737192899
28.312327541766038,0,rural,6.931514820762486,5,fire,58.263871405671935
1.8760836756290755,0,highway,4.041462757002884,7,ambulance,3.188985273185047
17.868374994042725,3,rural,6.168993910204476,4,drone,22.212291285166177
17.47293179929736,2,rural,8.129561734126233,10,drone,25.146703323237222
23.698511805718322,0,highway,7.642401346905739,11,ambulance,23.654721536224383
4.879070029544841,0,highway,4.911784459918255,22,police,7.337526170590925
5.791426565849761,1,urban,3.616769449682209,11,police,17.08411696777479
22.687154515781636,1,urban,3.968637748286116,18,ambulance,77.24311365744121
4.91039019614294,1,highway,9.079091457735771,2,fire,9.541142442695328
14.348631248436368,2,urban,1.6985367738062807,1,ndrf,61.410815085238994
22.08361866122249,0,rural,8.629795922195603,9,ambulance,46.68403950305902
19.711636899089093,0,highway,1.9528371547490408,7,fire,21.752519212189544
6.712823490336308,2,highway,9.80889749834445,22,fire,16.325664076131428
9.466827631239523,3,rural,4.483429355353751,11,fire,39.72106995368256
29.08475964561071,0,urban,7.334304557740591,11,ndrf,99.69490326392791
13.735783294569075,1,rural,7.293744365081589,20,police,31.553856228825243
1.8114955548732259,2,urban,7.725310530482171,20,ndrf,12.209725658714973
6.977754534256813,0,rural,7.893958582842374,18,police,17.210328217772794
10.60183514502421,3,rural,0.39074732187123873,10,ndrf,51.94730773521551
29.984937426690284,0,urban,2.733343633247939,5,ndrf,88.47278879102271
9.4294006505691,2,urban,2.2970948760938024,0,drone,8.706530115049596
1.2786775390850766,1,urban,6.985932281165807,1,ambulance,4.735897696923093
15.63118653788241,2,highway,6.833174550263098,19,drone,20.13810737590873
2.966358856732324,0,urban,2.970334841736153,3,ndrf,8.211316979521825
8.584994161523793,0,urban,7.935419334084871,9,ambulance,28.44379290572098
29.775303694771203,2,rural,3.116205748550972,12,ambulance,63.57300910389298
21.286836308439554,3,rural,3.4293522049266754,13,ambulance,65.18394251669496
1.9946655638446755,2,urban,3.9885085974889547,2,ndrf,9.704192604336535
13.736258198457982,3,rural,7.445897093530577,12,police,57.670293133240556
5.563306622551054,1,urban,0.11777931432039979,5,ambulance,12.621091255765196
4.126867363862577,0,urban,9.06465251254105,8,fire,20.979607285234948
17.81842969378966,1,highway,6.920549361872008,19,police,29.982668828649803
15.416848744386362,3,highway,5.865983797952179,11,ambulance,36.80380178446519
22.41456423730749,3,rural,2.3733164310279564,9,police,87.1841387954404
26.82303373283986,2,highway,7.855133179992617,0,ambulance,43.992993217342644
7.777114794234027,1,highway,8.727881468358373,23,ndrf,13.057423869603081
27.728263606334213,2,highway,5.015467200902782,14,ambulance,43.68918842072231
15.780757290345816,2,rural,2.924608242530823,18,ndrf,55.46546175177158
8.135630086460957,2,highway,3.8055336601917356,10,fire,19.967798206365696
25.450682224026973,3,highway,4.162510126059834,6,police,54.548264212051556
1.5481325818561638,2,urban,3.0591538091286994,6,fire,7.385552158451011
17.005526635452338,0,urban,7.121885168863853,0,drone,18.286429585411724
21.787835283384016,0,rural,3.421743079197921,21,ndrf,40.48449692951767
8.759341771106225,2,highway,8.212172091079097,12,drone,11.981811618900432
25.973011568114927,3,urban,4.636910399252562,8,ndrf,225.16611978896395
7.588394619060554,3,highway,6.289601803163565,16,drone,12.573839678299521
25.276291340586305,2,highway,9.479523182076012,3,fire,57.18530991826736
2.8170764330574887,2,highway,4.460536713216071,11,fire,8.074653321074216
5.2178639601187236,3,highway,1.7034620739099349,10,drone,4.605172878191638
11.73904522510629,3,rural,5.499223198966731,21,ambulance,37.484589255433036
25.69463762754629,0,rural,4.966755263044833,19,ambulance,47.8109812044438
4.765268271240082,1,highway,7.82583300689207,18,ndrf,11.24538371898836
26.325428073930123,1,urban,8.601994632955838,6,fire,108.91242895584692
7.2770800350774145,2,highway,7.1261976969716425,12,fire,15.155408080660761
13.848997758538598,1,rural,9.714547070609465,23,fire,36.57009793179942
10.905664925679964,1,highway,2.6919467891025284,0,ndrf,18.706850576766858
3.9847236851284444,0,urban,2.3919556009154377,15,police,10.417387376816972
28.357137315814633,0,highway,2.91286810445468,8,ambulance,31.678245925541162
13.426259577190297,1,urban,6.709072893216465,17,police,54.77442399081326
20.864772210007736,3,rural,2.3254101532391758,11,ndrf,80.46215366885494
17.47039646158892,1,urban,0.8841742411788456,16,ambulance,41.67224537361471
15.30061954714012,0,urban,9.777221835916993,6,ambulance,43.55135372498514
18.689039894927046,1,rural,3.146107630001903,21,ndrf,42.41932099629733
27.001098032971655,3,rural,2.223946759759338,20,drone,24.100113077358284
21.129715082976233,2,highway,3.5874900223547614,15,ambulance,30.831000887769775
16.208162343929025,2,urban,1.5842514305740196,10,ndrf,86.7841319327631
19.5329858396463,0,urban,0.3576781407899199,3,ndrf,52.03927731848477
18.388631275016134,3,urban,3.0538356757589824,4,ambulance,87.38534429663979
13.277075620846237,0,urban,3.378629357671038,9,fire,47.54161189304607
18.930538298848287,3,rural,8.110162379389346,18,police,93.71413516727266
13.585309104842826,3,rural,4.356367658228633,22,ndrf,59.22440541839584
22.849624147221412,2,highway,7.367522762068904,14,police,37.823361135761594
29.082918263907423,3,rural,7.357126093787553,22,ambulance,102.98187003349796
28.816028046168263,3,rural,7.8899207846165345,4,drone,36.76473641985166
24.711705699536925,2,urban,9.185088844074508,17,police,144.34696453946935
18.25188746325481,3,urban,4.986313344032244,12,police,100.82595112918058
22.605293648086846,2,highway,1.0395329813520682,3,police,31.47645538290983
5.752424710097855,2,urban,0.38662942782555776,16,police,21.388001119466455
14.631044490760715,1,highway,1.8690953747986971,21,fire,19.3324450045634
8.090490567245247,2,rural,8.29211646846384,10,fire,35.94679823598903
0.6031019427257394,1,highway,5.743494990314824,6,ambulance,1.647777052349135
29.01875845282624,0,urban,1.401182443155935,7,ndrf,78.24158321840457
25.98353257462932,1,urban,1.3263623794458868,14,fire,79.59377906522629
15.654109244862841,0,rural,8.915029379351516,16,ambulance,29.65636448335004
7.997492499510701,3,rural,5.200303597213747,5,ambulance,26.36935812090796
20.942768700877483,1,rural,1.718976574791703,16,drone,19.87233105184298
13.326631994222861,3,highway,8.967476148685275,17,police,46.26361873630804
24.198811235969632,1,highway,7.207271743072166,0,ndrf,42.30326627288895
29.985784250338007,1,urban,4.777687103210085,9,police,112.4161197400607
10.797936920951168,0,urban,4.650654367162139,5,drone,11.178597025514813
7.709889782602409,3,highway,6.726517924339095,19,drone,9.653135546672894
8.387783419445368,2,rural,3.383091954350146,15,ndrf,25.466999885871946
3.253714247579823,1,highway,9.99910163693831,12,drone,4.494357878382991
12.124362796754584,2,highway,7.8455457473811485,5,fire,24.01889354434939
1.0140390551488245,3,rural,6.409598550572006,11,police,2.387451051224994
3.8746689433376305,2,rural,6.874524404918596,23,fire,14.495155552351994
8.515024544543774,1,urban,9.960838740691134,23,drone,15.487028095609837
5.2159518893296815,3,highway,0.10781644477474095,3,fire,9.825451278004968
22.098693435271393,3,highway,0.2282466901291924,11,ndrf,52.03317785163431
3.615341330603059,3,highway,7.850278700870227,17,fire,14.666304778638736
26.046826098223477,0,urban,2.0939196026196374,7,ndrf,74.6827375178653
7.02287785947311,3,urban,6.851665652917012,23,ambulance,39.93842773900456
3.7034232006612466,0,urban,5.033404411686989,11,ndrf,14.15112830868183
0.7981460107221265,2,rural,3.1867012556508656,8,drone,1.0
21.59854762750332,2,rural,2.3134001505912147,22,police,45.60646278695767
8.07019400518699,0,rural,7.767458937218272,14,police,16.833960482316968
15.530208851564357,0,highway,1.7098191473789504,1,police,16.727662073759454
3.7926733768285943,3,urban,1.5872101126058935,2,police,17.802791932631607
29.566229735469353,3,highway,4.419326099689391,23,police,65.40013011111917
4.1988498025636805,0,highway,1.1927679642961309,14,police,4.015408439017066
12.651814835935408,2,rural,6.415118530914205,20,police,29.489581846818144
25.623660318866744,0,urban,9.919707795609883,23,ambulance,75.15532507854019
7.724164980172001,2,rural,7.479132909298803,17,police,28.238834114653102
8.375667667712115,1,highway,6.032349544246581,23,police,10.00256286859744
24.35073571877662,3,rural,3.9463849382326153,22,drone,21.795262146948836
8.563519887164375,2,highway,9.879896582568014,9,fire,25.31233752213153
0.5847036772969829,1,highway,8.799432508777961,15,drone,1.0
13.123454754453519,2,highway,8.205907949172026,19,drone,20.357853065564054
0.8697886855150122,1,highway,2.300066796762974,22,ndrf,3.181416569664811
27.33887237296632,0,urban,1.2358069365470492,19,ndrf,95.45742843912399
19.433490113287018,2,highway,1.779410717573392,19,fire,40.397851689400476
17.698920853526644,3,highway,2.586890944161474,7,ambulance,36.586476913844805
6.446890570439711,1,rural,0.8169882710586007,10,ndrf,16.93895677123703
21.14841247014477,0,highway,8.8842232916788,19,ndrf,41.547492036239696
20.4790119885112,0,urban,1.8520108162124016,3,drone,16.201517939306555
2.283675430798266,1,rural,2.266095882026866,3,police,6.951516886425328
26.48497265891189,3,urban,8.881583557469039,18,drone,40.28433702286881
17.59269420642926,1,highway,9.581432009300254,23,ambulance,27.368346967695786
23.877772990639002,3,highway,2.2178112568555663,10,ambulance,56.78399810202625
8.255965127800904,1,rural,2.941840929906272,20,ambulance,12.779077594772087
4.100410092726897,1,rural,8.00102897236033,8,fire,14.775428376347383
21.222262409010145,3,urban,9.702638875642045,12,ambulance,134.0480029162638
23.919539244527282,2,rural,6.496760972871555,23,ambulance,58.60674251037113
11.887989241769096,0,highway,4.425846841288074,9,drone,12.072975098984486
1.1989221218311816,0,highway,6.745795422408012,21,ambulance,2.4977115564922587
24.638493727289003,0,rural,7.802835108169833,22,drone,36.081264412838756
6.579770236748,3,rural,1.1265590368352285,17,ndrf,33.81115636003697
10.501442285975902,0,urban,4.352983550524089,1,ndrf,34.84656054515002
19.032814729425343,0,urban,8.57302063569122,23,ambulance,51.89997754803947
3.4486642167334303,3,rural,7.0542467411621494,11,ambulance,12.147935027483966
2.623875101084663,2,urban,1.5377430901254496,6,ambulance,11.549915999885215
1.2582612614705906,3,urban,7.5521319225530315,11,fire,13.090889474693782
27.540875877063936,0,urban,6.6744111410648355,10,drone,31.63851900772892
9.685790955925341,2,urban,2.646487686739507,9,police,42.99821758333464
19.98943504595539,0,urban,3.4400288230736766,16,fire,53.56096497878938
29.682439846023396,2,urban,3.1440649492412365,2,fire,122.23708082683939
20.24879841007733,0,rural,9.93248537303465,15,fire,48.61380471576331
15.99029647775731,3,urban,1.8372137482546413,6,police,76.79662384170217
15.867138038758537,1,highway,8.294153007705788,19,drone,21.631004258257406
11.619055879438775,1,urban,5.306354196741428,23,ambulance,31.489877910890428
18.193499850675018,3,urban,8.80521684807963,11,ndrf,147.89706150681775
28.784345991598276,0,highway,9.818611352417054,19,ambulance,46.16758529681564
23.74729899410015,3,highway,9.610830929347301,7,fire,76.82684781027048
13.014685202480505,2,highway,8.542530502887134,20,police,26.058032284688707
10.30712245645973,2,highway,4.135722136315463,12,ambulance,15.271572019494545
26.564180123882082,1,highway,2.7127193936136553,12,fire,34.93865853052609
4.505681855984517,3,rural,3.1949739269063846,2,ndrf,19.71145097206525
25.5627650804469,1,rural,6.53138031388901,15,ndrf,65.87817567229376
8.024764459598805,1,highway,3.418605562480889,18,ambulance,14.686507539757411
21.611062455389572,1,urban,4.348886438616317,12,ndrf,79.36068122781701
24.283507132857487,1,highway,0.7973639326946946,3,police,25.970821301154665
14.571397259272441,1,rural,7.710116226403805,16,ndrf,38.98674293973696
6.172377296197093,0,urban,1.1146935892864318,15,fire,14.00807392117623
25.420648432140073,1,highway,3.370265523403353,20,drone,26.338228908416713
11.341496179072784,1,urban,5.904339722270954,22,ndrf,48.57200019921973
9.96006768423432,1,urban,5.311748510743684,5,ndrf,40.76231426137944
15.545477379426469,3,highway,8.931305624230529,7,ambulance,39.80257887435663
13.335044112565573,0,highway,6.586881370503725,22,ndrf,22.256203788950398
20.650040402642365,3,highway,7.890447785770954,2,fire,61.753913649497534
4.547335346993629,3,rural,3.0344592541400663,21,ndrf,20.93894617878399
13.352844794412253,0,rural,1.3225733678841212,3,ndrf,24.17373240062543
26.805203431143518,2,rural,7.433299991014204,10,drone,35.06909883857034
1.5638499284719007,0,urban,1.5357897801929565,3,drone,1.6557124851746803
13.991480828023128,0,urban,8.341662037220923,23,fire,49.275604403702374
19.9856930083637,3,highway,9.430174431963533,12,ambulance,49.77407539598481
26.687477067738566,0,urban,2.829278593459652,21,police,61.4000311273424
18.016693694528684,1,highway,7.610050372389323,0,police,24.48898917313608
24.822286001560194,0,rural,4.373383185423463,0,fire,45.24086265816571
7.06938505929895,0,rural,2.98997345740578,12,police,15.338916364073569
10.907878368721857,0,highway,4.311433333803484,1,police,13.245335170882132
28.29290208087726,3,rural,6.467672837423061,13,ndrf,131.24341600715513
26.636265836234244,0,urban,9.880682732153103,16,fire,98.19207991482754
16.959612989316785,3,urban,3.000437336756269,11,ndrf,104.67164986677142
14.526905964947934,0,rural,7.059431948531236,18,drone,18.26384144680556
13.806488047906527,3,rural,3.3487010316072507,2,ndrf,57.18861899171314
2.234295016226973,3,highway,2.513940748596312,5,ndrf,4.356534101680899
26.825124566718724,2,rural,6.318421417565212,3,fire,78.36736152425011
24.635410498252398,3,urban,7.612880526765488,11,fire,175.71061960077873
13.959408769472079,1,highway,7.17386031719435,9,ambulance,21.873697582365878
8.743479195224465,3,rural,9.425856785932883,12,police,36.34277365421556
10.61615788958265,0,urban,1.0736917077763208,3,ambulance,24.560097775926845
4.1332372832502395,2,highway,5.406636640671847,10,ndrf,6.7683411847092625
21.792797368518816,3,highway,2.908437933563964,18,drone,21.308191310552647
16.9217607683683,2,highway,8.16957078621609,1,drone,25.131100336124078
7.4060509733344,1,highway,0.6202655174554961,18,ambulance,10.78127060392742
18.878664376291844,2,urban,1.7580345196226577,5,ndrf,82.13409246059724
29.387291320521754,3,urban,7.720285617471249,20,police,178.90808397279528
4.1106564965472865,3,rural,3.5464132046073926,19,ambulance,16.144929123002903
14.025307813447169,2,highway,6.8180011280984685,10,ndrf,38.624794620257084
15.077685217202738,2,urban,9.985056777065665,1,drone,24.01597033740093
5.420517807802171,3,urban,4.59849103067659,9,police,37.66084015017378
16.181616224420786,2,urban,5.329842403681297,14,drone,17.877773622215166
18.376329127168656,0,rural,9.753280632112894,8,ambulance,42.28450405952242
5.141663895145611,3,highway,7.463934888582053,15,drone,5.805565651746225
5.0643550207618535,0,urban,1.9675699747400222,19,ndrf,17.895897833211784
25.762287111195803,2,highway,8.043002158222887,22,ndrf,58.25128705408935
9.685929381766323,1,urban,5.158584116774384,9,police,37.16892704485401
19.094834918819615,0,highway,7.873694128638863,23,ambulance,19.783210542969915
18.989805732418816,1,rural,5.985525248720339,5,police,36.556737395297
25.25554082968773,0,highway,2.273314528517222,22,drone,23.60395250220639
22.326891621329942,1,rural,8.144395794168167,3,police,50.02119200674839
25.297004786429195,1,highway,0.020265337300942043,12,ambulance,26.136662555357535
18.943836294694638,1,highway,8.880302203601783,16,police,28.92532972575517
13.758986235162823,0,highway,8.186092257271673,1,ambulance,17.176587682939495
12.110212378735703,2,urban,9.701399917725004,10,police,73.67620221486456
11.681378116512358,0,urban,0.3553774070871496,6,ndrf,32.503150058032915
12.842596388320155,3,urban,4.376345028814614,19,ambulance,83.16960256791124
4.314622938536225,0,urban,1.691315423909392,11,police,10.004950022098788
13.006771944593428,0,rural,3.7398953580325447,2,police,18.862739774385656
11.988624762477324,1,highway,3.5979140982995284,0,ndrf,20.89539795140486
1.5198640678878284,1,urban,5.975610623705032,0,ambulance,6.555101172306997
8.61635728212703,3,urban,4.374299937818643,0,ndrf,60.574894804231135
22.681255754836396,2,urban,9.655732135544614,11,ndrf,133.2232954921988
17.549394356583946,1,highway,2.777737708575243,7,ambulance,19.061080698135584
24.28194115430289,3,highway,4.187504597301118,5,ambulance,47.060411815344764
16.509297309232565,0,urban,7.0065480032101854,9,ndrf,73.66522099157096
25.695471081520388,3,urban,2.76543350911862,10,drone,23.43309261734164
23.983979438250643,1,rural,7.238110943377714,13,drone,29.73808608103791
3.39939481919629,1,urban,7.087124930674263,11,ndrf,18.83235892606661
29.321687856471776,1,urban,7.12238222414566,22,drone,37.93061596853311
0.9350496835891993,0,highway,6.750764257161754,8,ndrf,4.563974695555964
18.10672211892375,2,highway,8.17460355056942,9,ambulance,37.48376445124398
23.87908952484449,2,urban,9.949316965807698,9,police,142.59160731199108
10.290877125601652,2,urban,0.5533645526608566,1,fire,41.060318409008524
18.157808872766157,2,highway,4.971466418757409,17,fire,39.0357220853136
11.182614659999723,0,rural,8.130809300195821,12,ambulance,19.370303368236524
2.288141762721306,3,highway,0.00047209829221461774,9,ambulance,5.641444125867702
0.7496148131352617,2,highway,5.451532445046304,8,ndrf,2.4548013216004443
3.2984298882800553,2,urban,6.597982156045681,12,ambulance,13.633425648188688
3.4030830265413803,0,rural,1.917426735582708,21,ndrf,6.138602805439074
18.521248433115623,3,urban,4.008205033177461,9,fire,143.13617877230047
16.01302431339414,2,urban,7.894511935554088,10,police,88.97527769701863
13.936167355107692,1,rural,0.6668272103829354,3,fire,28.818982278785228
20.91168353027132,3,highway,1.348667331336162,7,fire,44.83595343679801
0.9963710418672276,2,urban,8.180694716433132,17,police,7.756964833188501
8.494012701764063,3,urban,8.09205504353746,17,ndrf,87.92501796700846
23.43308557298502,3,urban,5.904033637339601,19,police,169.63351146428622
27.344324642254996,0,rural,4.161866522183233,11,ndrf,51.87455211259117
13.430929589008656,3,rural,1.0565174507732822,21,drone,10.948394568146618
2.9037774140847574,2,urban,8.114372938464859,13,police,15.51752564879761
24.062497807240394,0,rural,2.417453611403536,3,drone,22.899657501183395
26.61252778154564,3,rural,9.131908575794675,3,ambulance,99.93543424476832
12.702977985464724,1,urban,7.758379856680602,11,police,43.863058293390075
7.6789799906481715,3,rural,0.8093583784082226,9,police,29.879821363505595
1.797164212576886,0,urban,6.354931049670316,2,ambulance,4.666062856798996
17.93694324589825,1,highway,9.206260032651093,1,drone,26.72349568505761
27.341149971593726,1,highway,8.791682018403435,14,ndrf,51.30510826530542
20.497696752849606,1,highway,6.133528792158199,18,police,33.146378866896875
9.858833637894664,2,highway,1.719590138125976,5,ndrf,18.623860131571625
19.465205566554022,0,highway,6.802418233218624,5,ndrf,26.278115648788113
25.04601801971675,2,highway,6.66142058189772,12,ndrf,50.814760607297714
14.536986750809007,0,urban,5.887347182131331,2,fire,45.5705873419317
24.682580454936236,1,urban,2.6574285314375157,20,police,69.60916178630595
12.061335461657446,2,urban,9.00296822809797,14,fire,63.32925997908784
10.780917518575233,1,urban,5.025769026162661,8,drone,13.448973445248301
17.698164463417346,1,highway,2.971152246259435,13,ambulance,19.9342932747676
14.208249321987198,2,urban,2.552220739441944,3,drone,10.209105793639694
29.324801653601956,0,rural,2.8101783065543176,7,fire,46.9833940136569
15.733487994081155,3,highway,4.610941447440142,12,ndrf,44.9543711639138
11.862574853022636,3,highway,2.3085149641933898,23,ambulance,20.939309986121422
12.150539522291819,3,urban,5.174145651414515,20,drone,12.68497421333244
16.664228543086942,1,rural,1.9202348990268037,15,police,28.774827494918487
10.969905121241764,1,urban,2.709519427291883,8,drone,11.323192110410895
21.82574475796561,3,rural,1.1966545376805626,22,fire,75.6420150405199
11.729556367198406,2,highway,3.573946598461404,3,drone,14.27815631377479
11.832259402494671,3,highway,4.059696711378394,7,drone,11.152865991459604
18.700710856615736,0,urban,4.037175967361839,10,ambulance,54.17361508149055
2.294982744532294,3,highway,7.248874993286175,13,fire,9.04578725898471
19.83297008439681,2,highway,4.833611742315985,16,police,32.21572875611997
15.39668040618127,3,highway,6.930053063249982,9,fire,57.53199974932507
13.864270371455929,3,highway,0.3314010047040927,22,drone,11.12719552998531
21.717963225884564,0,rural,4.365886483026923,9,ambulance,41.082273208470376
22.8685455691434,0,rural,0.8979779703937973,15,fire,34.82949512421694
25.46469547066755,0,urban,4.621020043733697,1,fire,72.63939524471118
11.556692064114694,2,rural,6.151995101121802,3,police,30.725093170828654
10.147611921474741,3,rural,7.967393824527118,5,ndrf,52.514420849212364
21.573091994088326,0,highway,5.50219112844482,0,ambulance,22.769702115749652
17.663243344643153,0,urban,3.7950227338525746,20,ndrf,53.48558004824342
19.13814561737859,1,rural,2.644624352253855,14,police,33.63371460857593
16.887925759622142,1,urban,9.574428232508723,20,ndrf,80.91107737796857
23.294444184513708,0,urban,1.9828546758736443,7,ambulance,51.92662591956466
6.106206210518518,2,rural,0.42416358586891856,2,drone,6.772696293576679
16.893507915871204,3,urban,1.2587939235622514,7,police,80.49164416199982
5.16400277383708,0,urban,9.975050992875394,0,fire,18.426267833740535
12.513932209084262,0,rural,9.061200297635516,7,ndrf,29.479666048840933
20.087817790774206,0,rural,3.2025787246995074,2,police,29.444398861961012
15.045612445268027,0,urban,0.03849177123715131,5,fire,38.456435577649934
11.697950331829347,1,urban,7.672060268675777,15,ambulance,36.93528916982717
26.60661504176038,0,highway,3.0053625729958497,23,police,26.56232584571869
23.29835857767561,1,highway,0.22149333266808013,5,fire,28.857761617625894
16.025578157511063,0,rural,4.566045901840477,23,ndrf,32.45206957925971
28.526568092426892,2,highway,4.2415595579212395,18,fire,63.23614282462078
13.01877603833232,1,rural,3.617585843201981,2,ambulance,22.18122828607307
23.748151363849125,0,highway,6.533673977922597,0,ndrf,31.587004738484925
5.454119074141829,0,urban,7.260143493621172,2,drone,8.26722560323115
8.93087807476261,1,rural,5.591837717518198,17,drone,10.30249287407502
10.473524649351667,2,rural,0.139867734763105,16,police,20.37473437812237
3.621712204783437,0,urban,0.2241598606202988,21,fire,10.837291171717599
15.303242044744003,1,rural,8.817437696669746,12,fire,46.2548366617875
6.171673956731622,2,urban,1.864426495135213,1,fire,25.3570862559307
19.20848373876493,1,rural,3.9806437130228534,23,ambulance,36.03699237082541
6.107724607404039,0,highway,1.0352728911520392,20,drone,1.774989597347092
4.143434591508623,1,highway,2.2930097506400946,17,fire,8.156504899867127
29.088058464168274,0,urban,4.853536587464516,22,ndrf,91.7696392658276
19.918089021427633,3,rural,2.355465684028845,6,fire,71.93541035626494
28.12530198390041,3,rural,6.590826512183856,12,ndrf,128.47344038129182
14.951689863800343,1,urban,3.673084023571694,12,drone,15.112669995882465
1.4853726603695403,0,urban,7.884667667400249,6,police,7.548132214446479
17.443949527727597,0,urban,6.019504524069967,23,drone,23.678920514630885
16.9707021616534,2,rural,2.5396505693737668,13,fire,45.12859948716157
0.9417803751295222,3,highway,8.083829660583364,22,fire,3.9621258259994603
25.906640309854033,1,highway,9.320870702858935,7,ndrf,48.93533800207829
18.78913507818453,2,urban,1.2004429901609714,11,ambulance,57.886957477290494
22.46838949659631,0,highway,6.696634799588961,22,ambulance,22.572478137220806
15.070672631646682,3,highway,6.307954899146341,4,fire,41.810212028664935
18.74287191829376,1,urban,6.697127346510136,13,police,60.825809369510665
8.095361850241463,0,highway,0.3118575049661165,19,police,8.527104820981279
29.225854149175092,3,highway,0.2812586139317763,19,ambulance,65.93472251525532
12.32124022265612,3,urban,2.9481150005793033,18,police,80.29425757608288
5.2886353294600585,1,rural,0.8023307560543835,14,ndrf,11.447838824346311
2.149504842051506,3,urban,3.6607797755496496,0,fire,14.982508741566726
19.267072026018447,0,rural,8.724207008291891,6,police,34.795472869963106
29.509705609705446,1,highway,3.5443628121291457,19,fire,50.24476137625809
26.92593765696531,2,highway,3.928462477421494,12,ambulance,38.828942435450955
21.2120847408492,2,highway,2.6752203422461287,8,ndrf,49.25504361509787
29.722638905289394,1,rural,4.21603210296831,21,police,53.72610077394885
21.82343373024214,3,highway,7.97512131296931,8,drone,30.004905919721274
10.507908140341181,3,highway,8.308913344266358,9,ambulance,33.35165220351458
18.235934925275107,0,highway,4.210589667327871,9,ambulance,20.9416413692906
2.8531159533240653,3,rural,3.968605619618628,8,ndrf,16.556551770921985
7.0396334615649545,0,urban,1.9506547107699468,12,drone,7.388393800277441
12.81743695989052,2,urban,9.756016489445887,22,drone,20.97869799352994
6.453645560109836,1,highway,3.1099531784665357,23,drone,4.074633166403195
28.628279937431035,1,rural,3.426426375909799,8,fire,75.95771684003542
29.87012703896716,0,highway,4.298564448830184,8,ndrf,47.49376878633215
11.44260964358913,1,highway,0.8043351019359923,20,ambulance,9.854659958749734
21.42225508927736,0,rural,3.2853762682703804,13,police,30.67141435851139
12.529236554565596,3,rural,9.30584704369059,4,drone,19.98299706584481
4.615521529393089,0,urban,0.7443177664704637,13,ndrf,16.024205283649053
10.439342007212202,1,rural,2.4048525617886174,19,drone,7.532153195918371
7.384465112112065,0,urban,2.1775100088555908,9,drone,8.598300314932617
10.178307502018882,0,urban,2.350695279061432,14,ndrf,27.13942870276579
6.843139807732637,1,urban,9.546157695505205,18,ndrf,44.60255649346108
3.8141810122182687,3,urban,7.0855548596890365,2,fire,27.894648276444435
6.914138666191181,1,rural,9.197917433391197,23,police,16.279840779269612
27.21983243898036,3,urban,8.57610585374323,1,ambulance,163.58592907476728
3.0140394354075974,3,highway,6.247460929073975,2,police,7.3596615901285265
10.080320990779418,1,urban,5.598086507101759,7,drone,12.472750350915199
16.089271887827742,3,urban,5.090999030804218,0,ambulance,82.88124680103172
10.958123357261526,1,urban,6.895331279877971,15,police,31.23460786748859
15.769409303057174,2,urban,7.01824799380181,12,drone,18.71971568495418
1.780891776913442,2,urban,5.994575027262153,8,fire,12.640534010205862
19.632804184249146,2,rural,4.489414141370282,23,police,47.84051845250451
17.122624645903777,3,rural,6.753635416335829,6,ndrf,80.65980487793529
20.5885048427134,0,rural,1.5668416892865222,21,ndrf,37.74529425445539
17.23410556690349,1,urban,5.515336859506076,13,ndrf,66.31823505103168
13.418155681557064,2,highway,5.192998581380504,16,ambulance,21.895520579616054
10.829175497675433,1,highway,5.3467485822685825,22,ambulance,15.225923289390796
7.1798381079433975,3,rural,5.108187272082102,6,ndrf,30.030094670284992
15.251997940795071,1,rural,7.502633566053119,2,drone,21.675944550654886
1.2685473451364557,1,highway,7.5749289165578295,19,fire,5.005541594842444
10.18310442893011,1,highway,3.2958275440704288,15,police,12.718840535921263
20.497232660153617,2,rural,3.50752821851799,4,ambulance,43.2298910936565
3.707152670747598,0,highway,0.16486039956395082,21,ambulance,3.222104759785788
2.3552916484260935,0,highway,1.1329609997636036,17,police,5.44167943848436
19.739268856095276,3,rural,2.6232507648493786,12,ambulance,58.45262171102195
12.234354273699331,0,highway,7.657103385619005,3,police,16.139124266184204
24.15383857820674,0,highway,7.978893466487042,23,police,28.715794685280066
28.150683467154053,1,rural,2.48015132456986,12,ambulance,45.89524084095834
28.73269338511102,1,highway,8.697552605568449,14,police,41.53601403205631
13.054989189878286,0,rural,3.7569796906429787,0,police,22.172663727446622
8.297653116113452,3,urban,7.980519513439962,16,ambulance,50.58497764728826
18.4541052929031,0,urban,4.668537674348949,20,fire,53.63759623276062
19.031691314882973,1,rural,7.1260055835413985,18,police,50.740093443699635
18.859175614238954,0,highway,3.5631306940734317,9,drone,16.205997122255905
9.992469104706995,1,highway,0.7060655889715595,4,police,8.939484429892996
2.3806762243104393,0,highway,2.540515360115351,10,ndrf,4.825726304720702
6.695142745355169,3,urban,6.970890812787294,13,police,42.94972288503066
5.055373126655895,3,rural,9.179569952625016,6,drone,6.918006421623319
4.155060200607652,0,highway,6.282915638587668,14,drone,4.348273236056536
27.825357971611407,0,urban,7.689534971323594,22,police,76.08066258616631
0.9085055562320539,3,urban,0.14123409145684884,2,fire,4.790188617388903
18.25480330747149,1,highway,7.600630391053893,5,police,24.700877249820696
28.450476974334034,0,urban,8.35537501454917,10,drone,40.00959848017823
11.121567261076773,0,highway,4.126512527955786,4,police,11.578892678103301
16.049393630587645,1,highway,4.938913440098792,18,fire,29.45843683721521
21.025618072517208,2,urban,0.5237308423837783,1,ndrf,84.1306406356729
9.856505992418047,2,rural,1.746356563161473,0,ambulance,21.081345912437115
14.59073363736385,0,urban,0.5647716231733002,8,fire,47.034098936961094
24.604534084816184,1,urban,7.313683345618767,9,ambulance,95.53875154421934
22.487992125767775,1,rural,7.9986404411872165,16,drone,29.34021018806862
24.3492576390388,2,rural,1.0866685238325924,3,drone,20.96451458658494
29.626534827015853,1,rural,9.215960230170907,18,drone,45.11448612379488
11.424660510617281,0,rural,8.395266613690277,4,ambulance,20.949155107346588
22.539192256605308,3,rural,5.76284972672441,22,drone,27.06428741072353
18.282144729508495,2,rural,9.782881051012499,12,fire,61.86962864144128
20.164840633025293,1,rural,8.824676416526259,18,drone,29.993298171237413
22.326280192571566,0,rural,2.2264178334901974,0,fire,40.16835635015673
22.617073849916284,0,urban,9.54035686941292,17,fire,103.46643587503043
26.629481904197178,3,highway,4.429594039964893,10,ndrf,92.67502121715255
10.804989419463634,3,urban,1.548659119347221,12,ndrf,66.78010653377302
19.777700005301362,2,rural,2.0008975645313876,0,fire,48.60019427164426
8.768567732107247,0,rural,6.841945279627867,14,drone,9.742170510353095
18.039776800950765,1,urban,9.875584131524992,22,ambulance,64.73392798620081
22.659666635071872,1,highway,4.452716944258749,23,drone,21.33847566747882
23.83453204176839,0,highway,5.731347318566926,21,police,26.25698285883444
12.893672838179121,0,urban,3.0023958887698643,17,police,39.49638270679192
15.507246584440114,1,urban,8.454575179349842,5,drone,19.58466540101276
10.348570609520099,1,urban,1.1515595634083098,8,ambulance,33.659275973336385
5.4865722229191,2,highway,5.822473531243265,1,drone,6.367140868344027
8.1852634531797,2,highway,5.862204843285147,5,fire,18.977768780953145
27.40804164454482,1,urban,0.011397380900641796,6,drone,24.403697048816543
9.614601501074821,1,urban,9.405623868480633,16,ndrf,47.327717822590245
29.2554003395955,2,rural,9.743423853769857,0,fire,102.80144777120555
7.623603513853761,0,highway,4.674734399377929,22,ambulance,8.245918486147486
21.830597080690822,0,urban,7.256415826431425,17,ambulance,72.29564323827798
17.430147160369152,3,rural,8.487119416798114,16,ambulance,65.50714282303936
21.057666460981558,0,highway,1.1670498017449549,13,ambulance,16.86781583259813
19.49675942497084,0,highway,0.8461889821786117,6,ndrf,22.38464806796968
21.349083216128882,2,highway,6.893098199109547,13,drone,26.436618690800696
27.21363792884604,2,urban,5.594923122564306,15,ndrf,132.94537128005177
17.122350133843202,0,rural,6.793936751994114,20,ndrf,37.14881755499251
2.5015390956678587,3,urban,5.719965077217662,16,drone,3.3940375491993344
8.489350316183536,0,urban,7.263917726908736,19,ndrf,40.12382355630628
21.392459922058535,2,rural,1.549092583248629,10,ambulance,52.848552184912116
15.075201525282365,2,urban,2.1561813909342478,9,police,63.892484289249744
16.682283487280763,3,urban,2.370231660305726,18,ndrf,133.6742468834029
18.0991234337186,2,rural,4.165200986968786,14,police,43.52788053414237
11.787563553044814,2,highway,7.595603388152817,9,fire,32.04184495913203
23.32991799009173,0,rural,8.313968113450777,10,police,52.37296030512762
21.844279074948183,3,highway,4.012966048470542,13,ndrf,58.75231236906964
21.57183265969686,0,urban,6.020497796920025,14,fire,66.08658388555155
21.60165013403087,1,highway,2.9517840046427146,8,fire,35.48904825279675
26.76556104880031,1,urban,4.757769054341587,3,police,78.5563177759648
18.064086993576595,1,urban,9.409105287560507,21,police,66.95129387061581
29.02862988516027,2,highway,2.692859065282436,7,fire,49.71222279436355
4.016184189523818,0,rural,7.879436691548568,3,fire,10.374747870364613
19.142789809518998,1,rural,0.42194214762939275,6,ambulance,28.613423480607995
21.649333105105967,1,highway,3.4524295845856323,20,ndrf,31.980200581739446
14.578002123153606,2,urban,6.587812726318704,4,fire,68.89325475735284
9.002147400479625,2,rural,7.760009585845285,16,drone,11.649509792759039
16.72610485497742,3,rural,5.921852121302548,9,drone,20.592842030028823
11.26005656857573,0,highway,8.69222134925852,14,ndrf,15.439537637604747
27.319160096500585,3,highway,8.207858258834426,17,drone,39.54003117016759
11.02537616973102,1,urban,6.175050335811272,5,drone,16.543749154627307
5.683356284712808,1,urban,3.481229982576739,9,ndrf,27.753146971887677
17.503479634880858,2,highway,3.6371051804894905,18,fire,37.61006367120854
12.181781445720896,0,urban,6.150969161203632,23,drone,16.318651069844073
3.32899527162481,3,urban,6.565516946425834,20,fire,24.788600709085845
17.162849354438297,1,urban,3.9458676242529025,7,ambulance,46.46086345378971
16.366469129388193,3,urban,3.9751739341649173,5,police,84.36742424388243
5.609314055679255,0,rural,1.7677972265106279,22,ambulance,8.323729427775406
18.130325984315366,3,rural,0.0028752278650090446,16,ambulance,49.00616837786472
17.237089728795926,1,rural,4.614915229835509,4,ambulance,32.41020058386311
23.321572379726934,2,highway,8.308412513470813,15,drone,32.84198953035598
11.166312930357714,3,urban,7.665412513652981,7,ambulance,65.87189992485418
7.838405948077359,0,highway,9.939403380904949,3,fire,12.698020681205305
28.560986665637877,1,rural,6.69405779355967,3,ndrf,74.63600993752905
17.05591692209225,3,urban,2.3391298603885167,9,drone,15.641856246378994
1.300628787083319,0,highway,6.773488018254894,5,ambulance,6.027636092860511
24.710994681296427,0,rural,8.284787925969523,18,drone,33.2697703023468
6.304362797108753,2,urban,6.409970103480013,3,drone,8.514830411910836
23.688071370552382,0,highway,4.8172422060787765,4,drone,28.74721397147597
21.30229160110096,3,highway,6.185124778200065,14,ndrf,64.48822983509636
29.08000486576314,3,rural,0.2580261045716692,10,police,106.33298419628932
28.984589397038523,0,highway,2.651125071643914,4,ambulance,26.25826290042616
8.595113427344918,0,urban,1.5773729504460587,1,ambulance,19.030856056990988
23.110262646090845,3,rural,4.134154354667404,2,drone,23.544873460124332
9.847225030507756,2,highway,8.930365385727946,6,drone,13.890425604941415
19.061339195473032,3,highway,1.8794947564024733,6,drone,15.027143910361968
18.133509506160497,3,highway,0.7098461021221925,13,ndrf,44.631531329358474
2.1090337108243578,1,rural,7.769219397291077,16,police,4.054168174520229
0.6528616201430484,1,urban,8.679030196167494,3,ambulance,5.107902139634675
2.2040384305468805,2,highway,5.313948190322442,10,ambulance,5.516610277729
4.274290402186363,2,highway,3.7656657181913333,11,fire,7.623388913253253
8.100748494759323,1,rural,4.305349720983362,3,police,18.46866638546808
27.25517908565559,1,highway,6.589917137562411,11,fire,40.07719910650953
15.799663922727246,1,highway,8.312514825330164,1,police,22.567274856723536
24.008306295803266,2,urban,1.8944042945065565,7,ndrf,100.86900356104685
25.23019668716264,1,urban,9.022583360271142,17,ndrf,147.56843283753443
22.180821408420965,1,urban,6.573900760589273,5,drone,26.01405942532775
12.045861170406873,0,rural,7.382905470899914,16,fire,27.733308491207957
25.98385211830899,3,highway,0.869122680522677,2,drone,20.174503649994747
22.39046772296716,2,urban,9.183446933032423,11,drone,39.748427041244206
22.422967580449047,3,highway,5.281945871060197,21,fire,57.36503326252569
27.096442651384294,3,urban,3.621071117005621,12,fire,167.03927722686808
18.16057243750167,2,highway,3.9893734647073176,19,drone,20.288081304491744
16.09294568388421,1,rural,2.9303403107294934,5,drone,15.419055847043195
26.75979544911372,2,rural,1.629724265061241,4,police,56.240259543232874
13.906620980843806,2,rural,0.34658882471783725,11,ambulance,26.542026534130198
24.441335532850864,3,highway,2.64408165061339,5,ndrf,62.87660387353924
2.088467633121828,0,highway,4.966117089386962,17,drone,1.6171604248786373
0.538053361461503,0,rural,6.667606187461937,8,police,4.174342611012874
16.084628443328526,0,urban,7.3334650428920645,18,ambulance,53.96589582942919
2.6715508675832167,0,highway,5.956040806988914,0,ndrf,3.9192317991867407
29.308018896865377,2,urban,1.160621566637119,8,ndrf,154.5425240733015
0.6622846341740638,0,rural,4.315485720400716,5,drone,1.7237381226567698
21.68541427671007,0,rural,6.674056012669007,16,drone,25.46122382573558
7.67984852569351,1,highway,7.431756970907931,4,police,11.404644650387985
29.04278415552566,3,highway,3.245068283265764,11,fire,70.6031761362375
11.755478693522935,1,rural,9.284413484690562,8,ambulance,35.20357144026799
1.304861074784022,1,urban,7.9538153331227415,17,ambulance,7.0546082208793965
1.2946050795590907,1,rural,8.517309308360282,8,drone,3.6998876853425795
16.824514465878313,3,rural,6.665449911701985,16,drone,22.43816703147497
29.608003381422794,1,urban,4.137604761851406,2,ndrf,110.39617584372364
29.403319283848724,1,urban,9.341685112192078,18,drone,45.26501528216223
10.44955268253334,3,urban,9.014452041653026,15,fire,79.66442784902956
14.73975765107246,1,urban,8.284753929749261,3,ndrf,67.15916129742877
3.463446271035575,1,highway,8.911271286448084,2,fire,7.431700802359668
15.904217251756085,3,rural,9.166108012311245,7,fire,78.1754686370942
18.191197171924056,1,urban,7.463572657266074,23,ndrf,76.75887743694044
7.906319135533971,2,highway,2.0033619077785847,6,ambulance,10.849379118012305
18.557375859497625,2,urban,5.385472721535135,11,police,70.75179997327616
27.040936175039487,0,urban,6.15993968790109,10,police,87.7041054425092
0.5281823359926756,0,rural,7.733734529015678,7,police,2.0139683102292434
7.253546342084363,3,rural,4.951472296515948,11,ndrf,31.035704441028845
6.6926271180561745,1,urban,5.128711408814995,4,fire,26.018659892281423
4.154642989497898,1,rural,9.955650140847869,16,ambulance,9.418632540197171
5.399985775744505,2,highway,4.522052424467095,3,ndrf,10.94857111925565
18.964420088278935,0,rural,1.3000983989599457,13,ambulance,25.040720000327305
3.5294845094439578,0,urban,7.096838043210827,7,drone,7.59522085332947
22.28668246611129,1,urban,3.6254166003796726,13,drone,21.238697205789627
26.66716642147231,3,urban,2.485389469638981,13,fire,151.10639650960675
27.834337863261887,2,highway,6.284619672000752,15,ndrf,55.39091151543591
19.975186522431176,2,rural,9.54367672154945,14,police,57.67782431945422
6.323194113691672,2,urban,3.1280885511596015,6,ndrf,28.5542038483954
3.0162489784272823,3,rural,3.722712470803773,14,fire,16.626403741990814
7.344736137306489,3,highway,4.6549003753938365,5,drone,9.608312819623297
28.877736980658753,0,highway,6.879944561600757,9,drone,35.244076845560684
28.88918345164601,2,rural,3.9594885258864023,5,police,68.47686949864418
11.766607075591091,2,rural,4.250897690471871,12,drone,11.535188819677979
10.110850462377742,0,highway,7.009053978286978,18,fire,17.38584078637795
15.545312176642428,3,highway,9.851350870746385,14,ndrf,54.460557011371066
9.10479869828832,1,urban,3.1650406953025554,2,drone,10.693502017250463
29.400042323839116,3,highway,5.853274758164143,1,ndrf,84.75193341776468
7.0260310057250335,0,urban,7.94404188540422,7,drone,12.085548149182806
11.389709124391674,2,highway,2.1212793986396328,14,fire,20.285721790921613
13.16644083315526,2,highway,8.183191442891841,6,ambulance,24.520882297888946
4.189388680894284,2,highway,3.549306317949811,23,police,5.116636709409638
11.793332389718831,0,highway,1.1102292990489704,14,fire,10.883076933401654
25.773556243008215,0,highway,0.24902740387344524,21,ndrf,25.719309760524553
4.640649542974375,2,urban,0.33086844888482125,22,fire,18.181842970913326
17.728647549372525,3,highway,7.97642381494782,2,drone,21.783574848166047
12.495795572770495,2,highway,6.749386252993443,21,ambulance,22.620895808964537
5.530833420464915,0,highway,7.934901275052283,1,drone,7.535870034835153
0.8639168512515718,3,rural,7.529478171902473,2,fire,6.700963243644443
8.563627452952057,1,highway,3.8097533698942474,12,fire,12.488528366849158
2.3239543405910568,0,rural,9.330185459069837,12,ambulance,7.2381909611759045
11.614669903253688,1,highway,8.779455767201464,15,ndrf,19.671490087689385
24.401190743130698,0,highway,3.4835163023750946,0,ndrf,29.94954231955171
21.730715195889566,3,urban,7.729410103345416,2,drone,29.586428568650373
28.447819495202125,3,rural,8.196581841549296,19,ambulance,134.6486636572637
13.09695481144354,0,highway,4.884643944192614,14,police,14.061404129784586
21.380141258459656,2,highway,1.2041891657122228,8,drone,16.13342285679955
20.127580802009597,0,rural,3.340568197891497,4,ambulance,29.942999132892414
6.902865943168657,1,highway,9.888112793002094,5,police,11.6285816797831
9.455683904363426,0,highway,7.159353752792312,7,fire,13.29716409612827
16.129971235233928,2,highway,7.747108789539795,11,fire,37.04980497791751
24.001390910674694,0,rural,9.11924311548063,19,ndrf,73.04146285864012
14.12347566665651,3,rural,2.0276287568730647,10,drone,12.295132053682295
7.2183753171780545,0,rural,9.684040307259744,10,ambulance,17.362794392001682
29.80723786327091,1,urban,5.181420077583073,22,ndrf,114.90735626952824
3.9095747874332196,3,highway,7.44678529301382,2,fire,11.716441368263425
28.69872277099417,3,highway,3.182103279880862,0,ndrf,75.1386517881713
24.36686550869942,0,rural,3.2940692436425687,23,drone,25.48922624730686
25.247358819581628,0,rural,3.595997285367054,22,drone,24.993115861166505
23.950068701199232,3,highway,3.480588797578572,9,ambulance,61.39416938354565
6.641042768486349,3,rural,0.6250319670430182,5,drone,5.880960464947008
19.161180133159633,1,rural,3.095743154041969,2,drone,17.60501175602501
22.824119467302488,0,rural,6.473807211960465,3,ndrf,45.794529860308614
22.497730866998715,0,rural,9.019729440862168,21,fire,50.05983176874964
8.511178431050288,1,urban,0.41665338165192134,17,ndrf,36.487722670221906
5.843021939028602,2,highway,0.16628355411263063,20,ambulance,10.21127080370059
10.179628025479202,0,rural,5.923991148391684,12,fire,21.93954980071749
14.655412171133058,2,highway,6.996742944044905,15,drone,21.633960532051024
17.426532038378458,3,urban,6.082385377483513,21,ndrf,125.16044740308331
25.190035688415232,0,rural,9.730433434073134,8,fire,73.5101377321933
23.186509717286174,3,highway,2.2886826858211897,13,police,45.42285924233988
20.446440507162226,3,rural,4.812447823715545,6,ambulance,66.74562613118671
8.272934141811437,1,rural,9.159019994604787,12,drone,11.31950931978867
14.62697471858083,0,urban,6.174972760015613,5,police,40.39399005200329
10.39535828677485,1,highway,5.771219650453398,4,police,13.503251181621973
7.430381296740757,1,highway,9.328416549468189,8,fire,19.220177361594576
0.8022381313126439,1,rural,3.3890281071728023,22,fire,5.418398567957768
10.514128131835372,3,highway,1.571758323546416,6,fire,22.704458489209784
8.055429897581334,0,rural,1.292308897989668,15,police,10.395313753953303
17.37111864552109,1,highway,8.218722949002576,13,police,25.954600604973702
2.33790222336951,3,urban,8.569483895406794,14,police,16.917266365892644
8.480328102950931,0,urban,2.338783425831912,3,police,19.887935149693995
1.8206999546582527,0,highway,4.570713448830379,18,police,3.490976377115631
19.421828183146364,1,rural,5.8485173552640735,18,fire,56.05228309220637
17.261591977774433,3,rural,1.3903409928534727,2,police,52.27586251097437
10.45566068069696,3,highway,8.488106193311278,9,fire,40.03600202392701
4.846370712848542,3,rural,4.188782556235582,20,drone,5.953384849275316
28.758635066677687,3,rural,8.634737539275426,5,ndrf,144.8045772313543
17.739577197964095,0,rural,7.600766552032469,12,fire,36.3938617726385
20.533844313876003,1,urban,2.949542750244073,19,ndrf,94.07569558654968
16.17478822144883,2,urban,7.1657421632800355,19,drone,22.0962422674567
24.29273080556305,0,urban,7.407050343885063,9,ndrf,106.49894085028383
26.94321146166958,3,highway,3.1126307635501727,17,ndrf,87.56077361991098
11.789961036130078,2,highway,2.5373559007169835,22,fire,21.712919276738223
20.85574671080301,3,highway,8.234277875544976,10,ambulance,62.067186782924935
7.28168079411871,1,highway,6.779330406984332,23,police,13.421170252535973
19.729723891280134,2,rural,7.395732323373487,18,fire,78.29809612345251
12.275091084308302,0,urban,3.130552534294675,15,ambulance,26.820067870626758
0.7000571823384963,0,urban,7.221940236928144,17,drone,1.392317083672254
28.68807211846731,2,rural,7.143065696289596,4,fire,89.32843853302285
26.11902559339221,0,rural,3.3327493129079344,0,drone,22.376698885972427
9.079678235207838,1,rural,2.7046005181927657,19,ndrf,28.13580333157068
29.933840769869384,3,highway,4.313948532020328,17,ambulance,78.65994829035955
9.855266399417756,1,highway,7.3909220174809995,22,ambulance,13.602502029309719
14.035903500542705,1,highway,1.93587476831514,12,police,16.464861795370222
25.612141272145305,1,highway,8.742624018355356,9,ndrf,60.389149740117944
9.485592364177206,2,urban,2.5527602208171163,20,fire,40.42560384172098
13.79093838943125,3,rural,8.396337006370011,22,ambulance,51.22517240617711
20.134821430136036,2,urban,1.5580955929603135,19,ndrf,107.87138961971941
4.348792865786633,1,rural,7.394406955469309,19,fire,15.144865581044886
12.959335876405673,1,urban,5.613949225385041,4,ambulance,39.6681033258651
9.62759315216798,0,rural,6.614589874019016,20,fire,24.169575248444254
20.46484202301213,0,highway,9.741365961999733,0,fire,29.829556901505214
4.511097006780968,1,highway,0.5255787867009387,18,police,7.820770032333702
7.365578633477653,1,rural,1.491269730383471,4,fire,14.59366649428075
21.485598010698244,3,urban,0.7908480230224069,0,police,98.69727140693544
5.108618906861387,3,urban,5.1963695934768825,17,police,35.6836571873086
12.949568236076747,0,rural,8.028072437503436,8,ambulance,26.47512780008706
21.529981301732253,1,rural,0.5482479096779957,20,fire,42.57102051149633
23.081317340685157,0,highway,7.7940668252738785,6,police,27.724315281326117
3.2989947708142195,0,urban,4.330558234194839,16,ndrf,11.941878372423838
25.633870477874606,1,urban,9.414286529781364,15,ambulance,87.56449486863107
21.85718288333401,3,urban,3.826961199025086,19,drone,22.010880847589398
10.509190366452756,0,rural,9.845979482434263,20,ambulance,18.856768742406803
23.032184143742082,2,rural,5.565215457140424,14,ndrf,70.98760676359854
21.98481652754944,1,highway,9.899931772389078,8,fire,51.5047163559679
18.226291181997375,2,urban,6.318859518394659,12,drone,21.001772055576776
16.975194615472407,3,urban,3.4633578409110797,14,ndrf,109.08170368633073
22.173752922537773,3,urban,8.034086850625576,23,ndrf,174.0794408168551
29.97816710031091,3,highway,4.869601276591068,4,drone,33.4233539532951
17.567291354818618,1,urban,3.0880799765479114,1,ambulance,47.05952145898267
24.357177216986315,0,rural,4.783354039853307,11,drone,23.700713446752868
22.456074660809694,3,highway,8.719125938796854,10,ambulance,71.71348024343504
25.746347859997858,3,urban,7.3230738561135835,21,police,155.4587047854688
28.658483410832083,3,rural,1.7376881669458566,6,ndrf,108.64870643150867
6.1959546200940485,1,urban,8.38597837180107,3,drone,11.504249791893418
5.38105927365593,1,urban,4.31418574075426,2,ndrf,21.52157161557404
17.797378938239575,0,highway,0.8286849471391777,21,ndrf,21.129131828731197
13.754204355151881,1,highway,1.4717210553704996,14,drone,13.081496071562388
17.336319441115492,1,urban,0.661637269812908,23,ambulance,43.644783227624735
24.042260667322502,1,rural,6.76587803532521,6,ambulance,46.20744922664331
27.98557716145277,3,highway,2.575647346058033,1,ambulance,51.978282952119244
12.813766843357465,2,highway,0.9634900272148461,11,fire,22.467186473112392
21.679013043536923,0,rural,3.6566965570893286,4,police,34.074365948215885
6.305576041321577,2,rural,8.669661307582677,3,drone,11.31659401647713
16.269282505958444,2,highway,6.287280563447788,21,fire,32.522331467171846
1.1432409445253378,2,urban,4.862274393145248,9,drone,1.0
15.36064173042636,3,urban,7.331946606750643,1,ndrf,118.00629751254318
16.587425544202247,3,highway,0.7589503937887121,4,police,32.10356157403665
22.195637405460772,1,highway,8.827717088462782,8,ndrf,54.484514757192564
19.659801311106254,1,highway,1.7773619131741003,21,police,23.877928838537507
11.072703662021146,0,urban,0.21381626485794003,15,ambulance,23.7071485407227
0.6690615710370791,3,highway,3.6236040329893413,12,drone,1.0
3.9068332718769936,3,urban,0.584473373940283,13,ambulance,17.277981868098912
29.205289278764845,2,highway,1.670788068270076,19,police,50.0106306837228
27.708828170301523,0,highway,7.389986223395536,4,ambulance,29.34594832286239
10.090248310893788,2,highway,4.047330813753172,11,ndrf,20.487660573431466
8.136161727754686,3,urban,0.06898837793591239,9,ndrf,62.79859373358301
13.374280663856105,0,highway,6.437572406373499,1,drone,17.446923254110896
20.853230873556146,2,highway,7.071111052214814,13,drone,24.928180494370878
11.026416343410222,2,highway,9.019634827195265,16,fire,23.85272962931188
2.4851685080690884,2,rural,1.5460261030250688,15,fire,6.479561695882176
12.382455227109693,2,urban,8.571657376911755,1,fire,65.21254561594961
8.18737533720224,3,rural,7.0870794915196065,9,ambulance,39.17400099686907
10.085435330730748,0,highway,5.636227903823739,9,drone,13.180329997227375
5.30723875072548,2,urban,2.6176998341248527,3,ambulance,18.18444363132567
19.9357820486466,3,highway,4.578427329671001,13,police,43.824271529164264
16.035612530734134,3,highway,1.9827053819282758,12,fire,40.18700341907937
8.49046196021295,1,highway,7.176944026380964,18,ambulance,12.985927496790033
16.83894319853412,3,highway,7.035897992990517,18,drone,22.23918483889752
15.034881491433522,1,highway,1.9152991060532354,21,police,18.39226379183529
23.981258268697825,1,highway,2.526166971418504,10,drone,22.013587908139908
28.701535945535948,3,highway,9.011118297111295,4,ndrf,95.91937368023486
4.35478001487035,1,rural,4.7168486000712315,12,police,10.483183940898781
26.575447627785493,1,highway,5.511171926997704,15,fire,38.96922257422856
21.291509679404612,2,urban,9.586253018281232,7,police,98.85283546104979
20.93032958628819,2,urban,2.0702381113895516,11,ndrf,88.44987363976178
11.541876465702932,3,urban,6.271302183482254,22,ambulance,66.026023019817
10.64529176621517,2,rural,7.740149550396004,18,fire,43.076108601396335
0.6663648022642507,0,urban,3.19439671967803,14,fire,4.049492272469413
29.47504380180058,0,highway,3.088168020175824,22,ambulance,27.80914786448521
18.39192205500494,3,highway,8.968193088565712,0,ambulance,46.08185620878638
12.3686944057558,1,highway,0.994059470240245,12,fire,16.613454723488132
16.541180245819266,0,rural,1.5735564730011642,6,fire,28.12407997200056
1.6955475058397425,0,urban,4.109551913806099,6,police,4.657460149862098
5.622703181104231,0,highway,7.983909668263896,18,drone,5.682219160870975
18.889117786420375,0,urban,4.549916000942639,19,drone,18.965533273390463
15.670721025666792,3,urban,2.705659417110976,11,fire,94.1886591329254
23.718707276365176,2,highway,4.202950360882324,12,police,35.09280333419946
19.932909368137445,2,rural,4.454604419830462,14,ambulance,44.318078933873124
18.242352441391922,0,rural,7.270252096575806,21,drone,21.440067219405098
24.550338277006745,2,urban,8.687500810501374,0,fire,130.42259432884993
2.5137616137810683,3,rural,3.212510645088921,13,ambulance,8.845529327686446
20.881160494722916,3,highway,7.0853960893080545,1,ndrf,63.54075367110962
21.609926042025958,1,rural,7.013883951648932,22,fire,52.41995154062426
8.617324715560324,2,urban,7.669475554570128,5,police,41.725745117766635
6.271664276378135,1,rural,5.752606371254716,0,police,14.485154922753763
6.8086480259519755,3,rural,0.1469849830867742,19,ndrf,32.350166837849294
6.34515547124383,3,urban,6.558673357415497,17,drone,3.7287852591738817
15.95157463165604,0,highway,6.122975776449784,21,police,20.14257255847051
4.50097618529194,1,rural,6.115194562185345,8,ndrf,15.002385248151743
19.948932911870838,0,urban,2.81298579239147,6,drone,17.7921910643501
3.5998086389887014,2,urban,0.9788543220400592,16,ndrf,15.312191958115978
1.293244389152558,1,rural,1.8935258969070845,22,ambulance,6.155874796835489
9.919062152153199,2,rural,2.16205092547158,22,fire,25.863408257074422
6.159861850124711,3,highway,1.7360950758572136,9,police,14.546125997414823
29.665530634597427,3,urban,2.4453691519422693,15,drone,27.232161661611162
9.438390868207913,0,rural,0.6869167935308751,19,ndrf,20.201462715839565
7.050890537752656,0,highway,2.6932582154517206,17,drone,7.5578262459596495
6.30470979322683,3,urban,9.978852268893313,14,ndrf,55.697801442296225
11.528660691702964,0,highway,5.113812234450953,3,drone,10.537312774268951
18.372542412281547,1,highway,3.4442286049725155,15,police,22.09587426756938
23.56738561386533,3,urban,7.2048722280679955,4,fire,165.03273963143224
11.254999308420517,1,rural,4.694604558520235,10,police,26.11581310743319
18.966143911262286,0,urban,0.29497962767882746,13,ambulance,34.769206207285215
14.72076699924193,3,highway,5.473897111502191,0,ndrf,43.2294115791352
25.471612714475253,2,rural,3.0406657385538924,10,ndrf,89.7725114882281
17.286732426173838,1,highway,5.711838994528508,7,ambulance,21.316164725325432
9.051804320433455,2,highway,1.7321801339741938,2,police,14.88431520877626
21.255824086758548,2,urban,4.8254985714343945,15,ndrf,98.28512152024366
24.691902396678376,2,rural,1.9364020206218324,17,ndrf,84.03974960938808
14.230499374536969,3,highway,2.9881541003388987,21,ndrf,38.6076195616973
29.622318547028406,3,highway,6.8716474400378535,16,ambulance,66.3269192112159
26.433357936143747,1,rural,2.2765275933238307,4,fire,50.63906955237173
6.310162755131998,3,urban,4.171373754035276,2,police,33.58782336151285
23.709298228609,3,rural,0.7313858241771676,19,ambulance,81.69660968261857
18.2280617083181,0,urban,6.871622466654119,1,ambulance,44.352580003264954
16.276933285331122,1,highway,5.389431872990481,9,drone,18.881894079011758
15.661188304097267,2,highway,8.137904323232032,9,police,36.284336916034675
25.675628712081657,3,urban,5.35075450485389,4,police,140.33048945162867
18.520747272651732,2,urban,9.942137586339971,15,ambulance,84.90673379602308
16.362326559085144,2,rural,2.4113187816856607,18,ndrf,56.50736898293477
1.9413672493624476,1,highway,7.421064822594045,21,drone,5.189213609493969
13.724934657877442,0,highway,4.323266545594936,11,drone,14.104560915989603
27.287226080342478,3,highway,3.759645176139567,10,ambulance,67.29211758713127
21.49623351566626,2,urban,7.315293251718841,4,fire,104.15201441593453
2.003142352656526,1,rural,9.555570378196466,2,police,6.667985538952974
26.577772323455747,3,rural,7.555768591611372,20,drone,33.06627858408537
24.886683030623097,0,highway,3.3012274856964474,20,ambulance,23.188881312673345
16.627184241301073,1,urban,5.098916506198075,23,fire,58.88794003295031
1.1609612228773036,3,rural,2.171399800264102,2,ambulance,4.602054289844787
17.09167373199712,1,highway,6.202388106170815,10,ndrf,36.35629878181348
2.1103769728295703,3,rural,4.0258710053250715,15,police,10.246430868743186
9.951179309305672,3,highway,2.2813308686504827,21,ndrf,25.420121416386753
19.052833757630797,0,highway,0.21092704200882162,9,ambulance,20.617843362071234
27.430935974524147,1,highway,9.2532430894659,3,ambulance,39.542785168215794
11.054971299154623,3,rural,0.7882083253450067,21,police,31.37480994770339
25.87070159506187,1,rural,3.29309412544202,1,police,46.808481340632206
27.59164980681523,0,rural,1.9045367128819923,16,ambulance,37.49812178090839
1.1207944734907722,0,rural,4.941272761165843,8,fire,5.967168415149905
7.56312121369968,0,rural,1.9494484540472723,0,ndrf,13.069339411927865
21.440937827211215,0,urban,7.3621103640359875,12,ambulance,54.26179088588027
22.826869770846677,1,rural,2.2481947290539295,8,drone,20.992717141383377
12.076297081403096,1,highway,1.854566688280327,10,ambulance,16.882809929900695
19.874261076799222,3,urban,2.168852177931737,4,ndrf,122.51547885324254
18.558679212180035,2,rural,2.97563312570483,16,ndrf,51.458964543877165
22.323361367231268,0,rural,6.418313860133761,6,ambulance,35.65961491880645
21.700423618481093,0,urban,2.096283817759331,3,ndrf,57.207497297097554
3.03318854071566,0,highway,6.968502884239247,9,police,7.06893919339323
5.168380337731797,1,rural,4.301708844122334,4,fire,14.96154861058761
4.415450844149822,2,highway,1.9700857807356376,12,ambulance,6.608502114536206
28.00816206036316,0,rural,2.4004451495104107,12,ambulance,37.75526294458459
27.449508126413182,1,rural,5.273338162025535,19,police,69.49696626758428
24.023661953110615,1,rural,3.786288838602255,23,fire,50.996155526740345
3.9431975399407997,0,highway,5.1372334066033005,2,drone,5.203052593076289
17.441008362627784,0,highway,8.125795891506286,0,police,24.105935993114585
6.0233034696506165,0,urban,0.45831377102185655,10,ambulance,19.678384159366562
11.367326157984674,0,urban,3.9361063076419955,1,drone,10.230964844126524
8.379192660803682,3,urban,4.154427889583703,20,fire,52.13260212349074
24.953463953880245,3,highway,2.5091715954403093,19,ndrf,81.93231163972591
4.76131628581856,2,urban,4.418792028899299,10,drone,6.134963507091843
19.562285473997235,3,rural,5.666330897398639,23,ndrf,88.11932100279091
29.524892581396923,3,rural,5.849582078472862,12,police,99.92189693279094
20.768110205982186,3,urban,6.698333210348278,13,ambulance,111.40068135988942
2.837387925705311,0,highway,0.7676886950678352,18,fire,8.159040071292756
27.281560307894484,3,highway,4.600075509056785,13,police,60.50977146931361
19.470850491843088,1,highway,7.57612564721148,17,drone,26.10586188496661
13.961173898353504,2,highway,4.550453217762607,5,ambulance,19.178245507075783
19.960928116962997,3,rural,6.564860352341393,12,ambulance,68.14865107821818
26.43180774894279,1,urban,5.904488650949304,19,fire,124.18298856580122
14.575253223499855,1,rural,4.647189192855903,23,ndrf,33.223203411030866
16.173983742960765,0,highway,0.7892854524346038,4,drone,12.912921381366978
13.847198276929628,0,rural,6.332249923070632,0,ambulance,23.18914881635022
2.641447076548124,0,highway,5.345130045241106,14,police,5.463447435406507
23.718568744357075,1,highway,0.056845748170029076,1,drone,18.74436791577038
4.229146437434249,3,rural,2.068566945283888,16,drone,5.747017838413936
12.139815303505154,1,rural,0.6139957599448476,10,ndrf,33.851593752991946
11.911273945428011,2,urban,5.702342601290055,19,ndrf,73.30677666157969
8.76120336655877,0,urban,0.15147951119022451,3,fire,24.972246163048883
12.373960213885344,2,rural,8.42420951081169,1,fire,42.87541323177117
18.731268756281644,3,rural,9.474539990031829,5,drone,29.28369647393433
9.685925710127497,1,highway,9.755789953540711,1,ndrf,19.88138448458791
5.589102162099155,1,highway,2.265844605637893,3,ambulance,8.701835377341562
26.146341559964362,3,highway,4.951408554197183,18,ambulance,69.96060771818462
29.139563170785497,2,urban,8.911687748642724,16,drone,42.139918575370935
14.028222804351456,1,highway,6.873350235332057,14,ambulance,21.19956729283869
10.147081514165281,0,urban,2.987460553669518,10,ndrf,35.468559669678726
1.9007212944577652,3,highway,8.33951883945378,5,fire,6.559993537494859
1.5871204479965675,2,urban,5.739361898808774,20,ambulance,8.365158754109043
12.09001887153936,0,rural,7.29984530729611,21,ambulance,20.749663000962173
27.94213953987849,2,highway,9.694094266532481,6,police,54.68710397415129
22.05590203034615,3,highway,9.97509348103772,21,drone,33.60980791799794
10.803447856687862,3,urban,5.048217628612956,14,ambulance,55.95345245232208
29.0573695428708,0,highway,1.5661251912833762,8,ndrf,43.470220640660756
13.148358146044057,1,urban,6.195592025005572,5,police,40.38317140643222
8.665385947252048,3,rural,6.438534985047754,14,ndrf,40.63250609838706
13.077420719368538,3,urban,5.721448922651189,0,police,73.30209864024663
6.740525196023067,2,highway,4.220488505389143,7,ambulance,11.613889988944655
26.626343720923472,1,urban,5.815602400266328,16,police,83.48181282669665
11.154612657321863,3,rural,5.340403032753512,11,drone,12.820185092505126
19.91008445258248,2,highway,9.44692629223587,3,drone,30.25181280807527
11.976892365401325,2,rural,8.376004326936282,3,fire,39.87479017375145
27.101076829936893,3,rural,3.936891209752038,16,drone,27.247626321782985
19.450232175611088,1,highway,5.708665413056679,20,ambulance,24.045061368635036
14.903430763298333,2,urban,5.660528986752648,16,police,60.91798373406029
4.398217590849486,0,highway,5.107181833211709,3,ndrf,5.597142432307082
27.106541554140026,2,urban,0.580655475661721,16,ndrf,109.82542865268626
16.631097614017243,2,rural,7.125944961700624,6,ambulance,40.109345018459166
8.909062702361817,3,rural,7.312706092799738,14,ambulance,35.7824894839283
26.39884330859277,1,highway,4.841848163846667,14,ndrf,41.22195750985032
2.10599260813503,3,urban,9.015729663795419,21,drone,1.665838830285395
9.765269061222364,2,highway,9.839221676063199,19,ndrf,31.27680180988087
16.336437835463354,0,highway,8.12912799207437,1,drone,20.330478157870434
10.524522913277144,0,rural,9.27863063032565,0,drone,15.256389655044305
14.563660533676305,0,urban,4.875026786558111,22,drone,16.82984204637839
8.297329443764024,1,urban,9.142412875275369,7,ndrf,41.55469517967057
4.337451182520466,2,rural,9.35026803022893,1,ndrf,19.18044894499844
1.5871970891971257,3,rural,6.235671027025814,4,ndrf,8.920014972677507
5.150573664908186,3,highway,1.5072112536501048,11,fire,14.112661158867839
28.611922163731947,2,highway,1.523076747305837,21,police,40.11513149902102
17.474392433433785,1,urban,4.7230584106184645,22,fire,64.84033682753757
14.92432369569957,2,rural,7.355805076060844,15,police,39.26845647704755
11.837553259518403,1,highway,5.013942085798236,6,police,18.159790617806244
21.398394306509868,0,urban,7.9984982239418105,17,ambulance,71.35530682458548
4.667154539229753,2,rural,7.69788431217136,20,ambulance,15.164935760456139
8.645831095753572,3,rural,2.0360812220981996,9,drone,7.269636726127605
19.849112530080706,0,urban,1.327644735968312,14,police,42.27678400248383
14.632398755264225,0,rural,7.058345307266549,11,ambulance,24.104298214285773
23.217729899293115,0,rural,3.2038045067194156,20,fire,38.734579766942176
26.96474039672127,0,rural,9.31396894152235,14,drone,41.512898062779094
24.789491445434354,0,rural,8.685077463989199,1,ndrf,59.707961235351526
5.934127570691595,0,rural,4.512380517811425,20,drone,3.4631052563023887
3.1983719480458666,0,highway,5.805058244571044,13,ndrf,5.785732059860279
5.498497716078931,1,highway,8.471039438195708,10,ndrf,12.692616307323059
23.6141554022068,2,urban,8.713691962129325,4,fire,125.10697657327492
27.45801714003496,0,rural,5.569743324148822,16,drone,33.07554239406264
27.800741597263794,1,rural,9.719131532446642,0,ndrf,82.33710477335353
9.297365786428145,3,rural,5.20968658238245,4,fire,37.565609217862445
25.290070651399972,0,highway,0.41107661166326137,16,fire,23.483325430875247
16.31894828315185,3,rural,5.626951665321993,6,ndrf,75.75905925187274
24.772359526272115,2,highway,7.770069000246972,17,fire,66.50502691255983
16.676762850210032,2,highway,9.849351530006832,6,ndrf,38.51527992229545
4.803849983483986,1,rural,1.0536857774407338,17,police,12.610746346230336
2.836976756656374,1,rural,4.405371966970435,16,fire,6.259944805187468
28.737964901675518,1,urban,5.86649876834704,17,ambulance,106.5921067854943
13.06117541473158,0,highway,8.814635952967478,17,ndrf,24.546825213946693
10.840359024470876,1,highway,7.158899845200835,19,fire,20.068808653050954
11.010941000665158,3,rural,2.312462671198736,8,police,44.070854852288846
11.678565138526425,0,highway,8.593891841248674,11,fire,20.404383345553455
28.377406422882974,2,urban,6.64243287957294,1,ambulance,106.6016894367451
2.349785328393688,2,highway,8.951569165830808,8,ambulance,8.367482643334487
4.012307977777825,0,highway,8.343738752092635,11,drone,7.579946025068796
23.794719706714552,0,rural,1.2926248249215977,18,fire,49.3892930502576
16.707579994534093,2,rural,9.604706370350286,21,police,52.79765226889001
4.2918343598480835,0,urban,4.542964249933615,15,police,13.5583544418343
1.516574034960923,3,urban,9.82552501432332,3,fire,16.671138498681785
7.114913274237208,0,urban,1.8700713858752571,4,drone,5.058443893473518
8.193916762452996,0,urban,7.933180458135015,12,drone,12.482761324725113
0.9192843724519386,1,rural,3.0489160075290056,10,ambulance,6.13183004202198
6.874670880947205,1,rural,0.44805303345060055,22,ambulance,10.717140895356058
22.280408640095793,0,highway,9.94040425209049,4,fire,28.604210937003188
25.73529384429161,2,highway,3.0353532043701503,13,ambulance,33.11685795042624
26.997956978206677,1,rural,0.8051925475471422,18,ambulance,51.271984108203945
12.00246396298453,2,urban,8.604971862547512,10,drone,18.1946861600818
9.92270491415495,0,urban,4.320202983806168,5,ambulance,22.933650078982627
29.995895022132682,0,rural,5.76452427539218,3,ambulance,45.57275189804543
23.19554330218687,0,urban,9.848436931486685,14,fire,83.5389427830781
16.351886386772854,0,urban,4.8070907301835755,15,police,40.81427775895207
8.0157572643372,3,urban,0.6709851293443814,17,police,48.301707269237006
9.978510860110589,1,highway,6.9118612898248575,20,ndrf,17.238507863744054
15.703248290466922,1,rural,7.105994935564226,23,ndrf,43.21601997657483
16.491446133827143,2,rural,1.9420823627229111,4,ambulance,35.631979690432715
0.9035200060734957,0,rural,5.454119185792047,10,ndrf,2.522424300123593
28.802302515508497,2,urban,3.692209364831285,7,ambulance,97.14695379708485
17.480384296871122,2,highway,0.49921583738166797,20,drone,12.698008340808531
17.880168210069435,3,urban,3.1160242609223685,2,fire,103.24720358817197
6.738398445737666,0,highway,9.095326069076414,15,drone,11.941800425257956
23.067121774636814,0,rural,3.0024734533505737,7,drone,25.224499994565
22.24930334270936,3,urban,2.2306313549190184,0,ambulance,101.43893321486513
3.3071602154405397,1,highway,9.409128484192486,14,fire,10.35256488748842
18.052333981667648,0,urban,3.8232682088893046,9,ambulance,50.815526365554085
19.916715487231457,2,rural,9.405590556107963,16,drone,30.22710463839988
25.14926114992938,1,highway,8.802343665036654,9,police,49.60316907061555
6.579689778072465,3,urban,4.704645001246717,4,drone,6.013814940886758
26.390226505788974,3,rural,3.849616619579254,2,police,87.05031174073815
14.113691615374073,2,rural,1.3771795297987266,4,drone,12.103516310744517
3.3474467695165213,0,rural,1.906164721524508,10,police,6.595957973964919
3.61582603457084,2,urban,2.3244318194135785,6,ambulance,12.520242722203479
6.3352313833585026,0,urban,4.70353893857459,2,police,13.794549443633834
8.841145826566601,3,urban,3.721134374162889,7,ndrf,60.83862197941478
15.14397123156409,2,urban,8.003843249126156,20,drone,21.037880905278545
22.58816033346452,1,highway,2.9667596013507715,20,drone,21.495958150109473
6.008414109573253,3,highway,4.245197006337347,8,police,16.917146867935944
29.783227937736328,2,rural,1.2270742353754016,12,drone,26.351648069563897
5.264896987224222,1,urban,2.712199742378872,4,drone,6.697881418523814
18.181650047803352,0,urban,7.83020138768217,9,drone,23.992144414515383
27.903742858204527,2,urban,7.071004159420089,14,drone,36.47705991812175
25.0589689748664,1,urban,4.022203665231325,0,fire,85.25433150877264
19.612731449063215,0,rural,5.774732030644171,20,police,32.2067437256714
21.607043405331506,0,urban,4.583336429130501,21,ambulance,51.32277945394867
4.459065987808247,2,urban,8.95220548726927,22,ambulance,19.853685762663112
0.7850600859273228,3,urban,3.946907514236936,5,drone,1.0
13.307389138630995,1,highway,7.2211448060343075,21,fire,22.153944179855888
3.14080832697994,0,highway,2.185291433752239,2,police,4.752068176188846
11.053700576428318,2,highway,4.34097117841732,21,fire,20.348804758575255
7.100412410307259,0,highway,5.2933142195422525,3,drone,10.009668877304112
27.532228310231908,0,highway,1.0464679030048907,8,drone,24.49261518558569
26.461651970737698,2,highway,5.874184757689007,22,ndrf,53.50433545258408
24.658814031664747,2,rural,5.746649893289495,12,drone,28.172317767694864
21.561356803212632,0,urban,1.5875289201289566,5,police,47.41829396854201
5.045121908568797,0,rural,9.986495119147943,8,ambulance,14.318006417448565
1.9268390728749716,0,urban,0.924932883088283,7,ndrf,7.098892705450202
19.789691806713428,2,rural,8.953034885142703,22,ambulance,53.176823892372276
19.44661504666543,2,rural,4.915156466608926,9,police,57.19087895911259
11.39801640025719,2,rural,2.227049611675025,2,drone,9.696307287431493
14.444256659850113,0,highway,1.1279873186730294,3,ambulance,13.623910999422126
14.929906953020687,3,highway,6.994201130105262,13,police,37.148667400678725
7.577879916021938,0,highway,7.544504152521464,0,ndrf,10.155370093127116
9.767915051273784,3,rural,6.734406826237429,5,ndrf,45.7071254172641
12.842491862573297,3,urban,4.198708721969933,14,police,66.9849057747993
18.2937813823919,1,rural,1.7257369903382636,20,fire,38.45799877938449
28.696666577513078,3,rural,7.895379029260965,2,fire,130.08944454754536
16.38529598081168,2,highway,8.712304710634182,8,ambulance,37.30113381549494
22.069335331524446,3,urban,3.918709059063797,9,ndrf,185.60600821257472
24.30653252066882,0,urban,8.41217558425238,20,fire,81.299585989447
3.8484895786023308,0,highway,6.3560023516809405,18,ndrf,7.730769310155091
19.76717769284126,3,urban,5.26978317667806,22,ambulance,103.10191515853394
14.722266247505521,3,highway,6.106052958502764,14,fire,40.375391442241586
17.386712796312818,2,rural,1.0775092048228296,4,fire,43.04027520405673
1.6332996051868154,1,highway,1.253990188823103,22,ndrf,4.315228637827686
27.233364228147863,1,highway,7.2670386643561145,18,ambulance,45.004243947325065
28.607132412475778,1,highway,9.699470895037976,15,police,44.43825826530785
0.6027167486960467,1,rural,5.078041414000879,8,police,2.625603009564549
6.777351965224571,2,rural,0.54000704715915,19,fire,21.28010548713061
5.815728124414024,3,rural,0.6807335571247575,9,ndrf,29.988257425994025
23.548483259755617,1,rural,4.6736469836668935,7,drone,27.823062758943045
18.1433617437987,3,rural,6.57664536001321,6,ambulance,64.10071436776154
5.731343067253586,0,urban,1.548766564384314,15,drone,1.2865425952017713
24.51214318190638,3,highway,0.33034893488120054,14,drone,19.30206010604109
10.927508718269578,2,urban,7.2946928308818295,5,drone,14.43326468491213
14.09527785064652,2,highway,1.4613151511985711,8,ambulance,22.191117200965195
11.92554485695904,1,highway,4.3817998400890055,5,fire,16.286515337375185
15.880716090016271,1,rural,7.341361560881792,17,ndrf,53.787701785264424
14.664202830447397,1,highway,1.2529498253409754,8,fire,24.858378217156638
8.600228078542058,3,highway,4.427531648596573,18,fire,29.940549158762728
13.02440310606829,0,urban,1.1145512760562382,5,police,28.34005129640255
27.295945920701854,2,highway,3.4750808751233153,9,drone,26.262694349022627
15.33537702613773,3,rural,9.124332954520726,0,ambulance,58.78418623935511
27.533399107460077,2,rural,6.861332201197588,0,ambulance,67.39413037647607
16.728747910629956,2,urban,0.23093142507831899,0,drone,14.699165877646765
23.180110151292684,2,highway,1.3447680913629267,1,police,33.06143845635795
9.160943634961532,2,rural,2.9382056836780612,22,ambulance,20.408258114459517
23.817197956310032,2,urban,8.955491984223144,6,drone,33.036781985261406
8.297487583057075,3,highway,7.470863392197864,12,fire,24.73814688327013
1.0767241634677038,2,rural,6.174929558884999,22,ambulance,5.735479427484904
5.241503823741945,3,rural,1.525947984063396,11,ndrf,18.69869798415325
1.1387598134450867,2,urban,9.288746871592156,9,ndrf,10.262777486114274
28.438347935797143,3,urban,8.081291468381167,17,ambulance,212.94111173788482
29.99932210232198,3,rural,2.394256890809001,17,ndrf,151.3355301982413
22.98579277677586,0,highway,4.043258897657175,2,fire,26.04379781254518
3.689780830671835,3,urban,4.283837985673241,22,fire,24.284271732327117
27.018891079813162,2,urban,5.87506373558973,2,ndrf,136.44941802044647
22.44139740635008,1,urban,3.7481039142505534,8,ambulance,76.36791868031052
10.301213204361593,3,highway,2.1002652143236276,22,ambulance,22.027840342318346
15.317198398363498,0,highway,6.6698951959049975,13,drone,19.474080824754797
20.021900567228084,2,highway,6.775550404695272,13,drone,24.39258316397212
1.2094890323615013,2,urban,4.423855365795854,20,drone,2.4198271154687356
15.295456906946907,3,rural,4.866524791771047,10,ndrf,84.16767079558052
22.105665281022063,2,urban,0.5067017689950792,14,ambulance,69.90113398692782
6.0526484709418185,2,highway,4.560988390858716,13,fire,9.225220914154601
13.591821917640324,2,rural,8.003982533783873,2,drone,18.204745805358268
16.209638810955532,2,urban,5.914824873096686,7,ndrf,80.9016859779692
22.19917847279735,3,rural,9.206990289618819,18,drone,33.207983060017526
28.95138446839667,3,highway,7.165133649548961,7,police,71.77234250629215
25.5241286661266,0,highway,7.776370487606176,21,police,29.161943481459282
18.83479339678353,2,rural,4.584156738072411,23,ndrf,56.878080443779126
17.717399907626874,1,highway,1.7344939508777935,18,ndrf,32.08609736130011
18.294007445643786,0,highway,9.121850863982297,0,ndrf,30.357441653700633
16.582769958463327,3,urban,6.591964849983961,18,ambulance,116.2295761611167
2.2512049676382446,3,highway,9.094746124941652,23,fire,9.320614872349356
21.09974364035205,3,urban,6.1752245506690615,18,police,153.97363753101126
21.631935603823287,1,urban,4.5448094053508985,15,ndrf,79.60610073790451
15.61817068687731,1,highway,1.3473913145603833,14,drone,16.295647638320837
26.17643435937502,3,urban,3.9770478764012154,11,fire,158.25480431898802
20.336885681322016,0,highway,5.9755348993502055,5,ndrf,27.21338180405804
11.198607406782001,0,highway,9.30764268625362,11,ndrf,17.463756411294494
1.0809834311597104,1,highway,8.293075853983003,21,fire,4.333525185036054
2.2452685716815624,2,highway,5.1314166838398005,2,ambulance,4.420986633168977
10.878048718432696,1,urban,4.479909073978878,3,ndrf,43.935282695534184
14.132107093361144,0,urban,0.3327337784848994,20,fire,36.10517516470035
5.422698025498539,2,highway,3.511884102937893,19,fire,12.946125517637777
6.085185039467647,3,urban,9.813177694239794,12,fire,48.60941305553455
7.29123508399042,1,rural,7.410253591056357,8,fire,24.140660722777703
23.525143517500045,1,highway,5.247490544102091,2,ambulance,28.974169524323543
23.252991308077256,1,highway,8.622995762856243,16,ambulance,32.20334061283266
11.796700069706475,1,rural,0.23055832609483629,12,drone,9.836889960966925
5.584749256739677,2,urban,9.576242210153021,19,ambulance,31.34234243014746
3.7717973593723424,1,highway,6.9966873026931,8,police,11.562779806597488
3.07031470539161,2,urban,0.13314147269006815,19,police,13.770157796034631
12.042737901531478,0,urban,7.055318086990701,22,ndrf,40.25332165079702
1.8435017829730223,2,highway,0.8312784936912199,3,fire,3.1089949944463156
10.342233595226883,0,highway,6.395972693547711,18,drone,12.147577606219345
28.865230654963554,1,rural,3.0088563966878668,14,ndrf,66.63467359290918
15.471386160496142,3,rural,2.1209223981637235,9,police,60.52513752609482
24.768017376638074,1,rural,6.28081477037436,5,drone,28.823498048014475
4.313345403914273,2,highway,4.340407734325046,3,fire,10.557021283508043
8.408324081086292,1,rural,0.6452301833069973,2,police,16.3283444411545
28.42312011404826,3,urban,8.223428748671909,6,police,178.95875170084406
11.814780959553696,3,urban,2.661227367291039,12,ambulance,56.247113394877815
19.62798078922551,3,rural,6.182102631607968,12,ambulance,64.8784404385543
29.295739985296386,1,urban,6.093606526496096,23,drone,33.0796863622838
16.748238811756696,1,highway,0.5616115669595523,17,ambulance,19.522071742999284
9.50770550224771,2,highway,9.973165502364122,23,ambulance,18.41260920163477
16.192479450585836,3,rural,4.476605428863214,18,ambulance,64.78726100240998
2.1117973802603496,2,urban,2.0535663902435797,13,police,8.152802267148504
3.8149112857343894,2,urban,4.3674768842337075,19,fire,23.107325413161423
0.7115475990419626,3,urban,6.030619463638701,18,fire,6.9992221809136925
26.584196226167627,3,highway,0.030397805836501757,19,drone,21.2890325255545
20.30277265253807,1,urban,3.0013355813478046,5,drone,18.88049485495423
9.300728071416069,0,rural,5.363302509574752,17,drone,10.619248902788662
7.024261866615485,1,highway,6.94476980024267,5,fire,13.090697527021666
20.65075973415451,2,rural,3.133059605119536,7,ambulance,41.35517655211543
27.626195911165834,3,highway,4.039096531192849,16,drone,28.873690001701817
9.324603186037265,1,highway,2.2122842920593024,12,police,12.178805660640107
9.985993726910063,0,highway,2.9304032596850362,18,drone,10.488201500850243
25.7001013932163,1,urban,6.87357427306985,17,ambulance,100.7907688549275
26.854586568570692,2,highway,3.372618581421847,17,drone,26.883659995809822
27.464078721478465,0,urban,2.7961961737601615,3,fire,72.28524488525409
9.148049136197496,1,urban,2.9855992512521636,2,ndrf,34.07168569820443
4.049220744092292,1,urban,6.126430420180711,5,ambulance,15.42977539142409
13.47992837395699,3,rural,5.608167934848379,8,ndrf,76.2115958180494
9.225063521664842,2,urban,4.0690139144491635,19,police,43.40862867320312
26.574066670949154,2,highway,6.323162940562744,1,drone,32.533725202454264
1.5807307832045738,2,rural,6.4279428799170795,12,ambulance,4.807061329806497
19.199473854270032,0,highway,0.13109563726653284,18,fire,23.95981186966896
27.23235028956936,1,rural,3.3905951301659876,8,ndrf,78.41390963023352
29.311775820778948,3,highway,2.4428887849789236,7,drone,26.566461509617113
19.678852679292273,2,rural,8.291215853386714,4,drone,29.223681880870142
28.522727232160207,2,highway,2.754360929019212,10,ambulance,47.70554656952423
2.731954147439485,3,urban,3.1729609188435717,14,ambulance,13.496998286069156
11.098711206889073,2,rural,5.377874479064747,13,fire,32.477018122685635
0.7570835711386439,2,urban,5.4739929894572645,20,ambulance,5.337834793122955
29.444921279629142,0,highway,8.109735085268452,0,police,35.11146439193898
27.130431123617626,0,highway,3.8792828037863982,7,police,27.723276283343605
1.32755040932194,0,rural,2.8116424212612534,8,drone,1.0
1.0349131885630962,1,urban,6.082433220995705,9,ambulance,7.533716127632364
11.325600076137802,2,rural,7.282810410468922,17,fire,42.966865120997156
8.126870020331603,3,highway,9.925975075648727,2,fire,26.611818514764096
25.484502178653816,1,urban,6.1829881966303555,6,police,80.75123598731564
5.234289896519938,2,urban,4.907335745828723,1,fire,23.600343574906955
23.824159149675292,3,rural,1.3306801114937616,13,ndrf,88.63938980661435
16.856561149724566,2,rural,9.869230848149078,23,drone,25.64986980283001
11.63305725644714,1,urban,6.84991815146954,23,ndrf,48.73089826398427
4.798732971134673,1,highway,1.6501743617948728,1,ndrf,8.957634213342061
29.931893525810295,2,rural,4.596772905875325,2,ambulance,64.82365450487382
18.730590567185335,1,highway,5.603023355897843,13,drone,19.997686610968856
13.46177586075583,0,highway,2.1687730702224597,6,police,12.870175086297214
11.448262918305584,2,rural,7.324814329898946,5,ambulance,31.116359290388075
27.21898280361023,2,rural,6.503375562897967,16,ndrf,88.6878700619575
24.72515834162745,1,rural,2.33747354411923,7,police,41.82513630472279
24.4299807568626,0,highway,9.897563706854468,14,drone,39.95405696908455
18.67785495239059,3,rural,9.486685209720411,0,ndrf,99.44450936087217
26.694719189526154,1,urban,2.6552110963231366,23,drone,27.051077476222584
9.328711977601078,2,highway,4.418121546099266,2,drone,10.366386523035798
21.259330987317036,0,rural,8.94787941580865,0,fire,46.55721750326875
12.431208400560829,1,rural,4.062958432605246,10,fire,37.23742714998087
18.199964852510917,2,urban,9.54820516907971,21,fire,98.56564959477527
29.94551351807444,0,highway,2.004075363753528,15,fire,32.48292081058854
29.543481029921892,1,highway,7.240222856300404,11,ndrf,52.71208302566653
15.622260985789723,2,urban,5.995060671175652,6,drone,19.346956058344052
17.428971838862324,3,highway,3.461849365311612,5,police,35.832631287383315
26.97099218955038,1,highway,7.177925534869799,15,drone,32.93069439785052
29.576253519158723,0,highway,0.24210509517040069,12,ndrf,29.9669469467706
23.468930177469353,0,rural,2.3086984934879706,14,fire,41.22732716321541
2.422941509779606,2,urban,2.6129552855620295,9,drone,1.0303122936472584
10.017872163143986,2,urban,1.1747040668925735,7,police,34.96086491130249
26.94858902764908,2,urban,0.33961104436453504,4,ambulance,78.04302402806202
23.166398922589178,1,highway,3.529475069797985,7,ndrf,38.340078280037524
22.395875595220602,0,urban,2.1827465998832363,5,drone,18.58228439766634
20.203735298810162,0,rural,1.3286694955046197,11,fire,32.7726249400888
12.750283564155314,0,rural,1.5731074437314463,6,fire,23.373456108373563
12.395618950168702,1,highway,8.26266468960828,19,ndrf,28.439680789534535
24.363508383928632,1,highway,0.9490287151940058,13,drone,21.807402731082043
9.166518607069593,0,rural,7.248552262285245,7,fire,19.3781331847125
20.702540244678715,2,rural,0.539544201882578,1,police,42.66018459649448
21.92315144100672,1,rural,0.40632011513158206,2,ndrf,46.16428796403758
25.4144016861651,3,urban,4.422430336974355,2,drone,25.961030712436013
9.936624925856965,1,urban,3.818530146685556,7,ambulance,30.308480488892535
22.385733371726964,0,rural,5.457485186513287,7,ambulance,34.611286074810785
3.6414519785712627,2,rural,7.026430761868,1,drone,7.913616504378752
4.572821004081189,2,rural,3.0981071611619324,16,police,10.493723457303142
12.811413185115345,3,highway,1.9440734886640487,12,ndrf,31.841992894587275
2.129160402479795,2,rural,8.221168111524632,23,ambulance,6.98369585385696
28.45710048322748,1,highway,1.6530693650700246,21,ambulance,27.635647030299364
27.105926410026136,2,highway,7.984527374119089,0,ndrf,61.75028681834348
1.9435440180123729,3,urban,5.87146875675551,16,fire,14.54800164284278
25.230195795822222,2,urban,2.8936998328589327,23,drone,22.379320012800175
15.511788135655747,3,urban,3.1425906401358317,19,police,99.28700245973867
21.207905207019724,3,rural,3.706294612747195,16,drone,20.02067102854295
26.664469494296526,3,rural,5.9107972779720255,3,police,95.62040722407751
17.520747368792108,2,rural,9.796267807841486,21,ndrf,67.02966325401896
3.931649458396569,1,highway,3.18273019017697,19,ndrf,8.776921238405867
0.5760690093542944,3,highway,9.418679117082121,12,ambulance,2.875423494173581
15.159185201417673,3,highway,2.0514685229945506,22,ndrf,38.239850951423975
28.502347897668624,1,urban,1.1295811733640126,11,drone,27.338466910813043
17.39234521258928,0,rural,5.321137819814239,12,fire,32.62424126995688
11.501704573602762,3,rural,9.76480870708742,18,fire,75.43480592689674
1.412199503886944,0,highway,4.848637948320228,17,police,3.2366361019637093
27.491892809706908,3,highway,7.999150601879059,13,ndrf,90.08477302829316
10.151121495312244,0,urban,4.725463320167541,18,fire,36.490879744547456
21.290933338795337,3,urban,8.50001813041523,21,fire,160.08117630368156
20.979997462288214,2,highway,8.127407597219971,15,drone,27.63442819420254
7.989553260378063,1,rural,6.861924998258741,21,drone,13.54990081330131
2.381436440591397,0,highway,6.154105959438239,9,police,6.134338231901063
11.857511170819384,3,urban,5.181428271504883,12,fire,74.41442092160635
9.855364908197396,0,rural,9.567589050915394,15,fire,22.076864043929685
21.157563766733613,0,highway,5.5737984149486,13,fire,27.517228069317856
24.68358362196525,3,rural,3.3713806173809546,4,police,79.765478567962
7.062139813054403,2,urban,8.822170863049728,10,ambulance,40.42425243817441
16.08281655840505,0,rural,6.600348706293037,3,ndrf,35.04157099103962
1.697946247950769,1,urban,5.581730053126773,16,police,6.627586159117007
6.820546776537126,2,rural,6.8217057538495105,19,ambulance,24.119573580326755
22.97196735700145,2,urban,3.488721156763428,16,fire,94.47027872334716
23.905250454427637,1,highway,4.208529892748438,20,fire,33.932965572315396
23.403931671828197,1,rural,1.955947599588026,15,drone,20.322492731578482
4.700443787153969,0,rural,8.550208107335958,9,drone,6.01854607075281
16.75552446031831,0,urban,6.655920737031236,1,ndrf,56.38120343166275
12.969898226079795,3,rural,8.242617353835444,0,ndrf,64.43953826396765
29.748845755455168,0,rural,3.1739056898575937,23,drone,29.612865897290675
19.795061137220916,3,urban,9.954373098679023,18,ndrf,217.9809438923279
28.088461696174008,0,rural,3.5721017413306653,8,fire,62.29342968487465
4.787833997748909,3,urban,3.53713027632807,22,fire,29.331797090559423
13.800761556456758,1,rural,9.60635459457832,5,ndrf,41.81840641792306
23.262424203123125,3,urban,6.550648821908748,18,police,172.36448583371217
11.351802976896877,3,urban,9.33442328402579,5,police,75.59009438471598
19.15900063653258,1,highway,6.231418862998845,17,drone,24.583708440814185
15.59521408502299,2,highway,2.4647480566331357,1,drone,14.173493513033359
29.761917571930773,1,urban,3.9073650762511694,16,ndrf,109.05105822700932
5.629239931931998,3,rural,8.5891237420719,10,fire,36.308375495435556
28.09278651223877,3,highway,4.8946192923979766,13,police,61.38002052578924
12.346343137197255,3,highway,7.08979622931023,0,fire,34.111362568993
14.305792508130187,2,highway,1.665287659825283,8,police,24.456897488427177
16.093755568854377,1,urban,3.9976860810000003,3,fire,57.06897133596947
8.328313208290606,0,urban,8.394571840140744,14,police,26.138238853907744
28.927894557018394,2,highway,9.410103377188257,0,police,54.875375013992986
27.38887255442629,0,rural,3.243006642619931,21,ndrf,49.61329522226333
29.2007004562352,2,urban,1.7257281836573923,4,drone,28.66434436082338
29.909127380180927,3,highway,0.2342083872613021,12,police,53.88360156987413
20.259102807838676,0,rural,1.2738445573397361,23,fire,32.94071716056894
13.824722126269469,3,rural,8.356678949467103,9,ambulance,67.29639876578486
25.59665009414099,2,urban,4.556839516721913,12,ndrf,118.15530121146563
1.2022438961719875,0,rural,2.9162147700957455,23,drone,1.0
25.11491931904835,2,urban,7.756600616233515,1,fire,124.84667171782762
15.169937714224696,0,highway,7.93445920925925,13,ambulance,18.946860785288678
20.359990798960823,2,highway,3.6216046323179,13,ambulance,28.07847964282884
11.534358809603974,2,highway,9.013676440564005,17,fire,30.810203578752013
11.374383039071068,2,highway,4.631123331442202,14,drone,10.043048328624158
1.4356560079211875,1,urban,2.6123118092596966,11,ndrf,5.707449220284715
13.001788197655893,0,urban,8.997558913540184,13,ndrf,47.609405911062204
12.546448764870236,1,urban,1.5295147784890106,6,fire,40.806598505607894
7.131337505108102,3,rural,9.959435192739457,8,drone,13.075802511411405
7.796036569423141,3,highway,6.132522264631803,22,police,19.517959267129736
17.732117623054094,0,rural,9.153474644025678,15,police,33.816317611673114
9.87425755491534,1,highway,1.7883580741446359,16,drone,10.287511597316657
24.992431316010048,3,rural,3.891112645429474,3,ndrf,103.90517937640568
3.7858606522834615,1,highway,8.73250932634735,9,fire,8.46208325410278
17.540525923963788,0,highway,8.371008839004821,5,ndrf,25.744992076300257
5.221319450603519,3,highway,8.718511498407223,22,fire,18.61735040574132
16.083098494159433,1,highway,2.8045914995374686,23,ndrf,24.33696232983248
16.800103665034403,2,rural,6.176180249138793,8,ambulance,51.9264459810858
19.44778175250901,1,urban,3.895985276576277,9,ambulance,66.26215771842398
13.109035944550364,2,highway,3.207744034612915,16,drone,11.863063500676798
15.529503211313006,1,urban,5.20127603271882,3,ambulance,45.838749493767686
5.838102174398153,2,urban,7.150529474613573,13,police,24.746671402499274
14.158952817221724,1,rural,5.185178307956107,5,ambulance,24.178574445818402
11.50439647828157,2,rural,2.304979079914532,12,ambulance,23.321210215260034
20.150867587305086,0,rural,8.07492633625541,17,ndrf,58.18223821412464
13.327240843146338,0,highway,9.777886794600828,17,fire,28.75308127246027
23.490578703916498,2,urban,3.6287862247297276,2,ndrf,105.10475234935895
13.066766907923919,0,urban,8.492528189584927,6,police,38.79925324306877
7.45524960273178,3,urban,8.63862771774489,8,ndrf,81.81697350249289
8.573817209278246,3,rural,2.6052124057145676,17,ndrf,42.5208207833046
1.8359141402032788,1,rural,7.053071277872386,7,ambulance,6.437424629224026
16.42760491272685,1,rural,9.384172017113023,11,police,37.762919202796056
25.010986075059492,2,highway,7.398559413344642,5,ndrf,54.96306375474227
23.18879535111832,0,urban,0.3002176358656461,8,fire,75.48237951779284
13.414789256984905,3,rural,6.045192319021862,11,ambulance,47.02581209824197
6.28555047676311,0,highway,7.784514171504941,5,police,9.08448121001878
25.972791077274856,1,rural,6.181365822222286,2,drone,29.146088705377434
2.175040504329518,0,highway,0.28739844581413654,3,fire,3.7838949703726823
12.277070393473574,3,highway,1.2016908344224153,10,fire,35.170398689576324
25.770146700326556,0,highway,8.016222875906582,3,ambulance,26.522392983485414
12.098712278423795,1,rural,4.880533609529865,0,ndrf,26.71891854843556
3.9773263873303177,3,rural,9.579768754376012,20,fire,20.025052597794314
8.345510260200985,1,rural,4.149815892583653,23,ambulance,15.75771623811476
18.200868531416976,0,highway,8.217082647918055,12,ambulance,22.72140400334121
4.9850592769898405,0,rural,0.3549254083069553,14,fire,8.208317043540198
19.820592141849495,2,highway,8.4101473023958,3,fire,42.548229286802
13.425776970377749,0,highway,8.590577076779844,1,police,14.684767993560165
10.364490274205396,1,highway,3.6207582921296266,1,police,12.286573131758118
7.607301675433334,2,highway,3.094520414632751,4,police,8.74574927511685
24.78823458277293,1,urban,9.099087775168735,2,fire,108.6632247884489
12.201881450170346,3,rural,7.777047243344743,17,ambulance,57.676169807911066
22.285138335383717,2,highway,5.97948729013385,18,ndrf,58.30535386406735
13.49047818280284,0,highway,4.363449313859639,17,police,19.003597913192266
3.210082013159993,3,urban,9.120866183548543,6,ambulance,25.323883976113027
13.494926267434183,3,highway,7.472220978789559,8,ambulance,40.15181110740323
15.476789502205037,0,rural,4.168359104793228,8,drone,14.67021340523526
14.006344708054616,1,urban,4.9672013303474305,3,drone,18.407776815484908
24.579130496574038,1,urban,0.9843165534649656,11,ambulance,57.99972768433144
27.370114796769364,1,highway,8.107449990456653,12,police,40.93291299961799
23.709970918725503,1,rural,8.417022751223733,4,police,52.494349575570595
17.692066115223312,3,rural,3.556422409520932,6,police,58.08863459927229
16.472773836369278,2,rural,3.09653733918527,11,drone,13.937261229684117
19.51617288864794,3,urban,2.5223415428126303,2,police,100.27277352735555
8.990993744961548,1,highway,1.734587185527916,14,fire,12.302418327113585
24.44948196138621,2,highway,9.477851172875768,8,ndrf,73.71600356224062
25.777021239308,0,highway,7.590334870442501,17,drone,34.55732414793089
8.382906313864002,1,urban,4.334055009368878,18,ambulance,29.82164374685867
27.13313714013229,2,highway,1.1017050912102067,8,drone,24.108613763090652
25.537615357754188,0,highway,1.394370883599031,8,ndrf,34.818122274740865
13.022359640734052,3,highway,7.097884170243026,12,drone,16.86752765982598
27.315505961735994,1,highway,2.030810395196597,0,drone,23.91733331149434
4.05295031743949,0,highway,3.47873965877291,4,ambulance,4.2646526215901215
1.3256034966625607,3,urban,9.570091264607886,2,police,9.376585580808248
10.762071355024604,0,rural,5.811979037065193,6,ambulance,18.99295055395886
17.180353115406678,1,urban,8.083472758356645,14,ambulance,55.91801673342616
10.867557128719552,0,highway,1.0388133860516036,5,drone,9.394532005552332
28.290998143305107,2,urban,3.3038619232773825,12,fire,117.2733831110802
8.01395175712678,3,highway,8.956070526746387,16,ambulance,23.044395444519033
8.795795110984029,0,urban,8.104630842591234,16,drone,10.946002578066105
19.227414570073226,1,highway,7.234499840222513,12,police,27.25030418678182
0.613984529080392,1,urban,5.874048685553932,13,ambulance,2.3918051204663344
21.962933044460677,2,rural,2.6894006383986415,10,fire,70.99260750601093
11.635349751248137,1,urban,5.854805522271636,11,ambulance,36.85203317146896
29.343562095477232,2,rural,0.5075995854605642,19,ndrf,90.91023080481872
20.896818994377583,2,urban,2.0229419379053937,11,drone,17.71433674580773
2.0403411749291207,0,rural,5.18265260589409,8,fire,6.284105107400886
3.2325203578882222,2,rural,0.01977331014858419,23,drone,3.6595106557837234
3.1009591542626773,2,urban,2.322268352470558,22,fire,15.924593724551459
28.60235666681234,3,urban,1.52248028675382,20,police,132.66515581119566
20.679520465918838,2,urban,3.4551278086248303,19,fire,112.19546545445147
13.114377215023604,3,highway,8.583532110131506,9,ambulance,42.588309539259804
6.414239351460916,1,highway,9.474191007977812,23,ambulance,10.361700538720847
26.272372519856194,2,rural,1.6505840997939425,15,police,52.755985803286634
6.4458998663045435,3,urban,2.3107461136194942,21,ambulance,30.181061511633413
21.347036886036616,0,rural,8.468772633847104,0,drone,31.65758434082027
23.018068665587705,2,urban,1.726761940085182,2,drone,20.694197532159553
9.192354621234545,3,highway,7.413164441104536,0,fire,27.42869718801944
15.394984746533947,2,urban,0.8547845868213244,23,fire,57.41007906615188
7.0781838283926195,3,urban,6.483051007679832,7,ambulance,41.013619356206114
11.678424894937194,1,urban,2.6570012255798425,0,police,32.93061242110058
28.97146474926026,3,rural,7.49561234619054,18,drone,37.21552944203034
20.947572022305692,2,urban,5.193732298684026,18,fire,119.4717840170439
25.475119082620196,1,highway,1.7889501892311144,22,ndrf,34.453003761312054
16.44768735826886,0,highway,4.022290474096387,13,fire,18.611757008745606
7.551672393465006,0,rural,5.143528359229988,16,police,11.09061297972879
21.52995577168221,1,urban,9.959767688157164,14,police,81.0441963832238
15.26675484332171,3,urban,4.803623944294438,16,drone,13.873859843559279
5.7170416091582315,1,highway,1.5123968075162941,12,police,8.571158596968996
12.666681743737202,1,rural,5.552277910527767,0,ndrf,31.073954015058494
19.227786460981026,1,urban,2.202125667370379,4,drone,17.197015643130445
22.192289772126028,1,rural,8.795656225266551,22,drone,32.13527818980561
7.675013478765376,3,rural,8.340681668873968,1,drone,9.829079242746598
26.341921510805268,1,rural,1.2864712129265865,2,ambulance,39.23916137116678
11.696757658703001,1,highway,5.883752971221734,19,ambulance,19.49815652505006
8.498533177836077,2,urban,6.96507232396131,22,police,39.137968520068284
6.256041635884881,2,urban,2.516644846279367,10,fire,34.88196390495239
24.223054364887723,1,rural,6.263751335895554,3,ndrf,63.26867676789682
10.947854961498843,0,rural,4.626886060902397,14,police,16.17993316880403
14.760271322694072,2,highway,4.820786953483776,0,police,23.3931934180239
7.073184795134331,2,rural,5.5129055293681635,8,ambulance,21.74533349591327
20.73968659948348,2,highway,5.701374491400635,13,fire,41.28067680109094
23.54048552279646,2,rural,7.097980588888771,21,police,62.86568399448644
10.513044844123577,2,rural,4.524278614251856,2,ndrf,31.897963572481636
28.37984186845636,3,highway,7.226356087846357,14,ambulance,61.48722948897888
1.4030129820269646,0,urban,4.859355695802471,0,ndrf,4.523641558329419
4.421821546584191,0,urban,6.628164173285038,11,police,14.372979852212207
17.86921743103448,3,rural,2.6310991158150587,16,fire,64.90592025244494
21.1915024304272,3,rural,5.417014048225337,0,drone,23.58534395519184
7.89514819051724,1,highway,4.679957522407221,17,police,14.636204864163496
16.84509735829478,2,rural,3.021962928492589,23,fire,45.69886454352798
9.892394287762976,1,highway,0.6231200018367344,7,ndrf,13.268264459222316
16.845632745836912,3,urban,5.101913972786861,18,ambulance,111.75628205020162
19.950166494045448,1,highway,0.09755061208099436,12,ndrf,29.03514887628042
29.197837580287192,3,highway,3.8983025347787215,22,ndrf,79.90898584701934
13.943057370624919,1,urban,3.706549026588255,14,police,39.97050808628245
19.622373188005728,1,highway,6.337532521334028,19,fire,39.17264539147456
17.55215781363799,2,highway,9.874289361408003,3,fire,41.5710803218026
9.867869369683403,1,rural,8.58001198865108,6,fire,26.956010054106496
7.9653918850827505,0,urban,9.750838112108598,10,ambulance,30.513489323903723
29.642186291469347,0,urban,9.509370843353452,21,drone,43.1137047958775
6.602144670194702,3,rural,0.741127417580596,15,drone,4.687353937525425
23.813120378689984,1,highway,2.8194738411939166,5,police,26.52835887824585
4.82432803511245,0,rural,2.9698758068996,21,drone,3.140447724607536
24.228362446156897,3,highway,0.7102054547443637,14,ndrf,57.84147641832514
5.978989068191668,3,rural,8.466505764833101,10,ndrf,41.272407691589954
29.031120998476926,1,highway,8.953293361763912,9,ndrf,68.03094082862363
20.736635868948262,2,highway,6.049739986704869,16,police,30.815174818697805
3.158488188436952,3,highway,8.909909269440446,21,police,9.917332992099347
20.94872502404082,0,urban,7.143691638578681,12,ambulance,54.459528595309045
18.30681250205578,1,rural,4.40553943145685,20,ndrf,43.714081799128884
10.457614277471775,2,rural,1.4986439595249323,16,police,21.880310404765556
8.191711933823083,2,rural,9.584966655537958,1,fire,27.677786861476463
21.70344306157049,1,highway,6.9227870053065015,18,police,38.87234260913046
22.37016050202104,0,rural,3.5418390896125507,13,drone,22.77501456858013
10.15257254409983,3,urban,1.2860026583166484,12,police,47.85239434115101
26.348699769765357,2,highway,7.9896976400558986,14,police,44.40890533571013
8.430402957210493,3,rural,8.020149776933,1,fire,40.080683519376365
2.561000566256925,1,rural,5.430091821782243,21,drone,1.9660543593551036
18.19610142241357,2,highway,9.999570912800905,21,ambulance,34.67344247310333
3.658581898532676,1,urban,3.864203046243545,23,drone,4.364546365157504
8.661589895861315,1,rural,9.420649496551833,14,drone,16.71497937647247
15.46199859492892,2,rural,6.302620684545267,5,ambulance,37.26887632399779
8.94760885954028,3,highway,7.36422387335558,14,police,26.261588682561552
6.84239210139131,3,rural,9.170770510772469,6,police,29.768462822264272
21.243969739716807,2,highway,8.311513765468426,12,drone,28.579809781104952
16.63648057136772,0,urban,2.8866790207571515,19,fire,55.67906565198338
25.272956823383275,2,highway,8.672347287199514,4,ndrf,56.98024540599406
17.64656804233659,3,rural,5.397087443844883,10,ambulance,74.50881265636916
14.761692747326462,1,rural,0.4482885136021786,11,drone,12.773862744504735
8.207062372518251,2,highway,6.738179446059633,22,ndrf,15.90385315216161
23.86594331519327,1,urban,4.996976474209748,12,fire,85.69025729541174
6.307694752648834,0,highway,5.366237902784024,8,ambulance,11.636630128373426
7.645738123708228,2,rural,4.115253388716643,9,ambulance,19.653401613106773
25.326863604215564,1,highway,0.640852235314312,7,drone,22.950250601298173
22.36517950901173,2,urban,1.802133514710682,3,ndrf,97.10702032712292
18.579767924895854,2,highway,7.56454601282506,17,fire,45.743323569129075
1.648155658203916,3,rural,2.3422876633204472,18,police,7.613826188978788
4.254099739399431,3,highway,6.277266930870937,4,police,10.341038085695827
15.248745075534485,2,urban,5.418602633856673,10,ambulance,72.61996713621642
22.516998242745284,0,highway,2.2139849297332894,18,police,26.21353065317278
14.190975493658787,2,urban,2.805713034335766,16,ndrf,62.350905858710455
1.010144220236101,3,rural,3.8356761749368973,1,ndrf,6.69911770308696
5.935964960671241,1,rural,8.8018639382344,1,ambulance,16.46921723345727
17.868617638796433,2,highway,9.413061836193688,1,drone,27.41230707532906
20.979403260795742,3,rural,3.8675548137377893,12,ambulance,63.80950004109195
1.4861352250011794,1,highway,0.46150966118784553,21,drone,1.2904614877036313
1.7782867270847598,1,rural,6.008983681797949,1,drone,3.5208493750316485
8.208648405962707,1,rural,4.175758039536822,16,ndrf,18.393564332916416
2.9633000139036656,3,highway,4.92315298129534,17,police,10.07059582939195
16.48741384970426,1,urban,4.419504246988844,23,ambulance,44.91487879362836
4.149208467722074,1,rural,6.545735565496681,13,fire,9.708223048723232
19.622470379591963,2,highway,3.0444011786696734,22,police,25.89944474489627
23.428146919573816,2,highway,8.92631386747462,10,ambulance,51.31886378763776
29.130241580687148,3,urban,4.2124934615720475,6,ndrf,195.03465925838347
28.478005368312573,3,rural,3.4166142001504385,23,drone,25.00110789936878
8.564271931940706,3,highway,9.229449856698585,12,ndrf,31.163438773724945
1.3675832773835983,3,urban,3.5814290796697756,7,drone,1.0
10.217660375297156,1,rural,0.8307299899540077,15,police,16.24899225776183
21.400163502023272,1,highway,1.55336063473134,10,fire,35.48070764865528
2.264135673539909,2,highway,7.142949960099792,17,ambulance,8.403882955507793
11.111523401307146,2,highway,5.623255129054233,17,police,25.903024215681093
9.292019152633754,2,urban,5.346171405964269,0,ambulance,35.19457554069392
6.970696256659813,0,urban,0.8199110385329789,12,ndrf,19.986951983217214
21.3308572645443,0,highway,1.640762053479683,20,drone,19.67708389831542
19.943361648219035,0,urban,3.9621446014844297,15,ambulance,48.860070680173784
16.29707577401313,1,rural,4.480056865993126,17,police,38.86766317167641
27.36785187060713,3,rural,3.7658216617755524,23,police,90.1843166230509
3.5425961555430376,3,rural,5.027442494044414,8,fire,18.86221944711382
4.9158321221048595,3,rural,7.335483696717353,16,fire,22.05485113700601
11.811765536972686,2,urban,6.3570433551897,0,ndrf,63.57479856391869
19.848520529955568,0,highway,6.112854417771726,3,fire,25.529726327487985
17.730339121239655,3,highway,5.577788172611614,16,ambulance,38.82771144995846
2.684259280303993,3,urban,2.009282655734931,5,ndrf,18.99582234424707
28.77353171052079,3,urban,6.046364911287886,18,ambulance,194.41354766158207
9.499412085611048,1,rural,1.5845608189844729,20,fire,19.11773967062203
11.08969210660127,0,highway,7.129148600631224,21,ambulance,12.050695884212288
18.897079071780993,3,rural,4.522875162132967,1,police,64.09251325697215
28.38238276506217,0,highway,5.814606152841834,7,fire,35.749684245787165
20.049303053546524,3,urban,8.627945905150776,12,fire,149.76915442178733
28.66581322165727,3,urban,3.7309729195159056,0,fire,175.70078532138402
6.03393800520413,3,rural,0.9976246962267932,21,police,19.11187275269228
18.75489290470158,2,rural,8.913970061319592,23,ndrf,67.93898349978791
24.951927310350403,3,highway,3.6498378770761866,18,drone,26.932784975514927
15.51622181351799,3,rural,4.0652352228436985,6,ndrf,63.74694152264125
11.184123436965544,3,rural,2.960234709793972,2,police,35.44866486266442
29.550376635940378,1,highway,4.201694908706278,19,police,45.41803390060179
4.659126541701485,2,rural,5.209707619153709,17,police,13.661699645596368
12.62242106209537,3,highway,8.433112888998226,22,ambulance,31.305404133663124
26.264525700539476,0,urban,7.201602856236312,9,police,94.4018034238912
27.064182021924665,0,highway,5.132809115940699,4,ndrf,38.01166510485199
29.421271996013335,1,highway,7.6384681080908265,21,drone,39.92689368323698
26.603003971799254,1,urban,8.477915194290558,2,ambulance,89.73252032344504
2.00323224892867,3,rural,0.5814858635524345,13,ndrf,9.868085480742318
27.9281117390109,3,urban,5.922288399539734,11,ambulance,147.2357234604334
13.130932146500166,0,urban,0.4326815354751079,13,ambulance,29.309171556371027
19.72276602996917,1,urban,3.081155012519088,9,ambulance,64.98066907933683
12.131138140430014,3,highway,7.624162691729435,0,ambulance,30.85890477024823
24.503208260099687,2,highway,7.9128533098333715,14,ambulance,40.09565773531207
17.4896186515216,0,highway,8.838272110722752,5,police,21.424184710978924
25.443566955343126,2,highway,4.9823792346479,2,drone,28.415951910083564
6.2162584098626334,3,rural,0.8413751754970045,9,ndrf,33.67448138367113
5.957001295269617,1,urban,1.2678522794134206,6,ndrf,23.307627032464133
13.491115646751217,1,highway,2.443094740718087,17,ambulance,19.699690651565327
0.6401705763931758,2,urban,3.7218271109124634,8,drone,1.2235398002112032
20.939162169439612,3,urban,5.265608256057151,12,police,116.35589471086948
9.233584970336324,2,highway,6.4593736174454595,11,ambulance,17.728662635294114
16.940330713326272,3,rural,1.6250350644720646,20,ndrf,61.97158367379598
2.5651050335949828,3,rural,1.8896854974193156,2,ndrf,11.384295966223185
5.534008601789472,1,rural,1.7298980915184636,0,police,9.290165080654031
18.87434551564702,1,rural,7.549370520245037,20,ndrf,50.74407330883453
9.51704749977577,2,urban,3.0208784780209585,7,ndrf,41.38888368158416
6.834297306276194,0,rural,1.6671141566622805,17,police,10.778364397675963
7.2509717738291535,0,urban,4.313757216692301,14,fire,19.91339810264646
6.8371712594021155,0,highway,2.4751640144017015,18,drone,5.912006992377353
18.87410300820117,3,highway,3.6929906656878106,15,ndrf,51.45304269352548
5.446890826848985,3,rural,8.24014022189522,5,police,21.77909727721338
11.199837595806766,3,urban,3.3389665127431623,12,ndrf,71.74845729901224
20.79266253500684,0,rural,1.7485939698566122,7,fire,34.69233801704742
15.653296191755693,1,highway,2.3245267455199836,9,drone,15.099690203465071
18.119785687876774,1,urban,0.34357283968599717,13,ndrf,60.93879556642236
7.901755894180581,0,highway,9.01129329632614,1,ndrf,15.041091745682923
28.015088758373565,1,highway,6.969676809816546,0,fire,42.56157934045322
12.7094378253319,1,highway,4.633609943900137,16,fire,18.229703683044733
8.96543613006387,3,highway,5.608648221490262,2,drone,11.587302405233563
27.177622429724934,0,urban,2.540909810456713,21,ndrf,75.87312531352693
19.831043650299417,3,highway,4.0368806122401635,15,ambulance,39.76444766048379
18.61140296258429,3,highway,3.19835617543496,19,drone,15.657735055249105
26.658672238901957,0,rural,8.245433887925177,11,ambulance,43.48704167266141
2.2269384450058403,1,highway,7.434253663436717,16,police,6.802529652087206
25.21154560422362,1,urban,2.8388049055722044,4,police,69.98420378653564
20.496998747000475,3,rural,7.6224782791131,15,fire,91.08878899966248
11.119787446013817,3,rural,0.9393361589960247,7,police,32.81127561199275
8.062364604453741,3,highway,2.0256958333664423,18,ambulance,22.999665175199617
3.5917740465059502,1,highway,1.0637929094645693,8,ndrf,6.896622005303879
28.261688022277355,3,rural,2.382463269118281,18,ndrf,140.50217744756372
4.686407048221318,3,urban,2.2619387496464425,21,drone,6.03440007033121
8.153436804061087,2,urban,9.005545415569337,0,police,40.511170956654475
20.887661797299362,0,urban,3.273895382839249,1,police,47.53064959933455
21.449496917636782,1,urban,3.5521797361914222,8,ambulance,71.26196663178719
5.2426767857765215,0,urban,0.997506252420588,13,fire,12.997441768950932
24.516869242586015,3,highway,0.6598244628182415,20,police,47.358350010180345
15.553474440702693,1,highway,2.193875532811508,10,police,25.89265093389373
25.529472004395714,2,highway,1.3454613852323472,20,drone,23.545320249894555
3.0749190005025637,1,highway,3.446099766476196,17,fire,6.104190736803421
1.7634849732638453,3,rural,1.860443629605939,17,ambulance,10.01259275567303
19.291216254083317,3,rural,1.7817132596784235,21,drone,16.738643416431625
4.9257020147395965,1,urban,6.475366827977042,7,police,16.163795601056886
15.985996849132349,1,highway,9.42105932371825,16,ambulance,23.181693561979372
0.9162083988930072,0,highway,0.12481678219650738,19,drone,1.0
23.507913186171905,0,rural,7.05556079909102,23,fire,46.188767538813586
27.036140020265798,3,urban,6.591976722018307,5,drone,34.59527725595298
25.247041477946496,3,rural,5.850544543209474,18,fire,132.31375880676748
28.77140798793734,3,urban,6.922981298108345,5,fire,196.1627958940596
27.141324762434294,2,rural,5.086994941913138,23,fire,76.50298358327026
13.598531539565775,0,highway,9.26917733421496,12,ambulance,15.570818247869303
12.251272149087574,0,rural,1.5822489280015994,21,drone,9.759418811518445
26.93741820516052,2,urban,4.735514600508685,13,police,101.61447627554985
27.844694463038195,1,urban,6.530383829195918,1,police,88.24877342795479
29.19866047538209,0,urban,9.086987495230623,8,fire,129.175730150957
23.16535842786209,0,highway,4.8743555686451545,14,police,24.230203098421775
6.45867048327072,2,urban,9.769962533877246,14,police,31.5303258895197
28.376147015266312,3,rural,6.564828666503022,13,fire,120.00701696105475
28.440673271078477,1,rural,6.992125382825293,17,police,71.16994242779917
20.150875235432657,3,rural,8.182072220702992,13,police,79.20914762822717
25.7897678573098,1,urban,7.339183040661153,4,ndrf,111.11514117982368
17.05470442433659,2,rural,5.226269218028433,1,ndrf,53.316068184305244
28.35174488964582,0,rural,7.726170718795716,6,ndrf,62.39384665261953
3.27112369946669,2,highway,0.3573295240225416,3,ambulance,6.503705400323206
25.986929046300734,1,urban,9.327672904145492,16,drone,40.40076057877887
2.1373570565956106,3,rural,8.23149864515237,23,ndrf,11.202574830282598
10.503658040431604,1,urban,6.37661175152402,22,ndrf,45.45589434077422
4.492106457150227,0,highway,0.6875447203143858,13,ndrf,6.886161561870992
14.63448522765591,0,urban,2.949238483057658,21,police,33.9104449766991
7.351261660777864,1,urban,2.536281877061305,15,police,23.906087282303446
28.586135190352916,1,urban,2.570249823252527,3,ambulance,70.27739619081952
16.999979342775582,1,highway,6.721023379507535,14,drone,19.219767307005693
26.98305672095988,2,highway,8.761383738924414,13,drone,39.87717803359289
8.702724837008953,3,urban,6.816302485708398,13,drone,12.072927515174769
1.266338018423544,2,rural,3.887597353568326,19,ndrf,9.005222317053622
23.38182260867569,1,urban,9.692364210291764,23,fire,99.128831733889
21.22014096917317,2,rural,8.625823565461832,5,fire,71.06320987874282
16.59200354738871,3,rural,6.854184093700361,0,drone,18.82639110570654
24.552610527011772,0,highway,3.974656488918935,15,fire,29.199900187389993
25.28248899311991,0,highway,6.838274411528536,2,ndrf,35.41933314546001
17.843147586536126,0,urban,4.079951130520247,10,ndrf,70.55208422828372
28.99486985969114,3,urban,1.5518700466484248,22,ambulance,128.60425559745298
21.731502454711155,3,rural,6.188347045911311,15,ambulance,74.98758250457698
20.467823596797547,1,urban,6.981022852307595,22,ambulance,62.307347372875256
11.161942880480039,3,rural,3.4930372587197125,0,ndrf,46.2059599977827
0.5666280687002261,2,rural,9.293078173401694,16,fire,4.161573669245771
7.6078088798782515,3,urban,8.542595613618365,7,fire,60.6882024919054
23.03565495103158,3,urban,5.828525423770101,1,drone,27.75733621896598
21.44120200589664,3,highway,0.6023576065947911,7,police,40.9361198912196
10.265153272487778,1,rural,0.172158373242568,22,ambulance,17.561874595198606
18.954697748883945,2,rural,6.398862823291416,10,fire,73.44858509423803
6.260980644457547,0,rural,8.13805880130889,22,police,13.369903722069933
8.277017718436799,3,highway,5.003528334511222,2,police,18.159226169513403
28.448538770123648,1,highway,0.23487928169422467,15,ndrf,38.21743007440146
12.688826901600038,1,rural,1.4482888171412933,10,drone,11.401059657866215
7.727134031816209,2,urban,2.112449258672615,7,ambulance,25.3904149084262
14.869693281750248,3,urban,6.277557337178708,12,fire,99.4594838910531
11.916968453727302,2,urban,4.8605952593335235,14,ndrf,58.563441319979084
22.021106601798618,3,urban,1.0220679259885768,0,ambulance,97.33561607232578
28.882425141480994,2,urban,5.016744045509585,15,police,107.5076967638026
17.95625402150191,3,highway,8.694928233577937,7,ambulance,43.09225997515489
17.938842014638993,2,rural,4.391150065497018,19,police,56.451978189517526
11.26259883234275,1,urban,1.4976239924459755,4,ambulance,30.299587299995498
17.15661249327121,3,urban,5.780078944568322,6,ndrf,122.62125888969439
9.920201558420576,1,urban,9.293859448982847,23,police,38.4852594303635
0.5322161922140869,2,rural,1.1591044425588615,5,drone,1.0
26.049837099915308,1,highway,1.564077482091144,3,ambulance,26.790755983516025
13.168600522890303,1,highway,5.668427112344434,13,drone,15.233840963621802
15.016610309092902,1,highway,3.3999671804658895,15,police,19.943684540983817
2.9632770050648816,1,rural,8.955606112616595,13,police,6.378296389797383
25.194760145459064,3,highway,7.127638968908626,9,ndrf,96.91196954780054
5.5249435761389165,3,highway,1.4708780618086337,2,ndrf,13.215680947242731
12.61332418413732,2,rural,8.707183867127181,6,drone,19.650611753225743
25.287833638384498,0,highway,6.42292041769435,1,drone,30.149245739001408
14.004596736298826,0,urban,4.9363433845728775,20,fire,40.057613369195685
27.968993896260677,0,urban,2.565464424346906,6,fire,73.23940206725503
6.674771950910346,2,urban,6.497106079132287,15,drone,7.461437314164197
21.599368483665753,3,urban,8.984858340112217,6,drone,29.722274533928342
29.35095644507096,1,urban,0.3847625729613391,14,drone,26.331878397328794
16.71360229799917,1,urban,3.7515000421206524,2,drone,16.73397457227042
20.91942500999779,2,rural,9.356595121872973,2,ndrf,78.9926005109405
12.100186458229748,3,urban,3.8290944584367104,7,drone,10.299135220552703
22.664451521901334,1,urban,0.35870301694266415,6,ndrf,73.32193666046061
27.31178466745001,1,rural,1.0144412392664826,7,drone,21.353134936847614
21.24013922799061,2,highway,6.907600345794234,6,police,39.87154590235604
28.109896985738885,3,rural,7.001205101459526,16,drone,32.50581664236762
17.865253233773135,2,highway,1.150450385906835,10,ambulance,32.05965318271467
17.525554493303407,2,highway,2.1921601053551587,3,drone,16.216635584071582
9.486507949220083,2,highway,5.638729386748196,22,drone,10.794875624246917
21.434010989331682,0,urban,6.865329847841087,15,ndrf,74.0099357733841
26.517599391806584,3,rural,1.5679024564762056,9,drone,22.111592717294155
19.566328670803472,0,urban,4.5638234184101485,12,police,49.3797842456111
7.374657007658197,1,urban,5.620351984781254,7,fire,29.364786512985678
16.551218884289753,1,urban,0.49703534017622397,9,ambulance,51.090401708331996
22.800153800066745,2,rural,2.2375649099720105,1,ambulance,46.49987209940572
28.211217788746207,0,rural,9.188957375530391,19,drone,45.14617478848895
5.119583460856341,0,rural,8.799815531315147,9,ambulance,13.97367926303404
4.261164183513538,3,urban,3.2248311640560368,16,fire,25.688541114968018
12.681834141870727,1,rural,8.679770804948465,1,police,30.550644036983172
4.205529499147021,2,highway,6.325519989141065,2,fire,8.935123132962241
29.422652918900994,2,rural,9.8162217348456,8,drone,45.629371616541974
13.016978834835495,2,rural,9.662189468838475,0,ambulance,37.851884170022714
16.241510312503195,2,urban,6.169377996806558,23,ambulance,59.86765842296675
7.199089548136754,2,urban,4.678394313142671,0,fire,32.91782221958874
13.749220644339413,3,highway,1.4228080243870678,13,ndrf,35.4359312442474
29.548471078405985,3,urban,5.30350699890907,8,fire,245.6374934459764
14.9162709653256,1,highway,3.98298675929454,5,drone,16.35792830359821
0.7603058112323432,0,urban,6.456068905754083,3,ambulance,1.6253443819722575
7.654562142393601,3,urban,0.894908763731117,7,fire,40.93029776957724
29.36441749911587,1,urban,8.349177603407856,1,ndrf,132.14064152110367
29.67749164561661,1,rural,9.671144916190084,13,ndrf,86.87025376612853
6.709546148265317,0,rural,2.0936272041257977,5,police,8.663668454963933
18.650290591393677,2,urban,6.327836469032324,0,police,73.61832832604559
2.7687957499097267,2,urban,8.019384321624392,2,ambulance,14.225624778326795
17.53452845211656,3,highway,5.544092857895081,21,ambulance,38.20431638280802
4.214660693849904,2,urban,9.354369015368734,5,ambulance,20.934448067285192
24.650514947458408,2,rural,5.1186658080373615,13,police,58.98865917620989
28.21746213426621,2,highway,2.705473918003772,9,drone,24.951054601127815
5.603110837459738,3,urban,4.716001930809426,11,ambulance,27.107096969416745
14.150008973547308,3,urban,4.878662551312126,20,ambulance,71.40521287222586
3.510268455001708,3,highway,2.5371146591063387,17,ndrf,13.25024806586344
10.504630208652761,1,highway,7.869527912731887,13,police,14.256625083756932
2.420383765435531,1,rural,6.177466155148025,4,fire,8.932211938891037
8.304122576514098,0,urban,3.7036845770523383,20,ambulance,18.277970903623846
29.711598179134395,3,urban,4.216562280151427,0,drone,28.141311260269156
1.8157963859813546,2,highway,3.717011185883937,13,ndrf,5.239287866938549
25.839565723750784,3,highway,4.478985376884355,14,police,57.18580263260957
2.784851043746093,3,highway,5.2809456046100856,22,fire,11.311916461785096
16.105409467962126,1,highway,3.3092697216356006,3,drone,13.521206277592295
13.837533876606697,0,rural,8.181567744020935,6,ambulance,26.616620840159374
27.980862470609026,0,urban,9.28367128173414,0,ndrf,106.77061869039957
6.3719709374101425,3,rural,5.228002994620783,5,ndrf,28.25468998527359
5.800619453699237,1,urban,7.113627939039896,22,ndrf,26.7667325727874
22.58706561275105,1,rural,9.305391806766831,0,ndrf,68.11054549971601
21.90872445646044,3,highway,1.9193951809232845,18,fire,61.82285673575801
21.125862229537564,1,rural,1.8972253852469656,22,police,35.42234221069942
1.2707499270852314,3,urban,0.7261102994632507,2,police,6.932047032606786
8.168810758384804,2,highway,4.421029924697406,8,drone,9.828559369123267
25.27690774670183,3,rural,3.3114746358809577,21,ndrf,103.85228364189041
18.225314582974793,0,urban,5.605340524585767,17,police,59.78605899860401
18.26475016159936,1,highway,4.510686939731892,1,ndrf,28.233811185717727
9.229539859441944,0,rural,1.901939078088296,20,drone,9.327624655623517
8.175106112429962,0,urban,3.911803148674103,19,ndrf,32.26217822317748
28.423369196538513,3,urban,0.2889683542699595,7,fire,147.36771007433688
21.96878072616976,2,urban,5.373847562287169,9,ambulance,102.22046729163618
4.242550475154207,1,highway,2.7106014808587098,7,drone,5.904665784929242
28.162354793241033,1,highway,1.1235883461712504,12,ambulance,30.25668210315658
17.67991947863262,0,rural,0.6585686395020329,18,police,28.909653219948318
10.334189825234098,0,urban,7.144489073433467,16,ambulance,28.587698444993197
12.215613668788153,3,rural,2.473405173987339,23,drone,13.950765103985717
21.899433055402238,0,highway,6.58796976173205,2,ambulance,27.010004235315293
11.600043224739466,1,urban,8.155085148840787,22,ndrf,52.62684384386715
17.572971573998906,0,urban,4.999857492141658,21,ndrf,57.174386795015586
21.459735151127944,3,highway,1.3305265477622774,9,ndrf,65.17497835880191
6.263562420525954,0,rural,6.145478675485631,3,police,10.166744065094674
28.355123844155205,1,highway,0.7160751415110234,5,police,31.630481188610762
11.00709675734459,3,urban,8.171435317647585,22,police,66.9184258414686
12.871555333768972,2,rural,7.615402139262141,0,ndrf,44.58371390194015
21.106173852100707,1,rural,4.020833882580705,2,ambulance,38.876035192598984
18.45916013693904,2,highway,2.6909525699829784,1,drone,18.632011495576567
13.483535189705787,1,urban,7.095544537614668,4,ndrf,58.20905354101189
19.667390188873348,1,urban,5.672098089357668,18,drone,22.3884120862696
27.133435073375313,2,rural,1.4509216242931466,1,ambulance,52.372992899743856
24.108366691039848,1,highway,7.5918707333637645,23,fire,42.53612360340497
24.81564079366582,3,urban,3.3397517189431305,9,fire,190.3207411297368
8.123048052735733,1,rural,8.938474925790578,12,police,21.06719128075097
12.872398804280309,3,rural,8.29468365041426,14,drone,18.137053866077014
16.837664678794745,0,rural,2.758131801000369,19,ndrf,38.60347260256702
1.8036291652637464,2,rural,2.55253738869175,15,ndrf,8.399111490947242
23.208869321131075,2,rural,3.9788950741509987,1,fire,61.659848052763884
10.042171020245123,2,urban,8.0448316743763,19,ambulance,53.49048013268848
8.836584302209921,1,rural,1.3065406315845896,2,ndrf,20.63761961840232
8.149114276006319,2,urban,3.160510411939831,12,ambulance,28.580810062520758
8.8596883298919,0,rural,6.59107943916524,20,fire,21.0153909809028
10.47143754865605,2,rural,0.3349055631157771,12,police,20.144731709946768
18.342324463246698,3,highway,0.5590015459348951,10,ndrf,55.84906039247198
17.715176996051863,1,rural,7.621710976427073,7,ndrf,51.42446742800626
8.043496731255324,0,rural,5.223428814620047,18,ambulance,17.976561526666064
6.589516158909621,2,rural,5.576023259469379,15,fire,19.959439229965437
24.877566607105024,3,rural,2.488639693971575,19,drone,24.428679234252805
3.235338461452813,1,highway,5.317835491806736,21,police,5.775880418398982
15.62827381542736,0,highway,5.450056839714045,14,ndrf,23.673937976172088
15.856545788583645,1,highway,4.137714024869583,8,fire,30.24084655617608
17.437035800942837,3,urban,9.644232583531961,14,drone,26.141016696344074
26.626678419260504,1,urban,0.49264015116802895,8,police,86.40635721281203
18.905461232795645,2,urban,4.149280442567452,4,ambulance,66.03204604157729
29.222196104316687,1,rural,8.574866533934934,8,ndrf,105.10236811139288
26.204915958787463,2,rural,2.062697753246626,11,fire,65.45242350501452
6.83483765487274,1,highway,9.349974781080927,5,drone,11.61539349176881
7.614907651646384,1,rural,4.254908196688398,7,ndrf,19.744492682608808
10.670837009497532,2,urban,1.5659897464382277,13,ambulance,33.28214621193727
12.049675244863874,2,rural,0.9309958761767967,3,ambulance,23.532522237194453
16.813356049077015,1,urban,3.2706958222753926,2,ambulance,44.76417975324158
7.359122670441995,1,urban,9.197239368084611,18,fire,41.66461198138027
7.059182842856087,0,highway,9.390956122822159,20,ambulance,9.46123757130597
11.751003742358348,2,highway,5.632644810315444,7,ndrf,26.361200251112372
20.324681839776183,1,rural,1.1819031588830187,3,ambulance,30.53750353323897
20.799705586337556,2,highway,4.565924689064547,11,police,29.62501289738199
29.295443831188543,1,highway,4.177596922413165,4,fire,43.935805555494795
6.471255300693515,3,highway,2.31067967468206,21,ndrf,16.551135139264787
12.08934497978093,2,rural,0.7603233365166906,1,ambulance,25.804151230650927
28.957986189202284,1,urban,3.815738075800147,12,police,83.78166224974879
20.85525790863379,1,urban,3.7185511302055865,9,drone,19.82135039341235
17.972216482249564,2,urban,7.039796989159423,11,fire,87.25775032179867
16.419558516339734,0,urban,3.94226453698334,18,drone,16.437591042344287
2.727556214019568,0,urban,0.1313375644237258,6,ambulance,7.6404435291908
26.854527360069355,0,urban,0.20018688329067835,21,ndrf,69.0270414259845
18.952403854745675,1,highway,6.875154685630349,23,fire,30.092379022350002
17.364188533877005,1,highway,6.607857685223145,10,fire,34.84749547206845
16.415260127994358,1,rural,1.603523844372664,9,police,37.22178081306086
12.061469115972795,0,urban,8.662250572224071,5,ndrf,45.02015371048279
8.012608395146337,1,rural,6.626227380676245,19,police,20.67250352911968
22.781998567367285,1,rural,1.5405501902709196,17,police,47.66335928715279
15.532241773969032,1,rural,2.876129145689749,10,fire,41.68460058499743
1.501216202531999,2,urban,9.736628342386354,16,ndrf,8.174942378741905
12.273287743278816,1,rural,4.077464197894193,8,ambulance,29.74769779413069
27.89380732757356,3,highway,2.3677213060574154,16,ambulance,52.405035224049506
11.529889565455454,3,urban,5.241303599137068,19,ambulance,77.60960359607742
12.690373733804424,2,rural,2.0555173285819928,10,drone,12.144008263438332
18.90685313012355,2,highway,7.917168979269117,15,ndrf,41.574328626140975
24.149406712568528,0,highway,7.943022843731843,13,fire,31.53962135413471
20.21960297228901,2,highway,8.008431847482852,1,ndrf,44.534487572411045
25.57661456812692,1,urban,6.1726937393077455,1,fire,92.41178844394013
3.8621323177005995,1,urban,6.940448929928918,6,ndrf,18.20589277471634
27.77548032290014,3,urban,3.2140333087753294,6,fire,163.74347019619478
27.165697006135886,0,highway,8.788879414758693,4,ndrf,39.26293985629998
15.81488330427484,1,urban,1.441617115860131,22,fire,48.38412600873746
18.92989601472243,3,rural,2.544871352963467,14,ambulance,56.519864784151764
6.777984980941351,3,highway,9.926869607245195,1,drone,13.205577702028368
13.714449420450974,2,rural,9.603967140054664,21,ndrf,49.92904321939946
6.479749147134464,2,highway,5.076206386418784,7,ndrf,17.466594914823528
1.1483120287600757,3,highway,4.9910773468666285,23,ndrf,3.6787885340185222
29.43664050974805,0,highway,1.16820378704231,5,drone,22.9530162613573
8.14482221345105,1,highway,6.596500001742564,2,ambulance,14.261780319533225
17.99669511248614,0,urban,0.3103245754112427,3,drone,13.563015508041067
9.35738631436696,1,urban,3.1434645924479554,9,police,36.902142590946546
11.433337796207828,3,urban,4.183905508511526,22,police,60.06276529998782
12.233965978177107,2,highway,8.939852556151783,13,drone,17.75843053569938
10.383878574080352,3,urban,9.684526631278706,3,drone,14.648431320816785
19.303292900528106,2,rural,9.739980470021514,7,fire,69.21676115917185
28.847619979413878,3,highway,7.988370063071755,11,drone,40.6363612476499
13.144722175183874,0,rural,2.899971348681883,13,ambulance,17.971136076894812
29.213138359600823,1,highway,0.4535073615897667,20,ambulance,28.869318690051713
20.200018501671103,1,urban,4.256176652437174,1,fire,70.41434084984492
18.410517753119766,3,urban,2.973962677693139,0,fire,107.65668334879658
7.494563628068229,2,rural,6.551900530222545,17,ndrf,34.13355791917403
2.356160824031734,0,urban,3.7105835708842294,2,police,7.213896473783283
25.632075723608953,0,urban,8.907559569038906,16,drone,36.69309573069339
17.432441386355933,1,rural,3.7403300808513307,8,ndrf,48.819006126113365
12.725208941534015,0,highway,3.779961748750961,9,ndrf,19.019256419342373
24.45303600161026,2,highway,7.5911871513445135,3,ndrf,54.54529685508158
9.662121286030905,3,urban,5.9002690811480125,18,police,71.18559437697635
23.616709050952373,3,highway,2.5528843066938878,4,fire,56.917002583382406
10.17493314447101,0,highway,6.766895624035284,0,ambulance,11.093112332521445
27.665994998922827,1,urban,5.629937130930745,14,drone,28.842079040893537
8.405022796475675,2,highway,1.0405943260520334,3,fire,13.758222677553016
4.557846468449849,1,urban,4.672638385551413,4,ndrf,21.80925312423515
21.09385289630765,1,urban,9.187040709802151,5,ndrf,96.13918845256742
5.303993965410737,0,urban,2.117935238915191,15,fire,15.288476428403575
28.506209983525075,0,urban,4.146172275887496,18,ambulance,78.03832191826508
19.838875815471546,1,highway,2.7594977730611294,21,ndrf,28.225485688062058
7.310389507893516,0,urban,5.3692030343026875,23,fire,22.3466727918312
6.660158561420148,0,highway,9.751129491617053,5,drone,11.395260429078004
27.754313654052435,2,urban,3.0985425509377498,5,police,96.54863149675361
18.43180842907178,3,rural,8.328352121596756,5,fire,83.50625879314322
26.865212196836293,2,rural,8.38295872055577,4,ndrf,92.7581966484449
3.7516435429518435,0,highway,2.5941563356624933,0,fire,5.5384127470216695
27.799069769585696,3,highway,7.7260665441913705,14,ndrf,85.88936567591193
15.841454703825606,2,rural,9.881219500096805,0,ndrf,59.16492986338818
20.21844653177484,1,rural,9.540210656785383,0,drone,32.93527453441879
11.49982641046778,1,highway,6.057404250060699,9,police,19.171543011936357
2.244639499171873,3,rural,1.5173916973476442,19,ambulance,10.490266117767034
28.76018701958396,1,highway,1.1934188356321151,11,ambulance,29.015749351086242
29.84065070870022,0,urban,2.6682103235620778,9,ambulance,78.78487575534791
11.254132038433067,1,highway,6.013129691643616,4,drone,12.874491057843013
28.3441039276834,1,highway,3.862255780183247,16,fire,39.67462134225206
5.447925583366144,1,rural,6.990209342686651,7,fire,17.352648171749088
5.063191264927978,1,urban,7.877783902475825,23,ndrf,22.33377804582125
2.6567992802705587,2,highway,1.8042163848951998,3,fire,5.936932958517856
12.042447523732447,1,rural,9.052941099371225,18,drone,19.464622005102925
2.042916380357176,2,highway,0.6057303441092388,16,drone,4.076162997997095
12.142387093580455,1,highway,2.649281814802127,8,police,17.63343396897712
4.582517645165212,3,rural,8.148000679242763,9,ndrf,30.416016238904028
22.05056996940224,3,urban,1.8373221798871375,23,fire,125.64633419515546
25.084198155424037,1,highway,2.201376246654717,17,police,36.49141783194801
20.790555119990497,0,rural,9.756563621754976,1,police,42.52748101998961
6.414577496866598,2,highway,9.123643377405461,13,fire,17.264849478725008
23.122021690784692,1,urban,8.127593380735346,17,police,103.07412403898587
7.860255812481611,3,highway,1.7380108496642055,9,ambulance,19.987508043685988
22.90491361057156,1,urban,2.551382586047163,16,ndrf,78.31730324797505
17.23822845944353,1,rural,2.351677087332764,15,ambulance,28.193373340266564
11.318019230590686,1,rural,1.8912433882770086,7,drone,10.233249520877123
2.963025151473702,3,urban,9.704465095435028,0,drone,6.90324732063471
24.91153053930726,0,urban,1.6602817188024643,0,fire,63.86803644698184
28.21976116354765,3,rural,7.467131741212956,16,ambulance,100.71218326571676
20.144574510018806,0,rural,0.5101476647706893,18,police,32.97301441750288
28.953976217456447,3,rural,5.438063855161558,8,ambulance,121.92990639566389
28.05628686176824,2,urban,0.7084993155902575,11,police,88.66860572957174
6.240947823710732,2,urban,0.6175353258437599,12,ndrf,26.3129969586387
22.070764283647296,0,rural,2.3023249383443534,21,fire,38.754155296678526
10.804492173411989,2,highway,9.256033930982158,12,drone,17.92004852469568
14.881762136685968,2,rural,6.38830167291637,13,ambulance,34.914702993993586
5.13048021889095,1,rural,6.514015040204945,13,ndrf,13.094567370012458
29.255993127700748,1,urban,2.9765568744737827,3,police,80.71666626225363
21.92105280075405,2,rural,7.236164740654049,16,fire,66.58888954206091
8.37379513411356,1,urban,6.81552496025509,21,police,26.408144466740985
11.458414859956989,3,rural,4.61685440080537,2,fire,44.88563966483491
12.96324634144914,0,urban,6.826054048440313,1,ndrf,40.81704835343615
22.55224486224329,1,highway,8.671354396548633,11,drone,33.7076002518897
27.808069369702743,3,rural,9.603806929927316,18,police,150.59379185625264
9.982483923044864,3,rural,9.965939040123603,1,ndrf,57.55088546055347
14.438752604272377,1,highway,4.883121572911109,17,ndrf,29.986881601361656
17.999623398623683,2,rural,0.3275314962405407,5,drone,14.466991746105432
12.10364777580931,0,urban,2.291781509567268,4,police,29.644581307964728
15.373349039287714,0,rural,1.9684893887181631,4,police,21.331637536043846
3.618375056093009,3,highway,3.005387500873611,12,ambulance,6.70790000719388
5.4463944377449,2,highway,3.6050216244773137,14,ndrf,11.448701912253238
12.332487087994274,0,highway,6.686772687250149,11,drone,15.937906845929875
27.4907008472313,3,rural,5.256889592831843,14,drone,29.116416014049896
10.806062349466691,1,rural,6.497445836087672,19,ndrf,34.731579546785824
7.868887853847902,2,rural,9.718395455344082,19,fire,35.463167076130844
22.41443551505364,3,urban,0.4907195425547195,17,ndrf,166.4197380127435
28.499339899259972,3,rural,0.14398680574380873,12,fire,94.03206814153246
14.044146703374649,0,highway,6.655054410610166,5,drone,21.293057078620812
0.7538461892319015,1,rural,5.462537650398228,17,ambulance,3.4854333811065845
20.80040527853073,1,urban,4.827491630543182,16,drone,23.560804054294078
12.744293647676274,3,rural,8.533275142819681,21,ndrf,63.1696831331616
20.37254333017835,3,rural,1.588757522205071,17,drone,19.084776852335075
8.692637216961504,2,urban,5.73619368007409,3,fire,40.280033786946824
0.5710402426003913,0,highway,9.319271562111245,13,police,2.658757071169006
10.662638452995312,3,highway,4.458535244618073,17,fire,38.065767425222475
21.291374107081776,2,rural,5.799157067591175,23,ndrf,65.90834876553154
12.096841848771083,1,urban,0.6999935469194973,7,ndrf,38.16255631676111
6.965637119770166,1,highway,3.4918305622890378,20,ndrf,10.030561581380818
14.188202491955995,1,rural,0.4139830709892278,6,ndrf,29.79985358646258
22.69428143730237,1,urban,5.72376323152673,9,ambulance,84.85666547851405
4.0232760603730275,3,highway,5.904741446776414,23,police,11.059829589237602
20.90668499257611,3,rural,9.508403284518856,3,fire,100.98856537971874
20.186648702216445,0,urban,6.384060232904924,4,drone,27.260721576655225
11.436767450709604,3,rural,0.02982965645736635,20,police,35.60614951260901
29.124917645695085,1,rural,8.332343961389324,21,ambulance,60.32983804540608
26.89380633467037,3,rural,3.2965628129808633,2,fire,97.62982193778208
9.82676368366106,3,rural,7.142716932956717,19,police,50.46111850049293
1.417187255118371,2,rural,2.640285261077333,14,fire,7.186804220167354
9.59499179897976,2,rural,7.6022482539702825,21,ndrf,33.70438176375852
6.539297304960776,2,urban,9.274906730059357,11,ndrf,41.35117916609975
16.643931464403988,3,rural,0.793190527371127,14,ndrf,60.93324844663656
27.60296042487356,1,rural,5.443619521671069,5,police,51.89942004286663
26.174956546106884,2,highway,5.404020183392023,14,ndrf,52.31571620210269
9.521960092112389,3,highway,2.864377223057486,10,fire,27.761700111957985
13.143627239891291,3,urban,3.4167435889324604,9,ndrf,107.55966213875182
1.5779948728472106,0,highway,6.761607680221033,6,ambulance,4.356592418707686
16.55282347564991,1,urban,2.92611078834643,9,ndrf,75.04781931194333
2.3693554114965014,2,highway,0.30627206835934895,4,fire,3.360420195565193
28.18888190375844,2,rural,7.691862012248887,20,drone,36.530725093113396
26.07454812814203,2,rural,6.251929102742752,9,fire,95.40582936947919
6.818534979906339,3,highway,2.5045483547500744,9,drone,6.002856723055392
21.13137605593034,2,rural,9.615409924065071,23,police,61.59745131108507
17.256601281783325,2,highway,8.984280298136806,11,drone,27.053036403505228
24.1400525192274,3,rural,9.643758570637438,16,fire,119.12245532858442
14.531737149169837,0,rural,5.122363289412974,23,police,23.494551387300405
6.157273134640451,2,rural,2.3516648899343693,20,ndrf,17.603257414230804
19.375380303623537,1,urban,1.7382917747025572,8,ndrf,80.7351736636929
2.868269646380378,3,highway,9.48523518347654,12,fire,10.741704405303842
17.74534573946845,2,rural,8.90828602706812,19,police,65.51135677057164
6.774791761201499,2,highway,7.409374174038676,12,fire,15.457978278064264
20.705624895145025,3,urban,5.105148327671585,6,ndrf,144.27245268500542
24.927273270979203,0,highway,3.844075560472071,12,police,25.971006979549514
3.7309795138211377,2,rural,7.03445121371761,0,ambulance,14.125847495712877
12.307922288383475,3,urban,0.09528906929563652,21,fire,64.22567403434054
22.138886839391905,3,urban,5.2427761022944255,14,fire,142.69514902542298
5.329240314806325,0,highway,6.786597659708886,6,police,8.067361127117683
17.21244826605354,3,rural,7.537599840482704,11,drone,22.118709486613916
20.31924996533383,0,highway,4.5108114118842435,0,drone,20.540606417962284
10.966411413561776,1,rural,7.451391834824194,18,ndrf,39.13238652887111
25.043477088976733,3,rural,0.9584170005378123,12,drone,22.147382237897162
15.564416458878057,2,highway,2.3327464745294124,0,ambulance,19.85450004883347
18.996347778245045,2,rural,1.446127193569674,11,drone,14.185174193113554
4.655747502790971,2,highway,3.3983793403102225,1,police,7.714707353685074
1.183225148713737,3,rural,3.4419302585782043,9,fire,6.544533758534302
1.9970828393370956,0,rural,3.7393966334715256,20,fire,6.234265565868953
27.165644371847367,1,highway,4.658248915320272,15,fire,37.49192812238268
26.53795033532341,1,highway,4.363337354769218,11,drone,27.388169162746678
24.323947455274354,3,highway,4.9047193099862705,12,police,51.229535099685116
6.388556691428393,2,rural,7.525966645043195,12,ambulance,15.143246911521887
16.001030232510345,2,rural,1.420167390314192,2,drone,13.125038371556215
23.985454466177014,3,highway,3.5070657520050386,5,ndrf,62.89379794109631
20.402740847045326,3,rural,0.0013504205501790878,19,fire,85.01696263386526
3.9078752134401595,1,rural,0.28229189861260884,22,ndrf,9.764310374877352
26.9184653944665,1,urban,6.064209482825827,3,fire,96.51071130383025
5.240130586949887,0,highway,8.760015516006446,21,police,7.675200412106491
5.567972955693396,0,urban,3.059097120924994,0,ambulance,13.313957689998306
27.079754560535893,1,urban,4.0189554464018595,12,fire,89.33852088076088
14.796199703288224,2,rural,2.0987641817745226,19,fire,47.99117911676572
11.500308865715773,3,urban,1.4279966929963595,5,ndrf,66.56344666163683
16.832873897792666,1,highway,8.840981981885626,22,ndrf,30.948197576959206
29.451221318547287,2,highway,5.72120013034005,23,ndrf,60.311420381143215
4.029098429610765,3,urban,7.048747830502878,10,police,28.897123528937723
22.829991039365925,1,urban,8.818914704965206,21,fire,96.80738787312335
10.362612936201762,0,urban,5.883932802924987,1,police,26.144189511616247
3.9529534900049,3,rural,1.8028415070205595,12,fire,14.702675511937372
12.94703398291169,2,highway,7.1331682464035655,7,police,25.17810627114131
16.688209892895493,0,rural,7.4780605005523535,15,ndrf,36.5177112933848
6.575868312980334,1,urban,4.139485727736355,6,drone,9.554350906753069
12.455449043349773,1,rural,6.168140266354177,10,fire,37.535430157283564
19.25244275143257,0,rural,4.845498338816414,17,ambulance,36.33510751595016
17.505216581746556,1,rural,3.329994176311195,4,fire,38.2838998957861
21.83323752461809,3,rural,6.724161169608312,20,drone,27.62945161508003
25.173933721653338,2,urban,2.474523988729974,16,police,86.36099642001055
12.569639787196524,3,urban,3.274708004692959,6,police,63.90114819133955
12.97753462613571,3,urban,4.056887503475871,16,police,66.36318118120079
15.152417966427018,1,highway,6.146202536413909,7,fire,21.681267708838377
17.207424662248453,0,rural,8.522040869885862,13,drone,26.456482384276214
3.6955188900178038,0,rural,6.1491662687934205,14,ndrf,11.935811556442562
9.722742948745834,3,urban,7.260813574697035,19,drone,12.905812828214755
5.570807963622215,1,rural,2.9265729611885503,8,ambulance,10.590235112768271
11.88265648915188,2,urban,5.874150571827144,10,ndrf,75.21848309180434
29.213945140934076,1,highway,1.0385176943375163,10,ambulance,36.09498845238849
17.6905632220889,3,rural,4.6327200079534245,20,ambulance,55.56662969564604
13.166754837656116,2,urban,6.898788361508782,20,drone,15.252996844709903
17.19513840909941,3,rural,1.7972252161914248,5,fire,61.877080606926626
20.237758385101788,1,highway,9.020970792734017,2,fire,35.97493441664684
13.331127167066828,3,urban,4.171926860217959,23,ambulance,69.01000284124547
13.707439225460172,2,rural,6.711418656568374,4,ambulance,33.37323066634236
21.191333316760403,0,highway,4.698944980859654,4,ndrf,27.875937543780392
2.2954462045681874,0,rural,7.322581685528704,2,police,6.922163606801888
16.432376764506152,1,urban,5.843032414132013,3,police,53.515143824379166
16.64617046042219,0,highway,1.2257245262918814,1,ambulance,13.1108522616074
22.824191703287237,3,rural,9.24714471736391,14,drone,35.06913535707719
29.488020193931412,0,rural,6.600606448874876,12,ambulance,46.68026399305612
23.974766210210838,2,urban,4.720723488515322,2,police,90.12221921401992
15.361764073188807,2,urban,6.766048625569697,15,police,63.53147623280065
5.498868798411767,2,rural,2.608959574640506,4,ambulance,15.363418180224198
17.853698663178534,2,highway,7.689608884371682,12,police,30.490628069960497
25.111817158024234,3,urban,4.1122540852959,17,police,166.39260359714265
28.00621487753731,3,urban,8.050340147065643,10,police,221.18718529704358
24.846656195075965,3,highway,2.7405318564711134,7,fire,58.464836568220726
6.074573887695624,1,highway,7.902799689454302,21,drone,8.974328900147032
21.520987998305277,2,urban,9.066917669422779,19,ambulance,117.17925256467808
26.46457095083238,0,rural,9.808207756445052,20,ndrf,66.72288041981862
20.590000515495767,3,urban,7.7670998715967485,3,fire,148.3564603415113
20.72968520738235,0,highway,7.0401322147579,6,fire,27.483739884044404
15.254787444406823,0,rural,5.199419680092364,9,fire,34.65424932668454
19.2907985527024,3,highway,1.0573428794920126,4,ndrf,49.621556599627525
9.184231217079123,3,highway,5.598539007417025,9,ambulance,26.184164118421645
3.1198975601794836,0,highway,5.632530209641455,5,fire,8.076128769538167
24.917589689989313,3,rural,0.6473386088166655,11,police,71.01236846678462
28.32275706804971,0,rural,6.906262193658565,16,ambulance,46.551763246250744
25.776258893619854,0,highway,1.4894243809628205,9,drone,21.936309661481044
10.350449836533688,3,urban,5.96611922652806,17,fire,91.54041109669356
3.259139463583885,0,rural,4.72633231443515,9,drone,5.595283802369878
8.764082435126493,0,rural,8.750542623198713,11,ndrf,23.09118144964383
25.36364358639205,3,rural,2.3224444047425963,7,fire,89.82679223050955
19.84652797517987,2,highway,1.712070291568465,2,ndrf,37.61228932975549
29.017480201036644,2,highway,5.5117111380226556,0,police,48.9558780778578
10.60909004389455,3,highway,4.602429318999887,4,police,23.734246865200124
16.76842754860345,0,rural,1.6129755876645302,14,drone,15.334025551811676
23.806127538327722,3,urban,6.137121819014334,2,ndrf,173.24189356082923
7.402762310588464,1,urban,9.058173585342978,11,drone,8.366633156643694
28.94065425246014,2,urban,7.402538387093505,3,drone,38.976247525995845
17.975731338508538,1,urban,2.095570293494642,8,drone,18.09922849226586
0.7329781179297691,1,highway,2.3840615367119,6,police,1.9292942420297163
1.2420216310263656,1,rural,5.575612325070099,5,police,1.0348716082822875
26.525372483847057,2,urban,6.7751713980856065,12,drone,33.091377437897776
19.535805068951785,3,rural,9.789954318854356,21,drone,29.41375574537502
23.010639312383933,0,rural,1.0481979131284092,15,fire,34.23650408096226
23.62847202822879,2,rural,5.463449249347763,5,ndrf,73.05979053199894
12.903563399397905,3,rural,9.873743493918601,20,police,58.071824594821315
24.059031761197904,2,rural,1.1089678683410298,22,ambulance,46.3192099358425
28.157207121969872,3,highway,9.725686499767228,18,ambulance,94.4253573345072
5.579047679203838,0,highway,4.621779362758398,5,ambulance,7.956962278402382
23.042023786489608,1,rural,7.173896604459038,4,fire,54.318555499831575
9.579864224659168,1,highway,4.252714875952615,23,drone,9.402419646764246
9.984043590088689,2,rural,8.410441129586484,21,fire,35.16634629199179
12.676268105573394,1,highway,9.085178895200434,10,drone,18.238705051501864
25.979725837288523,1,rural,1.6666518408437714,10,police,56.48160780667601
1.1506539856464504,3,urban,7.472423576095184,12,police,8.255012425356007
13.300823100902786,0,highway,0.20739528900432735,21,fire,15.564563829380653
20.56140566229348,3,urban,2.7686014231018974,7,ndrf,130.19329860599117
3.757256019334398,0,highway,5.523425102425302,16,police,5.324131383354022
23.871481112013786,1,highway,6.032050433828288,22,fire,37.4207739341836
28.28612663797191,2,urban,3.6526645041562067,7,ndrf,124.54838184579852
3.1825772217708685,3,urban,2.704381849229056,6,ndrf,20.065126891796847
5.011970066010905,3,highway,1.7165015947141982,3,ndrf,13.25374088078845
29.235868135912984,0,highway,2.3971266676942884,17,police,36.230953080455464
6.336741403179377,2,urban,1.3022706998737366,6,ndrf,25.58132697833931
2.8287204332445324,1,urban,2.6116605348524646,0,fire,10.791233036741678
28.589679823679056,3,urban,8.21279325323823,12,drone,39.78389070887289
26.832369939379333,3,rural,2.8752227629068483,13,police,84.22240109907196
19.843901445627367,0,urban,9.076889440507154,0,fire,69.59309290025796
16.76721235498282,1,highway,2.4522911670681555,17,police,23.82821924305326
27.617364540931725,3,rural,4.919638914714221,13,drone,29.43153608786152
19.83784221578697,3,rural,1.675699005540554,11,drone,19.283707757297865
19.922701449794562,2,highway,0.17094681955170055,8,fire,37.79840752394032
25.388724143957614,0,rural,6.2554023654054,15,drone,26.815843221107222
19.770747480126417,1,rural,3.3776580577723267,18,fire,53.50401217393823
15.358468167611488,3,urban,3.4507508295979594,18,ambulance,96.97728615156416
11.996784188004213,2,rural,4.077521259147718,9,fire,40.425172312219004
15.342449837341603,0,rural,7.777596170642562,12,fire,34.593364863476474
15.913120148072236,1,rural,3.9974158405191496,6,fire,35.48104035921924
11.144540492988428,0,rural,0.8640675334769321,5,fire,16.920652650844495
13.719493064920208,1,highway,2.7875359925262035,20,fire,18.21761561090225
24.155222019473875,1,highway,5.7612921262214325,9,ambulance,36.1370483465062
12.787144375938691,2,urban,9.934869048718982,6,fire,72.50119865806087
1.2540131157451662,3,rural,1.4314698868263076,17,police,6.371440519630154
8.84906999232855,2,urban,3.23451596694822,16,police,34.118499578683696
7.3363849907050955,2,highway,4.855932927958207,6,police,14.065959191243191
23.91066934904307,1,rural,9.446436264444095,4,fire,62.81550874560874
13.754145224918359,2,urban,1.0842194386214954,15,ambulance,40.85580415301914
8.769161019536428,3,rural,7.938219523110482,22,drone,13.053743362549952
24.415794073327927,0,urban,7.2295467677261165,3,drone,30.317205882944084
1.0668957344200543,1,rural,3.064378796453351,5,police,3.5369500934305855
5.640399860570919,0,rural,7.73753659009039,22,ndrf,14.95348166415549
24.895167172176098,0,urban,5.748738577977054,17,ambulance,77.74049421505009
16.744225965981876,0,rural,1.7136022372557602,14,ambulance,20.802158628070448
23.32266835009467,2,highway,2.8573971325346017,8,police,39.23352346707302
25.226192435481288,3,rural,3.2834030202470688,11,ndrf,101.18214778391238
28.287922913361918,3,urban,3.230294026882299,4,ndrf,179.39477358941318
2.3710256794484708,0,rural,7.463653811774061,19,fire,8.062612630763654
24.077424927304925,2,highway,6.602948371666402,12,drone,29.122574264104397
21.40860137248513,1,urban,8.1985515606343,19,ndrf,118.87747292692164
6.607255219958495,1,highway,5.10795840080311,21,fire,14.271686849542675
27.98521685703363,2,highway,3.505316568577561,2,police,40.973913903579124
12.423955469038566,2,urban,0.6775126718139679,20,fire,46.74036968958087
26.684510559916724,2,highway,7.943924172572176,7,ambulance,44.534645915525964
18.3508542876153,0,highway,0.7476899409542748,7,ambulance,16.84002422957089
16.03906442295822,1,urban,3.014645788756881,11,police,44.43827111886969
5.205956049931393,1,rural,6.688836501557658,7,ambulance,15.091210587735706
27.47266491647573,0,rural,7.641703142252281,8,drone,33.7843462179708
16.921526267186263,0,highway,0.6851277484362484,16,drone,12.337818116338607
0.6797259621561146,1,highway,6.076176839441306,7,ndrf,1.0
1.0393939615733547,0,urban,1.371389107626897,14,ndrf,4.758270732534783
23.440161848032403,2,urban,7.572399643969287,8,ndrf,161.29354763286827
5.277122424662494,0,highway,7.298528372467983,7,ndrf,8.651525866296105
18.162783851030284,0,highway,7.4805756905527785,3,drone,24.417255586704762
20.591917877052417,3,highway,0.6375757285789918,20,police,39.83107512386051
8.741284991980656,2,urban,5.594252803279586,2,drone,9.667518779575738
17.294757348136667,2,urban,2.408496150288845,13,fire,70.31980863440607
7.587633006677704,0,urban,4.958079382518878,6,drone,8.276250254515128
28.41630510735454,0,urban,9.894113308848194,23,ndrf,110.97355734195285
25.875019612300427,3,highway,0.9047291603486673,1,ambulance,45.510884984019604
8.99726234917534,3,rural,5.940520228477385,10,ambulance,39.8705440767619
16.10002748303502,3,highway,1.6499953210127805,12,ambulance,32.127782538338664
15.268669286040218,3,urban,5.100509213043132,23,fire,96.39707107587046
28.820686109527184,0,highway,5.2090014566032945,3,ndrf,36.82242966956665
12.123849015423694,3,urban,4.56225678726848,19,drone,13.309410562907647
17.085712861336223,1,urban,6.396155149429257,1,drone,23.230447193250118
27.896844549179395,2,urban,9.741929465663318,6,ambulance,123.99488664915606
5.302926009708465,1,rural,8.052187020917634,20,police,11.897935973996706
16.739325296710973,2,urban,9.585236568564698,9,drone,24.83045583815771
3.617351150673974,3,highway,1.894529681725362,14,drone,5.174334991497248
18.716218488645765,3,urban,9.93229362224599,9,ambulance,153.8339950561367
11.287654499916638,2,urban,3.051637704015148,21,ndrf,49.167560945288095
29.04526415879822,1,rural,0.34165672363614785,2,ambulance,45.08562538937989
12.754570843881526,2,urban,4.3623609467247135,23,ambulance,45.6143599028175
4.517535307480351,1,rural,2.461970286407978,5,drone,2.830140682712844
25.102998847387923,0,urban,7.621205405058044,14,drone,30.935962182721244
24.715567396975967,2,urban,0.8694130420285084,6,ambulance,71.82427747185022
20.99835877651214,0,highway,5.4800320695585745,19,drone,22.70517298340962
22.589948155584725,1,highway,2.8939667252756864,16,drone,22.086207812025606
8.309098921837503,2,highway,2.0673315821998406,3,police,14.377597727819118
19.440578262472048,3,urban,8.75638680995915,5,ambulance,118.70982616459133
1.6215862005591122,2,rural,5.1550523840955185,16,ndrf,4.817597881640164
6.3082592447560195,3,highway,3.254445730681365,12,police,14.130301599678983
28.002243702816056,3,rural,7.461178960640389,13,fire,126.20306457685678
22.30744126393843,0,rural,8.531904889981364,8,drone,30.854626037794297
7.304839959183106,3,urban,4.420878393817372,16,ndrf,51.56802393430583
3.785801140818999,1,highway,1.8212404517221858,22,fire,7.562269274799393
28.493123623620797,2,urban,9.943377595360003,2,police,136.54122364436626
3.8095361487739163,0,rural,3.5897623901570297,16,fire,8.961213698203446
8.083566417393822,2,highway,2.0550436837671606,22,police,13.770082844409961
5.887702793483986,2,urban,1.0330908506521885,5,fire,21.666985229876474
0.720182702147155,3,highway,1.238539361413743,10,ndrf,6.435795307949769
9.766975835892298,3,urban,9.430426908083845,13,police,63.57138872748769
29.238276712163497,3,highway,9.466604045795235,18,ambulance,95.31921028487767
10.586147521376015,2,highway,5.079329975220271,16,ambulance,16.690846424864183
15.376993944299324,3,rural,6.921352720905647,23,ambulance,53.345978996673225
22.50510562569255,0,rural,8.32641543942649,13,ambulance,37.36167364225297
16.756863011336876,3,highway,5.574545816739455,20,ambulance,37.30710981487617
22.435949468663047,0,urban,6.669812397779547,12,ndrf,76.98810407835842
20.0182581116202,1,highway,9.669739351715608,7,police,31.13227617240928
18.452609178470937,3,urban,1.7253625008500517,16,ambulance,82.88511115964167
19.66464276274648,2,highway,1.3878353102509566,9,police,36.276489462891504
24.075348681308405,3,rural,7.5303176686893,15,fire,106.65432090170519
21.45064614663257,2,highway,7.033284224539696,15,police,36.680753882899104
23.85736016080315,2,urban,1.8595221602017353,1,police,79.5888694827593
4.7951303293641745,0,urban,3.0241481518332103,12,police,16.34657068408422
20.491375114960938,3,highway,6.852550641568433,0,fire,56.55087224472138
22.24214641360323,2,urban,4.943652964213267,9,ambulance,102.09636138238751
9.349009758656619,2,highway,8.934751391257507,15,ndrf,20.554280351600973
26.30003117137683,1,urban,8.371546988965704,15,ndrf,114.92987546903554
9.488992297429663,3,urban,4.871197659641141,2,drone,10.071603519642796
7.69304752160667,1,urban,6.668644646655255,21,ndrf,32.65614214801716
26.07935605667508,0,urban,6.434610611814499,17,fire,102.10187070238821
7.787085224434588,0,urban,0.9207865359245881,7,ndrf,22.135931240178117
12.757322641738103,2,rural,4.2559186376881595,10,drone,12.431150432742918
11.353723486086158,2,rural,4.398812682494498,3,ambulance,27.868601999827277
26.992823765469034,0,highway,8.973672501493926,8,police,40.5407230268196
13.929454279494946,2,highway,8.852807233578584,16,ndrf,34.42865640077721
20.98211353223836,3,highway,0.5763547001759695,21,drone,18.800201856525163
23.924147686992956,2,highway,8.45168980627076,14,police,42.06048176813269
19.0231556320417,3,rural,6.116824730863813,6,drone,21.873203162514777
28.338987700584983,0,rural,0.1622596718651259,21,ndrf,46.703482204439155
24.17397211305224,1,urban,3.816523478750571,13,ndrf,90.29176282620686
12.306095516408464,2,rural,8.880904556191442,17,ambulance,42.28080021886978
28.548949376101653,1,urban,3.5823359901657623,17,police,108.69420506067715
15.974957581504357,0,urban,6.764465336205184,9,ndrf,70.80000267238562
1.166031026874429,1,rural,5.656634069504686,0,ambulance,4.570917945286213
8.170391749760455,1,highway,5.898601002777736,15,drone,11.096766151521074
18.841022817599363,0,highway,4.80800326703683,21,ndrf,22.265578004912655
5.126039618570884,1,highway,4.8234186574968625,20,drone,7.661973003564924
17.730007324349508,1,highway,9.026454454248109,20,ndrf,31.88901524850986
11.16714165807213,3,highway,4.138161794431498,8,drone,13.068900084280244
16.264371661719082,1,rural,1.9141227150920437,21,drone,13.999778005539344
0.5553080122609597,1,rural,4.197306275292673,0,ambulance,1.7214718949407026
25.5284299627266,1,urban,7.329127109494125,7,drone,35.39449778358165
11.176801889378087,2,urban,4.7524215517378465,15,police,42.77488149313528
4.634673811199615,1,highway,7.320966846050432,7,police,5.734540735381382
13.418517781649859,3,highway,2.397838475192975,0,fire,33.78894323951739
14.842230157920605,1,urban,5.827611801042332,4,police,45.28427228086054
19.303379959637574,1,highway,8.643255866784049,22,police,30.827465953776105
15.974591990392252,0,rural,5.292995333302501,10,police,33.00901696371159
1.7839456709783479,3,highway,6.368192432840189,4,ndrf,5.233472887004632
26.20961350129406,1,rural,6.788069071829602,14,ndrf,68.99379756802387
13.967013487715358,0,highway,7.396795646895025,8,ndrf,27.146387217199113
2.7711392897237634,0,highway,3.5028962024994237,9,police,2.028590245815173
23.29843297761096,1,urban,6.268467080243797,22,drone,27.55224064243374
19.974555354100513,3,highway,4.161684754920047,13,drone,21.126748065939392
19.658414296692044,0,urban,3.909587885303708,1,drone,20.408745497188598
13.09396305119905,0,highway,4.752015711614158,22,ndrf,17.5611160925079
12.609663347319158,2,rural,4.0781446340242224,0,fire,35.913857712120766
16.321989773426612,1,urban,0.2586860797423651,16,drone,14.582107616944782
1.9925351805235465,3,rural,7.419950763377208,2,drone,3.0809334474300223
9.319254044428666,3,urban,5.843386298818201,6,fire,62.28333271113167
29.642878120090018,2,rural,1.3757976435639774,23,drone,26.18828942314856
20.034678429278237,1,urban,2.6130797681593263,4,police,54.451633444132746
12.858557879811002,2,rural,6.110346463560133,23,ndrf,39.93923573420353
7.0597115367433645,2,rural,5.180168531629205,7,fire,19.540913015874576
22.483676176056886,1,rural,7.234213310565707,9,fire,70.0687680477297
8.178564136332646,1,rural,4.892319413594502,22,police,15.570867271113748
5.289918063465713,3,rural,8.446359768733481,17,ambulance,26.56897452541197
5.058189556911475,2,rural,0.7745502132742632,7,ambulance,13.268960981732096
22.013266735359608,1,highway,6.1318831338052595,17,police,36.4689082794355
19.462902501517164,3,highway,3.7155050901740463,11,drone,19.83013228647495
2.559279931451303,1,highway,3.0684281054963716,2,ambulance,4.263089598328283
3.893763053184974,0,urban,9.4364187143598,6,fire,17.501615711167293
19.198482586930524,3,highway,8.638074991519687,5,fire,61.45998577505657
17.347925005228692,3,highway,1.8371602913679452,11,fire,39.680926944649215
20.736972280968498,1,urban,0.5743701509047083,21,ambulance,51.180773505401795
5.752147796716228,3,highway,8.672549058211024,13,ambulance,18.816410331848388
21.934343233406427,1,rural,1.6929697711695035,3,police,35.3627845862054
28.114845786251216,2,rural,9.282500399669763,14,police,82.56770127151817
18.230984278795518,0,highway,2.7731985361090903,12,ndrf,19.749325331611626
6.285835579462124,2,urban,4.116538709601551,9,drone,6.876392096012862
20.546543730881144,0,rural,0.4498392287279329,5,ambulance,25.993020867597235
10.620909664608899,0,highway,5.375313732002118,17,fire,15.065528610859424
1.953988518378782,3,rural,1.8873597261988784,13,drone,3.859921471402493
9.418991512898705,0,urban,4.31075988380106,10,fire,35.34557577107876
27.214760507528894,1,urban,9.19405710026515,4,ambulance,91.79406644433338
12.628609945191268,3,highway,2.5257274992462664,2,fire,31.174534246210534
26.007627471917225,3,urban,6.349188772344233,5,fire,176.432106668536
15.505450633922353,1,urban,2.0198965465453202,14,fire,46.74027895485068
15.7508506743082,0,highway,6.098467456866273,1,police,13.170504969433424
0.6538814714143829,1,rural,2.8915423198133663,1,fire,3.222820725042496
19.294570162024677,2,urban,6.815635770250804,23,police,78.19542026274353
3.6805084283973972,1,rural,7.706225538685194,6,drone,7.297808656010199
14.623078233120602,2,highway,8.806761648773788,2,fire,31.743719571081147
8.179347241913918,3,rural,9.185951197537111,23,police,35.537383169049654
12.075297491964788,2,urban,2.413019046326318,9,ndrf,67.30155255005675
16.343781992170626,2,urban,1.2899377613731533,0,ambulance,48.749078294164825
0.9266913807581986,2,highway,0.4851718835596741,10,fire,3.778106443435116
8.895215706512873,0,rural,7.203578672148815,0,ndrf,18.667951755734016
29.693552061610013,2,highway,1.8689233090521462,7,fire,45.47742653776959
2.193274211706509,3,rural,8.001665355191346,22,police,8.711549855738147
9.922107900642366,2,urban,9.64818154184818,19,police,58.84956131259796
9.981933511457123,3,urban,1.4796454041617413,10,drone,8.807844279080616
11.691884667516495,3,urban,2.833307961464979,8,ambulance,70.31338977518713
20.701037094049187,1,highway,5.240647024701306,14,ndrf,33.60183952691867
7.808442061147455,1,urban,4.305492219209651,15,drone,6.099154706307878
14.077945652013558,3,highway,4.2594163376431835,18,drone,14.432420673829814
19.52347522214725,1,rural,2.171055922420182,13,police,33.08920706615855
10.008500720693364,2,urban,8.892150250717293,1,fire,54.37165632582814
28.488791124846014,2,highway,6.815893077126029,20,ambulance,45.276106567442625
29.400342730809097,0,highway,1.5386828935612173,8,fire,39.35074621263888
4.030370246781579,1,rural,0.04439039480433116,19,ndrf,10.4145106513668
10.6426865898239,1,highway,7.626829481589051,19,ambulance,18.955389201543774
6.635176059291021,0,highway,0.15857620320522625,5,ndrf,7.9584729604588755
6.010293068934898,3,highway,8.804166010945071,12,drone,11.060628312603573
14.983905230979246,3,highway,5.294264585482985,18,police,43.75167746502907
17.132899689978927,3,highway,9.300857026247007,8,drone,26.240410477928656
13.056735197629177,0,rural,7.718565279037392,19,drone,15.588702130141222
8.54036875637214,1,highway,8.943436023603429,12,ndrf,16.402483013085394
8.719336440482369,0,rural,7.438177106174239,22,police,16.94157808502656
29.76778061205156,0,rural,5.76616955322523,21,police,47.924350869702835
27.74848253271239,2,urban,1.7306027251434075,23,fire,107.70998902426598
2.7390158091860366,3,highway,7.276465203305581,5,ambulance,5.456293711712265
19.868244233885704,0,rural,5.923074738609771,17,ndrf,51.18463048549062
13.977889420802907,2,highway,4.54658331736815,18,police,27.6092451511343
20.82001586737528,0,urban,5.585912900592725,10,drone,25.41326588368949
18.110340813446328,3,highway,2.3225638917168068,4,ndrf,43.337700490829164
26.732945802431313,0,rural,4.044272287292764,7,fire,45.56565568092263
2.476155271520338,1,urban,1.2419763203351042,12,drone,1.0
10.813138405702313,0,highway,4.097696314242608,20,ambulance,11.897013240217476
29.572076710379747,1,urban,4.669324551263404,21,ambulance,84.10579679809979
5.877417795223194,1,rural,8.577720876344571,21,ndrf,18.6076446396074
4.256336465446093,2,rural,5.271798299190267,22,ndrf,15.461616055683342
22.004674177016977,3,rural,9.088685444571487,2,ndrf,112.93940174164702
23.43433722051517,3,highway,9.679178473994668,23,ndrf,81.9728359501319
20.332069656402474,1,rural,0.48987623963314353,13,fire,37.40326080872883
23.397776948417796,3,urban,5.971434533176183,2,ambulance,124.57411012025611
20.96478637674858,1,rural,2.992336812794977,3,drone,20.976306894588653
4.505235127530715,0,urban,8.513256192594366,6,fire,16.509432376273367
18.44254597561596,2,urban,4.940779682110971,6,ambulance,67.1535496144958
23.41786213550621,2,highway,0.7808519998126828,2,ambulance,29.36189426876994
26.0327398865718,1,urban,2.1500662963158956,9,drone,24.24519490097385
7.763939659169377,2,highway,6.738881684280283,13,drone,12.703921002628197
4.2592074476868875,1,urban,0.7961508991011457,7,drone,4.794860630244064
23.5421680856861,0,urban,3.7907839731060067,16,drone,22.614225434308672
8.068176178552129,1,rural,8.716218660219226,17,ambulance,22.325078890547225
1.4419196104661762,1,urban,0.29201411680843004,9,ambulance,7.553787111635345
24.843800127654475,1,urban,6.962003708211749,1,police,83.04488788943918
15.426738447420371,3,highway,6.754841729040956,7,police,37.57698739595784
10.135677406638449,1,urban,3.2073695127547586,14,ambulance,25.654009939105006
0.8371586043307003,2,urban,1.1271667356408543,9,drone,1.0
1.5421596188844569,0,rural,1.024072692716218,13,ndrf,4.7801205455467635
23.882386481528695,1,highway,9.69228048209102,20,ndrf,47.318106077700214
14.946323606463501,3,highway,6.769162881770554,18,police,47.79525634844554
4.916800454245575,3,urban,3.759912191092356,14,drone,2.2958254561151987
11.075916003846036,3,rural,8.335454435332942,2,ndrf,57.81954050712987
5.376501852356926,0,rural,1.0333620513771213,17,police,12.96965700085778
3.8300058188214052,3,rural,1.26927885854202,7,police,9.405720207779408
8.651080709887237,1,urban,1.9756297378890042,9,drone,8.17148699913731
16.710502150140723,0,highway,7.635624017683317,16,fire,24.38364356847186
6.695194930460694,0,urban,4.088957097020839,19,drone,5.115491160424173
10.638296897900629,3,highway,6.425762962041168,17,ambulance,30.395852776480695
14.59896107671556,2,rural,2.3245112750014894,7,ambulance,31.18705321911633
12.89087730590298,2,rural,7.772982794513146,10,ambulance,41.712316139518826
4.294520074078044,3,urban,8.016652289201161,8,fire,41.06704180915638
1.6465362483087012,0,highway,4.132578921290534,11,police,3.8589594561588014
1.5460324449936982,0,highway,2.0928215392452754,18,drone,1.0
10.830281031822086,3,rural,6.30050275853552,23,drone,11.54862629466754
21.704661316851023,2,highway,2.5613538112421175,9,ambulance,37.75281888086947
4.372031312513485,3,highway,1.482931785480286,7,ndrf,13.757022085782378
23.715913432750554,2,urban,6.157975641767211,21,fire,110.92936136644654
21.612392124758184,0,highway,5.1290879215152065,3,fire,28.583245644067556
0.61633298112553,2,rural,7.834571958778959,9,drone,1.940119001602027
1.2890622529644307,3,highway,2.9230949810650197,22,drone,4.478319547387079
6.253479858372524,0,rural,2.253024183994424,21,ndrf,12.747810360574038
2.1555668759922586,0,rural,6.405228850513874,19,ambulance,6.5090269600633315
16.174621605474023,1,highway,7.010601506187497,21,ambulance,22.08719207131098
1.6690042130232654,1,urban,4.133635121276341,5,drone,1.2410106115349424
24.17805222086423,2,rural,4.423597667560459,1,fire,64.62003606065983
15.04238103390141,0,rural,1.235449860263499,20,fire,23.4357017227891
21.97465381683809,3,rural,4.694191124196886,11,police,73.30578057460816
22.645725252607313,0,rural,9.613280151886675,6,ambulance,44.6758675390849
15.449536220271865,0,highway,1.1369782873984169,11,ndrf,20.95724601658973
27.79820484947725,3,urban,5.679679597219131,19,drone,31.06685982913651
29.712102828731588,1,rural,0.18390891224538297,11,fire,54.22284767648891
11.096833237429102,2,highway,3.253739638170887,15,police,14.070267582478701
4.212992137352389,1,highway,7.61144338139195,12,drone,4.449749329847158
11.215526270112074,1,highway,5.671612650260006,11,drone,11.809973585225503
7.0889399619209685,2,rural,0.8113232853259245,22,ambulance,14.354739694060981
16.16466717832163,3,rural,4.518313803150608,22,ndrf,68.07761475245728
11.662434236945844,0,highway,0.7907581562278676,10,ambulance,13.783578888267346
14.673257721460331,3,highway,3.735294610513905,19,ambulance,39.006942559951874
23.014033494242046,0,urban,7.689544049111844,17,ndrf,102.68180232169715
8.58361874898464,3,rural,2.5824965663415336,3,ambulance,28.468600502025836
16.3555043768719,3,rural,4.533893383745369,20,ambulance,52.606576012053814
10.387256855196307,3,rural,5.003391694693802,16,police,37.87954309195438
23.65634549155951,2,rural,8.532758119398373,20,police,65.40442595671058
19.366330656027042,3,urban,1.2150336058794098,18,police,117.15563377838546
0.7508895500630167,3,highway,5.504185482232496,22,drone,2.0090726708704385
19.971514562603943,2,urban,0.30789987938643293,12,police,65.82861275090993
5.519779237964179,3,urban,0.933370746102804,1,fire,32.51417853566496
21.871976810989658,1,rural,2.2072289545616908,6,fire,45.17365888888372
17.236490671941013,3,urban,7.197142733250721,3,drone,21.2472883244677
12.343738992833654,3,rural,0.41108817446308454,5,fire,44.12861712982599
20.974959661614125,2,highway,9.45069115862066,13,ambulance,36.0251392671217
25.769501933129014,0,rural,4.276678276369159,23,police,38.554989773973
23.47293955893116,0,urban,8.386519404094276,18,ndrf,109.80910446475876
16.588688658871273,0,urban,2.2187573655604043,10,ambulance,43.23646768926093
21.819482447656128,2,rural,3.3781070481926276,11,ndrf,60.33215462719601
12.710479354586232,1,urban,7.270158267815194,12,police,41.867884322447296
23.776270586112297,3,highway,3.791971794004004,9,ndrf,81.32897027100637
24.957030802873135,1,urban,5.074878958358018,14,ambulance,70.72237148644398
4.550168187853763,0,rural,8.092522312773053,22,drone,8.05962942231228
7.521925108021415,2,rural,6.510951534499822,2,drone,12.242997534445028
8.464667751800173,0,urban,8.358760260701194,8,ndrf,41.0777699525852
5.3994107099717015,3,urban,0.8648624225123369,1,ndrf,32.425800863149156
12.079782703473912,0,highway,6.080703776507655,20,ndrf,18.027187969154774
6.194479737763562,1,rural,6.012043127044562,4,ambulance,11.749124614965297
18.06840967233498,3,urban,6.070985344953499,15,drone,21.159349635307457
3.4976555654796697,2,highway,5.888102136927685,1,ndrf,12.52813627273606
8.462615014289314,3,rural,7.2383805698269335,11,ndrf,41.20389066389659
20.132859055417523,1,rural,8.44036381717695,21,police,45.47411345819879
12.257081132433802,3,highway,2.295979141478206,22,ambulance,23.833270505083284
12.933150884675527,2,urban,1.0456382179683443,3,police,42.363801211700185
24.038794962272483,2,rural,0.7397534477922185,15,police,49.592645315889946
29.543090822084103,0,rural,1.5842795579217772,5,fire,45.42322585776157
17.16949960599928,3,highway,6.559527309732104,17,drone,20.68988099002776
2.8324815581764287,0,highway,4.164983636896984,12,fire,3.0531271342122164
3.53563773959726,1,rural,3.4948963701265656,19,drone,6.24414798907261
29.070771299867772,2,rural,9.09950975542311,21,drone,44.65158352577072
20.537429926079913,3,rural,9.001758790394554,8,ambulance,99.89177932158235
22.69783899084767,2,urban,5.388915531432598,1,ambulance,79.40953220685002
20.43503085172347,1,rural,4.585004537961308,7,fire,45.75638497781823
5.7987192500070215,1,urban,2.7044071647693912,5,ndrf,21.62589077293015
13.72668374433048,3,rural,4.599020440000849,2,ambulance,47.517278305571686
24.043372909771286,1,highway,4.109191636246049,17,fire,45.008705298881154
26.05770740679116,3,highway,0.06951838762945917,21,drone,22.371601732539062
7.5013976850179755,0,highway,7.58576650728263,12,police,9.313163053059098
18.08087282959771,2,highway,4.38573290357059,12,police,27.68768479689277
5.1345061307843745,2,highway,2.2284930240220557,14,police,9.252750729983378
28.769167757091672,2,urban,6.662616773127952,21,drone,35.54506780559143
7.940026525278384,1,highway,4.476683254661772,0,ambulance,9.496515296180636
21.93573629381495,2,urban,3.1373004328227605,12,police,75.17219357745962
7.317831854692203,1,urban,2.3081074529414503,20,ambulance,22.982661126370402
18.67359131491698,2,highway,0.5914166721877911,3,ambulance,23.916011612806976
19.948297057168368,3,urban,5.030221006475522,13,police,109.38582016745781
10.188629051915205,2,rural,3.754442452516571,0,drone,9.248471502679937
24.65559903006851,2,urban,0.4032918880836922,20,police,80.38812632376901
26.61844149829979,3,highway,8.124066301480276,15,ndrf,86.90886336987835
25.724562942492852,0,rural,8.082842637995395,23,drone,35.12856515883686
10.258547474209161,2,urban,4.90025571859432,7,ambulance,37.811222999883775
22.458037640873293,2,urban,8.389004047234152,17,ndrf,160.51469390769543
17.00497726864211,2,highway,4.810055327727215,18,drone,18.55910144382468
17.982535572514344,0,highway,1.6890276760547385,0,drone,17.049872594411724
14.584040015124625,3,highway,5.175981774295886,18,ndrf,53.73372562173385
18.207703865081715,0,rural,3.1256695943302204,17,drone,17.500431735176804
4.501797662054624,1,highway,4.523646084654354,14,ndrf,6.824669510920597
12.560993376964932,2,urban,9.706698972449413,13,ambulance,56.498506250392474
5.741316978644407,1,rural,3.555308713234097,19,drone,7.211451646637862
8.76311316365706,0,urban,2.158898507527238,2,drone,9.367046418568274
4.270528809702946,2,highway,1.2855154633365684,9,ambulance,10.542512745043894
6.768620354049592,1,rural,8.839277032445828,6,drone,12.33083748903776
23.566913045737618,3,highway,0.14938397316403673,20,ndrf,56.141016624000265
16.720175634241272,3,rural,9.074537250298716,4,police,69.50292488570017
1.1974719961109324,1,rural,0.617720242049774,1,drone,2.00376401664649
23.76147227216241,2,urban,7.5265935817494825,22,ndrf,126.25670591766712
27.32931767991997,0,highway,2.936509507660885,9,ndrf,42.57825928157617
26.47266363558781,3,urban,2.499074075098897,19,fire,196.49299673426552
24.778998044762993,0,highway,1.7993539313202644,5,fire,28.200078579245588
29.77038506262764,3,rural,1.3451516636787564,16,ambulance,83.32724758410464
17.798857688369022,3,rural,0.6623467475633982,22,drone,14.865817597951231
28.896335041189694,1,rural,1.5504459629470158,18,fire,70.69950190485717
28.49090485879211,3,rural,5.884773192012508,7,ambulance,94.20802184379235
9.74054254985146,2,highway,5.696786112846742,14,ambulance,14.855667705580084
25.97129580364819,2,highway,2.8107469259467743,19,fire,55.34490660762448
23.877943633983925,1,urban,6.798818704678672,20,police,73.62352521395395
23.386063933332025,0,urban,7.696290236599684,7,drone,30.1035404799769
26.9402827531117,2,rural,9.801749459515243,5,ndrf,101.06769244733395
11.833605292649077,0,urban,4.397693166787336,10,drone,16.387721902873775
12.301621493677766,1,rural,3.7458906443881466,6,ambulance,22.02473207077739
19.381543121507274,0,urban,9.731748598601499,17,ambulance,72.27976958612055
22.26523386552309,0,highway,9.421525470187781,14,fire,31.699517427518625
26.45224452839963,0,highway,9.269478561429034,11,fire,41.05962764499669
26.337436959448816,0,urban,6.087857505609557,19,ambulance,80.73405381309104
21.779518919394665,3,highway,6.177317865909275,5,drone,28.759377645804697
28.72833694573492,3,urban,9.27980194778971,20,drone,42.26740923767569
5.769544258914147,3,urban,4.798190727498048,13,police,33.98572935226894
28.535025491812544,0,highway,2.134752924051414,23,drone,25.970738404533968
2.3936487199918366,3,urban,9.852587225971718,14,ambulance,16.28494785778818
16.89084549516159,2,rural,8.420697281293604,18,ambulance,58.28220667971707
3.1608102317396063,3,highway,0.5605379121745979,4,drone,5.094311722845245
17.256028768345026,3,urban,1.1246502653247226,5,drone,14.84906191613794
12.008236517443724,1,rural,8.821175076099886,13,ndrf,35.1948033144229
2.9074782293204127,2,highway,3.010866770867385,5,drone,2.6192882974779326
19.619445748213558,2,rural,6.963857915347341,1,ndrf,64.94255160444861
22.070340988873834,1,urban,1.1782188278625405,10,drone,17.61953888388876
5.6384697017894485,1,highway,1.7053367231849992,6,drone,1.3911710734930516
20.985883219608684,0,rural,7.473667086681287,15,drone,24.500119004509962
5.78190269985812,0,urban,9.79291687016325,13,drone,9.231764755675462
4.553195254800657,3,rural,5.021988004066943,12,police,15.550670903157277
4.847216362479999,2,urban,0.42916131478336506,19,drone,4.286422906903854
18.17281483415288,2,rural,2.3431702169858983,1,fire,45.370255815916934
23.474328839734795,2,rural,2.127009590349603,18,fire,73.43978763443907
18.108364193477502,1,rural,9.352722049441107,11,drone,26.73874277428403
24.37586786403823,0,urban,4.191499912262878,16,fire,69.98807924328494
17.948581561575892,3,rural,9.47672803025135,19,drone,28.142654920607658
24.02097679678036,3,highway,8.59584610757451,7,police,64.94288741416544
29.30741378343237,0,urban,4.508064053934434,5,fire,83.20591215267783
12.033314335062625,3,urban,0.248600423104679,18,police,67.7538470462438
4.9232942193433935,1,highway,9.72950519011735,15,police,7.659967541509564
4.494205945296251,2,rural,0.10071432496234545,4,ambulance,10.217469576836749
18.12558910136964,0,rural,8.561296716900385,6,police,34.3143102888043
16.63954044273259,1,rural,4.132318334290483,20,ambulance,28.626223576225122
5.934943666989907,0,urban,3.0130893488788857,13,police,13.970315811304863
26.522096398696366,3,urban,4.0830061006485785,21,fire,161.2546083108262
28.72407686939856,1,urban,3.5690943685461063,16,ndrf,102.69882284903909
7.9698614715474,1,rural,6.891192621089085,4,drone,10.154122211473556
6.603046461581477,2,rural,5.727231348392804,4,ambulance,15.08404026390977
6.810694643072644,3,highway,2.5690485312867573,23,ambulance,14.76456872994901
11.928935125895103,1,urban,5.27501149633936,17,police,47.739827642171434
25.670201671318917,2,highway,4.049500893811066,14,ndrf,48.236100089224564
18.08083799326298,2,rural,9.206462559217867,16,fire,60.443562374435565
2.4928262361137628,1,urban,8.923780367810549,9,ndrf,17.295614872506203
14.452883012575983,3,urban,6.1734591026980326,7,ambulance,80.32692653881554
3.1647846493287313,0,highway,9.653678096578695,19,fire,7.036870471577976
12.483316363248983,3,highway,3.7512704811018818,21,police,26.40120889634047
12.403844197947851,1,rural,0.8797027599382479,21,ndrf,27.18072479412431
19.626403638434546,0,rural,0.4765230386150865,18,fire,37.32939042728688
16.70889202541148,3,urban,8.33445234392006,20,drone,21.502404007734203
26.305266079003037,3,rural,3.834906226075531,12,police,84.38304629516516
0.9801178886314341,3,urban,8.602737888398567,7,ndrf,10.320605245445613
23.33296525179215,0,urban,4.587351898885439,1,ambulance,52.47271802245918
1.1684210581973313,3,highway,0.11173603200106963,7,drone,1.4118592123203062
9.476549940052797,2,urban,5.286484062691405,10,police,44.4919817185622
26.45006257629712,3,highway,5.945461873811996,2,police,61.83239893900886
20.86721806447509,1,highway,4.515088755285344,7,fire,32.31976620701253
5.573902011801227,3,urban,8.38034278705194,22,ndrf,44.822080351567784
14.978144051302317,2,highway,6.440081587340291,6,ambulance,24.839137550758032
21.796173338850583,1,rural,3.6473923633451975,9,police,49.916038275869646
28.151627979516118,0,highway,7.190023880369281,15,ndrf,40.09367867816263
19.21247537693701,3,rural,3.1961343692030217,21,ndrf,77.03813105721177
1.227924637271355,2,highway,8.385476353408736,22,ndrf,4.241087783361305
15.241204861040364,0,rural,2.801037046715166,19,fire,32.14718149394818
5.012368355539418,0,urban,6.666110787636046,3,police,13.332330318400475
1.9094967390101791,3,rural,4.150920424672336,2,ambulance,9.4051323972158
18.156063723106737,0,urban,1.0118327594656584,17,ndrf,60.317390986142016
23.41919612405752,0,urban,6.297047642140985,21,fire,71.9406539100931
1.5637863871439268,2,highway,3.830538057844064,14,fire,4.492308434821671
23.615883493482823,3,urban,6.342633980088629,21,ndrf,171.98171985271733
21.33844245443951,1,urban,5.399035799116874,16,ambulance,62.78410128753349
22.68361320096666,2,rural,0.41595124893779256,8,fire,67.24364245314845
7.719486995113164,2,highway,2.0497828334174084,20,fire,14.899383789120183
12.111065937056159,2,highway,7.0042108267938,18,drone,18.389573374340017
4.032649402612959,2,highway,4.676558366632191,9,ndrf,11.36224474999
7.547283031916762,0,highway,4.664694113234244,14,fire,7.355677335483799
9.432295308584187,2,rural,0.023986001913645083,13,ndrf,24.568009549011425
9.923380866335192,0,highway,3.0279819729393687,2,fire,11.980226971397007
5.663676698855949,2,rural,6.694659632043591,6,ndrf,20.45366088556273
6.066998043098729,3,highway,8.86988088999663,5,fire,17.225119454119476
27.093376793868725,3,rural,5.740070650405987,6,drone,31.386197277457136
23.624861637060373,0,urban,5.406453082809564,12,drone,25.769569608190505
10.662092252997402,3,highway,4.703147638490268,12,fire,29.628563876764716
28.45548441468834,1,urban,6.784811238898159,20,police,91.51732609345926
7.548220027373556,0,rural,7.9813116205688805,0,drone,11.850621680207897
12.501203376776495,2,rural,2.206837174153722,19,ambulance,30.714924590684316
24.498996687319835,2,highway,7.139764169307188,5,ndrf,52.696018781664186
13.565147921006986,1,urban,2.43854801255871,8,police,46.54992132424037
7.4214470257903065,2,urban,0.3179229969678765,3,police,24.176735165351378
11.371796294833906,2,urban,0.7467988019100957,0,police,41.72423697600688
15.271271635053106,0,rural,0.4654153059819277,2,police,19.741266491642257
18.809009317979953,2,urban,2.801735563093354,5,fire,76.16864376661644
12.465391737654937,1,urban,1.2717330077582778,9,police,40.755122705136706
13.22347776803924,0,urban,0.8520404596587605,7,drone,11.089020710054196
8.286336577642043,1,rural,1.4758719081210547,2,ambulance,14.129510865255828
16.292745303313644,3,rural,0.38198302274020546,8,ambulance,55.44546803184932
6.973958896201618,2,rural,3.435516543176349,3,ambulance,18.504379923750147
26.09202343418824,1,highway,8.228160087989338,16,ndrf,48.797757933769944
22.547328572855893,1,highway,5.537785834776362,16,fire,32.357011265219214
12.60323015821843,3,highway,0.6496661978273588,1,ambulance,24.58568170883354
22.54322148746901,2,highway,3.7492328020595576,15,fire,38.47274245005708
0.706380283376504,3,rural,4.298346822260138,21,fire,2.8338693031446778
10.662432067950698,2,rural,1.724114368826134,22,ambulance,21.163424205696632
13.488883870330262,3,highway,3.7301187788603096,1,ndrf,34.88209380153941
14.359055972598071,2,urban,3.367550321837147,22,ambulance,50.07476449191048
22.587578592454996,1,highway,4.93808351636752,9,drone,23.179783556262834
28.902819113070557,1,highway,6.972921568436483,20,drone,37.93095765687274
11.70991534806269,0,urban,4.788369558855691,4,drone,13.028111109716594
10.842695561072304,3,highway,0.7395405114053433,16,fire,24.4397806186976
18.510199184121685,3,rural,0.5522870589016149,19,fire,79.18175996719266
8.796981618651579,2,rural,8.879594310665924,6,drone,15.786029419142906
4.669834847548083,1,urban,6.947640634116726,17,ndrf,26.335682278817693
28.86545567951986,0,highway,6.5717925719768235,4,police,30.99605374802078
24.38113372586615,2,urban,9.132012771869405,17,drone,37.674402511160366
28.775736814211772,0,rural,5.415058641438435,22,ambulance,44.043388966874126
6.926069921175541,2,highway,0.7372331281340994,7,police,9.198591238155114
1.0253718416052822,1,rural,7.1438472140267635,23,ambulance,3.9410269434663583
13.39921648427414,3,highway,1.6227227137325584,16,ndrf,31.121255181149717
28.041464408251645,3,highway,6.661945232517502,12,fire,77.65984603760853
4.580597496716888,0,urban,4.00707677859037,7,ambulance,12.398904050172845
3.9569729236206523,1,urban,0.2822580910758876,13,fire,14.023640135609325
2.5341071352523405,3,highway,0.5552956186023339,23,police,5.0587034508294115
23.068030968493254,0,rural,3.9263389365669865,0,fire,39.650319849056444
23.6848327480894,2,rural,5.945431292563073,20,drone,27.83437530162086
21.01359364207219,0,urban,1.7089721227634425,3,drone,20.75727708677379
2.0721094311089145,1,urban,1.0674988213579517,21,drone,2.389252219927526
21.837005906548512,0,highway,3.7623042208141975,13,fire,24.593200931409957
13.734549849619771,0,urban,8.041807285299887,21,fire,47.976943497198064
5.157885447129846,1,highway,7.840055183467136,4,police,9.073679460770444
9.206217309295761,0,highway,6.841401293327246,1,drone,11.962262988066945
15.283831778022348,3,rural,4.253568120084545,11,police,52.461891342468064
10.22471843195559,2,urban,4.419376004177273,18,fire,57.423793011155915
29.107602188876974,1,rural,2.259438630673621,19,ndrf,78.11669926408982
14.504881380362379,1,highway,1.3714250093915026,18,ambulance,19.523261944095655
11.478440052438238,3,urban,0.15840790796956772,19,drone,11.424269687662548
20.358380154557082,3,highway,8.601500411540478,18,ndrf,88.51981365638676
19.691079177249485,0,highway,4.961846113114965,20,police,19.084119124560672
0.5719587719553889,2,rural,0.03042982624871793,4,ambulance,5.477179277079721
18.744974099871918,1,urban,5.291734048329845,5,fire,66.7974574858816
7.6911847556864945,3,urban,2.5832390257696494,0,police,39.313280912946084
11.569392426843688,3,rural,4.273626461142635,10,drone,14.820494877445865
21.337292276677907,2,rural,6.724110600527531,6,police,54.38530851038374
16.942893519815527,2,highway,8.097442254422942,15,drone,22.86387035447955
11.37532675257536,0,urban,7.004817974020016,13,police,30.936658405837214
5.43860537919516,3,rural,8.962986382104765,13,ndrf,29.680627619425767
15.411724523808719,2,highway,2.3474614121958712,15,ambulance,21.721901337576305
9.921297693462495,1,rural,6.613851460624768,23,ndrf,25.66512349483975
27.431370348038215,0,urban,8.898312706569863,2,fire,96.96778983798549
16.263225888526996,2,highway,3.084999143974599,6,police,23.140064058571625
26.045937828027167,1,rural,7.994516049472776,10,fire,84.69481011928957
12.010340340263584,2,rural,9.402155699387425,1,police,36.04015762183002
24.909396331744833,1,highway,6.4387688073932035,19,ndrf,54.563181242505216
2.1678386140763193,0,rural,1.642645618451548,9,fire,5.067748712272866
9.294511254256442,1,rural,2.6086017109885073,4,ambulance,17.3209732344566
2.806190024818632,3,urban,6.79980246377564,12,ndrf,26.262604347508496
1.4336803310887802,3,urban,8.66175415044932,4,police,8.909036018595575
27.606436237032007,1,highway,0.23756688269477966,9,drone,21.49975834367499
21.647627959790555,3,urban,3.263313696697814,15,ndrf,142.03882244955363
18.94074690181988,0,rural,2.335699383724712,7,fire,31.692944052534674
16.20853787764907,3,rural,4.22061017477132,19,ambulance,64.99011216781913
17.30184406839684,3,urban,7.684777848676511,6,police,105.85641771253742
19.34136625090038,0,highway,5.028055030582487,2,ndrf,28.150536547900916
24.884103944833047,2,rural,5.182907279179014,10,ndrf,93.63052225958077
18.10821239596808,1,rural,6.090259403981422,4,fire,44.53037594324342
22.58313251177103,3,highway,5.156737270849425,16,fire,56.837012674258595
8.788852528977179,0,rural,6.882613401295826,12,ambulance,13.073182823951349
29.31447126558593,3,highway,1.0703735355228738,3,ndrf,68.61699220128797
1.4409676488923533,3,rural,0.22801151185709578,8,fire,7.805848230637456
11.904009560680807,1,rural,8.267899093225143,20,ndrf,32.97347513075318
26.520461769359265,1,urban,4.789079039127218,19,police,99.67650517440681
5.82542739924261,2,urban,2.9847379263254403,15,ambulance,19.256422028803854
4.66947374154291,0,highway,4.543051591896341,21,ndrf,6.233553932338721
11.280207623547447,3,highway,6.5009157234871715,2,fire,30.834310345897116
13.131743665246411,0,highway,1.2170289106024468,17,drone,12.038376472079513
28.035124789520967,0,rural,5.236115011853198,0,ambulance,40.8441840035468
25.16552627391022,2,urban,1.1070814707459775,14,fire,91.81470586317506
14.190644311870168,1,highway,8.59569360341487,1,ambulance,20.393060121061318
29.20276547600729,0,urban,5.623839093805848,8,ndrf,120.64054702917473
19.447212922692398,3,rural,8.108596195352822,2,police,76.07659263336181
26.272932593465793,0,urban,7.210054221900329,6,police,69.83257189345036
7.758680924361351,0,rural,8.152556145352909,15,ndrf,20.147284975393106
14.924440191849492,2,highway,3.4180740314357747,18,drone,12.841866799584851
1.3766577940147822,3,highway,1.394625825924325,22,fire,4.514723087850909
0.7619657013602409,0,urban,8.91604820391385,23,police,4.164844854518128
21.3108700177142,1,urban,8.846395661035633,3,ndrf,98.52084031495598
3.989661862735221,3,rural,8.83272851784043,22,drone,7.082823206997974
16.66034299476912,3,rural,9.892717516063975,6,ambulance,68.01712218381469
21.03222072519559,0,highway,5.961674995318862,21,police,24.489493673878655
1.4509202937743582,2,rural,5.124965327104764,20,drone,1.0
13.73787127479762,3,highway,7.973309730994749,22,fire,43.82265474539924
20.68248214108227,2,urban,1.1013451762064985,12,fire,74.48687630063397
26.747064141718077,2,rural,7.83047065508204,18,police,93.8610385871214
9.327287967748866,3,rural,8.122258258554272,10,ndrf,58.9785144240379
29.239387625687744,1,highway,5.771920058884485,1,ndrf,47.63068256039449
25.41397423996107,0,urban,3.8791980849303984,11,ambulance,58.96752686525072
19.693734626414702,2,rural,6.562270650485096,4,fire,59.843950973517565
12.06180246376087,2,highway,9.15017684597958,2,drone,18.845907677475328
21.47775609788521,3,rural,1.5796434861242348,3,ndrf,82.54899522372436
24.577701437575424,3,urban,3.11102791148968,5,police,121.3888717818902
9.44734630915344,1,highway,6.714204510638754,19,police,15.328926675414042
29.788486914757364,3,highway,8.332170956268293,23,drone,41.75574808935642
27.30427140776185,0,rural,6.520690688190834,20,drone,32.61387969665794
14.822292490116219,3,urban,5.908425062841928,15,police,83.92312156860511
21.82348251537416,0,rural,0.8574119939100011,21,fire,36.46404513788496
15.958262391254065,2,urban,4.337165794892838,6,drone,18.52900923199933
22.947451289812275,2,urban,8.901746987777253,21,fire,120.06201144912922
24.895975014400452,2,rural,3.6164065289181258,22,police,56.80194854047292
1.1850653771327544,3,rural,3.810055955349474,3,drone,1.0
2.834394876169153,2,highway,3.575574850485048,9,ambulance,4.3803415774455665
10.425788768363446,0,rural,3.627485365497108,6,ndrf,19.393221957059012
27.56960216265431,2,highway,4.047587795152926,3,ndrf,51.75100304400051
12.249070702729995,1,rural,7.7336422220931755,4,fire,30.704286629073334
26.681610348456765,2,highway,4.550627567958942,23,ambulance,39.0682019115128
14.141800422636711,1,urban,6.070856396349011,4,drone,16.721273673915412
9.021161149191416,0,highway,4.424203065922464,15,ndrf,14.43483001872481
27.069032900343608,2,rural,8.738341047385708,20,drone,39.77678152629933
17.039787683100986,0,rural,1.7874921782122688,18,fire,34.21585762463297
11.134286703386218,1,rural,1.2290236657318077,10,drone,11.34157730152563
1.8100066070205956,2,urban,4.077260720888526,0,ndrf,8.8956825159787
3.7725274072226047,3,rural,9.742876780708515,10,fire,26.254143648521502
4.60965466542515,1,highway,6.9979636877378,6,police,7.1703231235241365
11.262670567112885,1,urban,6.162698538161636,20,fire,44.775550192915425
18.416322194458147,1,rural,3.903345653977847,22,police,35.21123526865607
9.57390837544693,2,urban,2.9515196851931025,5,ambulance,31.56841466307819
2.433065196061606,0,highway,9.565780624348765,3,ndrf,5.109373042284161
8.311857750861346,2,urban,4.269195894168258,19,police,45.14639178827351
12.5561087015385,3,urban,7.1108494210657085,20,ndrf,93.75848221916682
29.77196289583371,0,rural,8.104381441712937,23,ndrf,66.11359394700362
12.093113690152691,3,rural,6.5752292148095535,18,ndrf,71.19315687312351
3.131264853049597,2,urban,2.3260579173497997,11,ndrf,13.4824696374649
17.642887026981036,2,rural,2.8798369649425073,9,ndrf,61.123938233502884
27.629382142475546,2,highway,0.2298288879287802,1,police,35.84608080054367
23.707523116421626,3,highway,9.69378560536396,21,police,65.99783622832697
25.16844012102348,2,urban,8.346529998741744,23,ndrf,137.50982959595117
27.882837985018746,3,rural,4.040115392589417,22,drone,27.700762056568504
19.278033349873372,1,rural,8.924208185930597,13,police,43.00201156941029
29.85022055427821,0,urban,1.536803719984453,20,fire,73.72349348936845
1.4818063114496989,2,highway,0.42037750126365236,0,fire,5.649343443997759
25.127770446235086,0,rural,1.3529328949922115,9,ambulance,40.0598820974217
25.78181475090672,0,urban,8.834193453075743,2,ndrf,94.03298324296817
27.542661527477968,0,highway,1.6049076033531307,14,ndrf,32.747307641146804
14.605999000257547,1,urban,0.681262752424211,0,fire,46.378302956145774
23.7387997468077,0,rural,1.855468782182117,7,police,33.69907620432118
6.254871774074804,2,highway,4.150625242364255,10,fire,14.036420875713828
18.292341642757325,2,urban,4.964311878082269,3,drone,19.54902361428876
11.08003199472211,0,highway,2.359171321962057,2,drone,9.56688913943143
18.087122694528276,1,rural,8.057167407562625,21,drone,24.657514812473206
20.429034961169858,3,highway,9.598444283748925,6,drone,32.99844896725777
10.738525669012276,3,rural,2.9083615830398433,23,drone,10.514817307069858
6.879029829434723,0,rural,9.310876055259369,8,police,18.146131527401547
9.989793311350375,2,rural,8.179194784744425,1,police,27.814676526654953
20.086738730669556,1,urban,8.860202755826483,2,fire,85.69992229696047
20.46778989334791,1,rural,0.5969876765882198,16,ndrf,42.54206491691849
22.368849612710918,2,highway,8.340419296703992,0,fire,44.52309822629776
4.232829952894827,3,highway,5.859250902506716,22,fire,10.352220543445874
24.646263012506616,2,highway,0.3825858244083491,6,drone,20.104070805843534
20.800360145458185,3,highway,7.536503951729974,14,ambulance,50.2515748586777
1.3998997623738556,3,urban,2.4171508854991286,10,ambulance,11.868446222970343
10.400136558333998,3,urban,7.97075713639639,1,ndrf,83.95187304521025
14.267982049241075,3,rural,6.25989139333093,16,ndrf,65.46415481549161
11.138215966411035,3,highway,4.923317709115681,0,ndrf,34.35329555229675
3.963798202148187,1,urban,0.23383495410180477,19,police,13.31396859049291
6.616715392897707,3,rural,8.896747318008217,12,ambulance,26.24529942896349
1.22456114984891,3,highway,1.4756437704384295,7,fire,2.5419971991346753
3.2457762599006035,2,rural,8.296948496496514,22,drone,4.419506089258982
8.35585347287407,2,urban,6.881625191650716,4,ndrf,43.39760879919158
24.689122836254054,3,urban,0.6957272820423421,6,drone,23.26994261748978
16.03580654314741,0,highway,5.422150995726705,15,ambulance,18.763153992094793
13.022687775387627,0,highway,9.617537660159872,8,fire,25.542875349919736
20.033806846777196,3,rural,9.228088438290666,11,ndrf,105.85090161715898
16.474561529587653,2,rural,1.4629836874914637,19,ambulance,40.80133985261253
4.379660839290974,2,urban,1.731834248897195,21,police,12.426585900315892
7.067389232813592,2,urban,1.536341087785169,19,drone,5.480670455792225
7.064409649222925,2,urban,7.561744738911372,1,ambulance,30.662349960521134
18.198599122064095,0,urban,1.6075393928376014,22,ambulance,38.58934861914926
14.11791880258572,1,rural,0.6458147177160745,10,ndrf,36.83700793636261
11.933759345545184,0,urban,3.9033212468778067,20,fire,35.30353948239317
16.920855600012747,1,highway,9.668894231586055,6,ambulance,24.54123260292406
29.118415680585436,0,highway,3.082598723574368,14,police,26.192322881706772
9.768706953648365,3,rural,7.242360428136924,23,ndrf,48.72404901334433
15.84576529218876,1,rural,1.43961078333109,22,drone,13.242123569415778
14.67091546150141,2,highway,6.21145871333021,15,ambulance,25.036032763541208
21.64096943650242,0,highway,5.811659424370939,14,ndrf,26.398740505150915
22.043562905496024,0,highway,9.041731726202222,0,ndrf,33.665833969141445
22.007586281684695,1,urban,7.165571967809649,14,ndrf,93.20500690013878
6.444827608192972,3,urban,1.2078478812183269,10,fire,47.395644803686615
13.748247522655038,3,highway,4.047999288079339,0,drone,13.957902771049731
24.429653385359558,2,highway,0.005563657678340217,22,ambulance,30.449418969779437
11.75514003094899,2,highway,2.40996870023141,10,ndrf,27.744547828289118
29.5355259600529,2,urban,9.713260954146154,18,ambulance,164.22807589377786
11.261208882869875,2,highway,4.557414566856495,1,ndrf,22.240674222477782
15.181171406588062,2,urban,8.675776382445212,5,police,68.88911071402545
14.498505046675133,0,highway,0.23729029710513494,21,ambulance,13.656166466741618
13.293082172842654,1,rural,8.800578400597763,22,ambulance,29.06416699902402
25.446125365428838,3,rural,8.893960609265731,0,police,102.53678973087013
5.080619507666399,1,urban,6.534326088092274,21,fire,18.708766432844385
17.2461088392125,0,rural,1.162509051180467,7,police,25.323710767353322
18.748746531985,2,urban,8.760160788968959,5,police,85.5011485928332
25.611028588046437,1,highway,8.998638977792531,23,ambulance,37.46275931359846
18.4714047178202,2,highway,2.010466959723404,12,police,24.643191687744647
28.82060025973953,2,highway,9.40163667979247,19,police,69.42477860554166
26.228947511697402,2,rural,8.810415122486017,3,fire,85.51696364506684
10.78782847640558,3,rural,2.0487644376282144,18,fire,50.053252084375366
25.867240136079616,2,urban,3.9382072200689477,8,ambulance,116.62767922333137
28.77509551575694,3,highway,3.3667879523476065,17,ambulance,72.62088945932634
8.087316837275296,0,highway,4.98226392123734,15,ndrf,10.744296052570238
18.50115979660005,3,urban,8.890002820395546,1,police,120.04276062057737
8.813215414092998,1,highway,8.743473563827973,20,drone,12.483961094673873
19.66223473292542,2,highway,1.7567272628918151,6,fire,32.21507143698011
3.262462734137146,0,highway,5.511328322855325,8,police,3.8270079236011103
22.158546645137196,2,urban,5.340341813698625,19,ambulance,102.64481618807696
12.884684943562613,0,highway,4.503982852085963,21,drone,10.627319426882412
17.825561770954884,2,rural,7.147097973899385,21,ndrf,56.85955867503967
1.2629408744431951,0,urban,6.459697189782173,10,ambulance,8.900971175122839
21.015522928704684,0,highway,2.7510752383006842,8,drone,19.4527326278181
15.13174494698968,0,highway,3.4817141981981603,19,drone,17.29633255759241
18.94490472679134,1,rural,8.883682797153057,6,ndrf,53.37853043468381
9.812205185097135,3,urban,3.257718971745444,15,drone,6.724913767616397
4.801695115931725,3,rural,4.440853167561548,5,ambulance,15.072280044398152
13.34515378888619,0,rural,9.728966619921255,5,fire,35.35907798994729
28.347384077947716,3,rural,8.57280852453709,13,ndrf,141.05716185051202
7.219923786287257,2,rural,6.989629389688471,20,police,22.818989406528054
20.437250855039924,1,rural,3.0402272121450435,6,ndrf,46.26893717629466
1.9703845490189709,3,rural,6.287499910022866,17,drone,2.9788340086337195
21.68394366537439,0,rural,6.420202279583219,0,fire,41.41146822304437
7.533897010644045,0,highway,4.115621416645339,16,drone,6.736916683007621
13.819753276765308,0,urban,0.361184936115827,9,ambulance,36.28305548902614
11.348716467545835,0,rural,3.665284759653953,1,police,20.05155259429011
3.828790127861987,1,rural,5.081334726024616,13,police,9.305919356165662
10.694667599097384,0,highway,9.50142175409224,5,drone,17.90819621772222
10.828686269648975,0,highway,7.274959949912837,15,police,12.89162273205265
15.902116351377671,1,highway,1.079266523584279,1,drone,17.20698424068986
29.184370221729626,2,rural,3.014223036568373,8,ambulance,76.96870690019902
14.365516914063594,3,urban,5.216838821607692,5,drone,19.097779490893245
27.475571591162698,0,urban,4.511152755319073,7,ambulance,61.347980958231474
14.115950927595383,2,highway,0.051226938147534984,0,police,19.19903520873679
3.672527375810714,0,highway,9.351000021083623,6,police,7.939990660361161
7.2895104106402355,3,rural,9.040397882686667,2,ambulance,29.68775780332124
12.521771443699208,1,highway,9.237445704391959,14,police,20.68645748720815
10.09837880262045,3,highway,4.285548497218471,11,drone,9.315208992779272
26.041963982208504,3,highway,8.333755069284413,6,police,66.2346023702623
20.520045264798263,1,highway,7.085372708675331,14,ndrf,34.24331091904707
17.560099331600867,1,urban,5.117449426979662,22,drone,19.25030048500613
14.991271761482372,1,rural,0.7713217875947476,13,fire,28.94823901291647
12.219483239527472,1,highway,1.6785199531466244,6,ambulance,13.006616040242593
18.559676975044333,1,urban,2.382331070592846,9,ndrf,82.75674875183226
4.175911380609239,2,highway,8.959106844563033,18,ndrf,12.502106323246025
5.294729052398717,1,urban,6.653682391243735,2,ambulance,14.460374451100385
9.44193242520265,3,highway,9.830309923541927,7,fire,30.94497059803254
5.549946185601695,1,urban,5.664319810610908,11,fire,24.891252059565716
20.474412211232092,1,urban,0.8470470896089244,15,ndrf,67.63455963897296
1.2306654814842362,1,urban,4.777631716562736,13,drone,1.0
5.225236004169128,2,highway,1.1178445308400498,16,ndrf,11.104003293457207
27.1269392302147,0,highway,9.013632747600614,22,fire,38.72018391751208
29.927522872551563,1,highway,2.784343250314186,4,ndrf,43.35896827990999
14.883919095928745,1,rural,1.97269889617396,11,fire,31.578058787158234
15.11341715414187,2,highway,5.116316049980242,9,ndrf,38.907326650505304
23.315263486004426,0,urban,8.070868250080443,2,drone,31.952520812480582
1.5675925398069643,1,urban,5.103480311335376,3,ndrf,10.097216988016502
13.097133716078854,2,urban,0.38216594679741367,15,ndrf,54.29506069528754
3.444922513541315,3,highway,7.429555255751136,12,ndrf,12.724789459998455
12.327328288366335,1,urban,0.34071335956449955,7,police,32.25134232528494
29.522744313301807,3,rural,6.043783881926242,21,ambulance,97.62315090785471
22.732181783699154,2,rural,6.169334709274117,7,drone,24.929411418942202
29.55885333271393,3,highway,2.085193936039691,14,fire,69.02205174618155
22.50843445728275,0,urban,4.4657533595549115,23,drone,25.59817171945845
18.439247118294357,3,highway,0.06191888566888237,16,drone,15.938960029827683
22.74951457135368,1,rural,2.836793541084326,17,ndrf,64.79264208184519
19.94320435264405,0,urban,6.193512317113385,6,police,51.1909120511662
14.189947882106297,0,rural,2.841693733870023,21,fire,23.942145575617918
9.130116853153696,2,rural,0.47630977719275713,11,ambulance,16.638975161530052
15.84525275036347,2,highway,6.7426410016304885,7,drone,19.248990641811012
8.125557480092201,0,urban,7.423951886134058,17,drone,12.312626458480764
14.856952220043286,3,urban,8.629862761990557,12,ndrf,120.20545796349727
4.810994474672037,1,highway,8.755459620675097,3,drone,7.233631742055421
17.179155419616205,2,rural,4.96316820219131,0,fire,49.40982668132807
7.735868878957091,2,urban,4.073590831731389,2,police,31.352532737339295
9.161439066276305,2,highway,5.858651855186972,3,ambulance,12.744457998097502
15.221330182580457,2,urban,7.926690899941252,5,police,65.58797947691521
5.294524464136632,3,rural,4.753321768619117,8,drone,4.948703032391155
28.890206567259614,2,urban,9.951667853874367,5,fire,159.53982213703935
13.684857304089846,3,rural,6.375156130061245,21,police,49.75309500018959
10.892237273989156,3,rural,3.0810656340858977,23,police,32.57342976489838
1.3612998502311373,1,urban,7.937091133990731,23,police,6.00950252433055
25.37600371181087,2,rural,1.5076629703282596,3,drone,22.508424671318384
18.962100501538337,0,urban,9.357871534686058,12,police,56.38272221232683
12.78395206781827,3,urban,3.40351927461247,2,fire,76.39522865187247
7.743217580485034,3,rural,6.8504766216475135,17,fire,44.084405695848034
22.481553850923863,3,highway,6.253081889647982,3,fire,61.766399800551746
28.39149998437918,2,rural,0.9587308781114423,6,fire,65.04953148591805
11.733886316734596,3,urban,7.2161970815608365,4,drone,16.23632519856296
4.478844017187322,3,urban,3.118186752025541,11,police,25.253703613296206
3.7212450445457526,0,rural,3.811808893438479,8,fire,8.865051407497996
0.6876781838496344,1,urban,0.9652446208773513,12,ambulance,6.134228826447323
22.446685502765796,2,rural,8.100843395034236,4,drone,31.36630126898503
29.45116388409928,1,urban,8.602720975598855,12,ambulance,98.2229075366176
29.788123706230262,2,highway,1.3426731946501613,2,fire,47.826796859573754
23.633819003116304,2,urban,8.1261229022332,0,ndrf,128.54580603286797
5.284421459733285,3,highway,8.979996048905454,3,ambulance,14.234411486540138
29.342428949437085,3,rural,0.9729426895047466,6,fire,100.7584511828689
10.170496568557553,0,highway,9.974279106353233,18,drone,15.534369642289157
10.341778480030039,1,urban,0.0455034186988168,7,ambulance,25.009306805786363
20.77644011032695,1,rural,8.424056860952467,12,fire,54.975630693957974
1.946951018696316,2,highway,5.582907053461259,16,ambulance,5.239487845387417
24.860207032273,1,urban,9.572835950518193,17,ndrf,149.39190178296354
29.92026965638845,3,urban,3.3809991823675256,14,ambulance,142.61599909500669
23.364558453652563,1,urban,3.60847958575493,4,ambulance,62.50570216451841
23.559456490616327,1,rural,8.403778552620922,15,police,53.52997192470781
12.014253281713254,3,highway,7.106859987905235,7,ndrf,40.9718228568115
2.4446809759618793,1,urban,6.005184179734751,14,drone,3.7339638074315076
23.88368930991549,0,highway,6.443846056750427,23,fire,32.65496503449262
18.116163563691615,1,urban,6.826381183697534,1,police,58.941087991261035
27.32549132910149,1,rural,0.4784164602902141,2,drone,21.873774288194372
3.9209055549215597,2,highway,1.1778336215644891,5,ndrf,7.162109889814706
9.501130361276195,2,urban,1.8125681945372885,10,drone,7.4808981416403375
11.1393565348399,2,highway,1.7678693414188718,11,ambulance,15.175448308172497
20.656751402068398,1,highway,8.429066820353853,7,ambulance,29.96247098867226
23.738482311543073,2,rural,3.945098139815122,21,ndrf,69.9691958451729
28.8501020532404,0,rural,4.894240682344277,0,fire,51.69004345410718
9.214511170562556,0,rural,0.8939670232222341,13,ndrf,16.435110356989128
15.062274052645295,2,urban,8.705930729464571,13,ndrf,86.01718607718087
1.354347437398303,3,urban,0.1026353500661803,18,police,10.034575378726384
7.963142404212193,2,rural,0.8329610310830193,13,drone,8.02742697681123
11.53310348952939,0,urban,8.121093724157546,3,drone,15.435510514317652
18.017283092500723,3,rural,1.3059705423466594,7,fire,62.50542342770576
14.389942061175635,1,highway,7.933577388750694,4,ambulance,22.139927820689522
11.252014263421422,2,highway,3.5041756424851576,11,drone,10.995926563995027
18.910300012615576,3,urban,7.7609790036064075,21,drone,24.35940420996056
24.94416247495151,3,highway,0.5035534245901152,9,drone,20.842434301233776
7.629593423051282,0,highway,3.4126201856570537,8,ambulance,10.396722190034364
10.614838438182163,0,highway,4.812738868123852,11,ndrf,12.561010964808258
21.29524766576709,2,highway,6.257045109059723,3,drone,24.62710782289217
23.449247663376642,3,rural,8.362200640425328,20,fire,109.40002055282558
24.849207716172096,3,urban,2.444686699448334,15,ndrf,157.24403196664025
6.675270957462345,2,rural,6.588884410122999,17,police,22.333286920493748
16.40837535671026,0,highway,1.517704364489717,8,police,20.779471322428826
27.05032740649589,2,highway,7.9516797094806915,6,ndrf,60.41778087923134
12.062538425199007,2,urban,9.332212052837942,11,police,58.42138883955466
13.181551161535893,1,rural,0.4727946415734263,5,ndrf,26.711795671660457
29.55227684507023,2,rural,0.7985807639986531,0,fire,71.44078596114241
3.83505305795891,0,rural,7.875408190639126,17,fire,13.940337979494245
21.315258689118263,3,urban,8.802300326942568,20,ndrf,176.74944261093682
25.58043174770631,0,rural,6.482177596804094,5,police,44.98939578946441
4.948408740703513,3,highway,4.611871460997784,15,fire,14.503499110199542
21.576370462213504,3,urban,7.6906695946116,21,drone,29.42296755087833
14.357277549308046,2,highway,2.9970931257835143,17,fire,30.84585718011321
25.660281097901976,3,highway,9.917542296049737,19,police,87.53380312788232
27.26984334665923,3,urban,8.479933571521636,21,fire,203.1059262509488
26.238304643059916,0,rural,8.871330153399391,6,police,48.738647395291075
2.3993615585808765,2,highway,8.548827185041727,1,police,7.625047421907985
22.82723066604174,2,rural,9.328860499311208,19,fire,100.17987421728841
27.685063462081967,3,urban,0.6449469075396752,18,ndrf,203.8430423727423
18.829778999792463,2,rural,9.086277635883057,4,ambulance,54.75813447833595
18.22584378411546,2,highway,2.4860276475156673,21,ndrf,33.552330550743484
1.8276589282442743,2,rural,3.5917295039844124,0,ambulance,3.8025340656636715
25.752974155075187,0,highway,3.7057031030745504,9,fire,35.628893777522435
1.868905044460265,1,urban,2.3243385954240106,23,police,3.655954527986836
9.748533388347882,1,rural,4.384258477151618,8,police,25.373075586208554
27.812960425972857,3,rural,5.055199663656041,18,ndrf,152.2261271007249
28.51748171052061,3,highway,1.4866414544821394,0,drone,23.885391726015612
29.761065944039714,2,highway,3.5951883514508367,11,ndrf,53.851117914071835
14.553867425580144,0,urban,3.4814645953642276,18,police,43.70758754931414
5.734171618239819,2,urban,6.746703884186606,20,ambulance,24.38316907058515
14.894362361457974,1,highway,5.8078381488845405,10,drone,14.824954448628244
3.518231289949952,2,highway,7.161091867175343,1,fire,7.124831873202514
26.239815214614108,1,highway,7.839435227425647,12,ndrf,47.16805976026888
17.035848381361895,2,highway,6.670061017465834,17,drone,20.057108209717633
12.43292402541928,0,urban,2.4124432671349947,10,ndrf,46.763270101724316
2.84615572318373,0,highway,5.021195771361919,22,ambulance,3.827462292463034
12.454599966090598,0,rural,4.665748893206568,7,fire,25.93526931484141
26.052652447508212,3,rural,0.7405019413171587,19,drone,22.45647858335549
21.250475008077775,0,highway,8.944816048407382,18,ndrf,43.83340781287503
2.932437766573514,1,rural,0.9143535663262148,10,ndrf,10.206251179302395
5.217262391922187,1,urban,9.76442588765872,2,police,22.04574503001704
12.073100475871387,3,highway,0.317458565587424,8,drone,9.185631046066522
3.4905649392346003,1,highway,7.296788497500709,18,ndrf,11.141869554285092
28.054215163801494,3,urban,2.8757450255369497,21,ndrf,177.0794750692234
19.742615316610838,3,rural,9.04716836916282,10,drone,27.909502389260226
3.297278538466379,2,highway,8.240319182863795,6,drone,1.8212279688419768
23.74769514022359,1,highway,0.25010902982738337,18,drone,19.948654930034348
11.367974892872315,2,urban,0.2195067247159843,22,ndrf,48.69356723944517
7.723684014320014,2,rural,6.031910324399721,3,fire,22.46906039811201
17.314555787220886,0,highway,1.495915861664785,7,fire,17.611628948103306
0.8944779270559686,3,rural,0.1415863482391333,19,ambulance,4.4949571019387475
14.229230973075522,1,urban,9.677620586651221,3,drone,24.20759349019044
25.392247296307502,3,highway,6.328625278347594,23,fire,66.77477065887349
27.877699081574267,2,rural,0.10832673025785611,5,fire,63.41892917130283
10.605363780284973,3,highway,4.90519778721512,11,ndrf,29.18265708267666
19.451879350868808,0,urban,1.5753682928938617,12,police,43.69038057790495
7.1912914318805905,0,urban,8.051821253798714,8,fire,31.68657410495114
17.026285594048918,0,rural,0.2868210185044273,3,fire,26.406131965346137
7.993817921519076,3,rural,3.7091601813825923,0,police,26.932628908388345
17.35501700450986,3,rural,2.3802832252368358,9,ndrf,87.78597221022859
5.565802460150313,3,urban,9.808730371338358,6,ambulance,38.77757062799312
28.266360424441928,1,highway,0.7811161299265845,21,ndrf,39.27482976344516
26.664065554015103,1,highway,7.1988913180703165,15,ambulance,35.26301623113239
10.439088358740776,1,urban,4.7802789864799236,2,drone,13.550133242946233
23.411555223285806,3,urban,8.164898799006625,18,ambulance,174.61543099226543
3.317371856599739,1,highway,2.1424455739857375,14,fire,6.656234908183463
22.340646806810007,2,highway,8.552951179479047,3,fire,51.22630083746924
8.832544323574773,2,urban,9.50367248108196,9,drone,11.208716432336551
4.501432175937938,1,rural,2.131075250794293,17,fire,12.220586691755928
20.506640928156603,1,rural,2.427448316571036,15,drone,17.61775600895868
14.359301125671983,2,rural,9.636675760751219,13,fire,50.7437611859126
16.139118251048096,3,urban,4.341273702892766,11,fire,102.65951861007491
15.855628632068665,0,rural,8.352431090868885,16,police,30.46744566675789
2.2537154721275763,2,urban,8.42429525778521,21,ambulance,10.836224428872796
2.015717348233972,0,urban,3.1085255789066704,4,ambulance,7.033047328408223
18.23444136646886,0,highway,1.7878506778968972,9,fire,24.79956193587149
18.90400694948479,2,urban,3.665302645421545,20,ndrf,86.40014681373478
1.8916494171958806,1,highway,5.919028310395791,12,ambulance,5.096619938267839
11.663960290690623,1,urban,4.970857476445593,4,drone,15.546666230092352
18.579112747032607,0,rural,7.367969134783503,3,ndrf,41.94497474524902
19.87207934471575,3,urban,5.488089993025741,17,fire,165.54712544142672
24.934134898658268,3,highway,8.055148031130226,11,ambulance,62.56669411774249
12.911602366107985,3,rural,1.0393786239539304,18,police,46.19431140662715
16.67360454383558,0,rural,4.3909447292939285,2,police,26.184657642508903
17.567531080460107,0,urban,0.16062756315096016,14,ambulance,33.80768078376402
9.70533585735941,0,highway,1.20807110129582,13,ndrf,11.8613635644639
2.0878493720275424,0,highway,3.31507286831234,11,drone,3.4081039072405366
0.6246648230505871,1,highway,9.015130176720183,10,police,4.603429476417226
25.165699775496485,2,rural,3.8015527049317654,6,police,56.35330424583266
6.406838764410398,0,highway,2.7346678136573987,18,drone,7.440995560364887
19.092512592694497,1,urban,6.707885892435078,7,fire,71.52412253535749
17.522900619995628,2,rural,7.034710071574506,10,fire,66.53024609690503
12.289175763845309,1,rural,4.813286203599657,20,drone,13.553577294025605
25.088052606668697,1,highway,2.885187490169403,15,police,28.681529834065643
21.10284707295468,2,rural,3.0181046120552324,0,drone,22.61847827987371
1.1708731714556015,3,rural,1.8554608494933111,1,drone,4.7251614470548935
23.4124751640222,1,urban,3.625893497124981,12,drone,22.46473496715086
15.456465131051987,0,highway,1.6825349711043003,17,fire,18.9000421070518
10.737069027943981,3,rural,6.429227669535257,11,ndrf,48.24446622122378
21.9430973670945,2,urban,8.946897619799122,22,police,98.26488418697083
20.738936074564947,1,urban,2.54253060788757,20,ndrf,72.29887843841784
9.662353017133997,2,urban,2.4221515616610145,10,drone,8.903238970686594
29.499646709187502,3,highway,8.981526762949244,5,ndrf,96.52583055790656
19.636900357996723,0,urban,5.680331407902409,0,police,53.30959640365675
18.37050151738986,3,highway,7.297752351671395,0,drone,24.634131894127496
2.561470722712276,2,highway,8.89134412740201,14,drone,6.827862141354014
8.739904020169755,2,urban,6.649728041512909,8,fire,51.62969628927591
13.685733068630023,3,highway,7.424588565899431,3,drone,19.821705767479123
19.103458277135452,1,rural,3.86946971406696,1,police,35.04346168969876
15.626527106546146,3,rural,9.381682568730177,11,fire,76.34360057170626
23.009471537406043,2,urban,7.038999619217837,14,fire,111.44160572446405
8.245747517803107,3,urban,0.7169460411194406,0,ndrf,48.33442310865507
21.213631360833286,1,highway,5.95216579879133,10,fire,40.81792586017463
24.589612883289295,2,highway,0.946567147817291,10,ndrf,54.00324897450619
23.068974279697123,1,rural,5.221190461138337,1,police,41.5536367180644
23.239974245346986,1,urban,0.8848744462051306,20,drone,22.198605763126814
26.710958189233878,1,rural,6.272410838712659,5,ambulance,50.97937871505337
2.9832670031744404,3,highway,4.56365827341243,3,police,8.096329537117661
21.06715135553604,3,highway,5.530791452508418,3,fire,57.49082661734405
29.0760069329356,0,urban,6.489505578252055,11,ndrf,97.38846805648129
17.422694171298875,3,rural,2.503480674495254,17,drone,15.712623509626408
6.910831203539582,2,urban,3.1952109438161083,6,fire,28.722937401508958
29.96323727033928,0,rural,4.820680222553736,18,drone,34.332544995884646
5.652980138233628,3,highway,5.663114627846912,6,ndrf,15.580771606263003
10.39895207255835,0,rural,9.236462234156793,4,ambulance,19.52100124688014
5.57583455830645,3,urban,3.5190307549360478,15,ndrf,35.509327766934966
14.203129628127014,1,highway,5.917303060745712,18,police,24.959134623406236
12.85684228352327,3,urban,9.225451901418042,17,drone,19.446598695205918
14.991606447061898,1,rural,7.178266933413661,13,police,30.270094523853384
27.87551030163517,0,rural,3.2834184607604233,20,fire,46.34127369534882
14.61056938210964,3,highway,4.1470614760263125,20,ambulance,30.375227806407484
15.681476623302501,2,rural,8.78784126921918,6,ambulance,42.82389700830985
26.657122124594807,1,highway,4.3768657635108665,15,ndrf,37.80644615762122
24.623860823437553,0,urban,2.5204373886455023,1,drone,21.981429064805983
7.571799921150604,3,urban,5.230705949240254,1,ndrf,54.16592594639777
0.881315679251081,3,rural,1.8599819698606301,10,ndrf,8.027612751811299
19.07023796996051,1,urban,5.820452179823066,16,ambulance,57.68027149340101
25.423069803206843,2,highway,9.915016819259163,14,ambulance,45.962664694748376
16.8090783220068,0,urban,9.692798458644726,3,police,53.97346817702979
6.729719140378932,0,rural,6.137994606951615,17,police,15.09345283855198
22.36997517492155,2,rural,8.86279479222161,14,police,58.91100210405795
20.251408837032464,3,highway,8.151527975296073,18,drone,30.008514370847553
17.16845985355231,3,urban,9.506689939243499,14,fire,135.86228283375965
25.96841713361902,1,highway,8.730961753589053,20,drone,37.65254548471653
23.635149411701466,0,urban,8.9983238055726,8,fire,105.03704113629072
20.20458669697202,2,urban,2.2954744907862166,0,fire,81.17958221056254
20.11038073618494,2,rural,1.5801872875272593,14,fire,49.475241379341384
20.034977711799108,3,highway,0.4397181639786918,23,ndrf,47.1643992196991
15.992359975038637,0,rural,6.593059046539728,2,fire,31.150402200141876
14.185688516993487,2,rural,9.335057783742648,23,police,42.13393296731699
21.43321355521223,2,urban,9.93849984323699,18,ambulance,121.46657639943567
18.50958720337182,2,urban,8.52342552645994,0,fire,94.81192745754439
14.95442658786602,0,urban,8.310104759350805,13,ambulance,41.698975509179654
4.236509940375727,0,highway,5.188827948669607,7,ndrf,8.690127819254702
21.206899265268383,2,rural,4.51958137311502,15,drone,21.224390115022135
19.556957832049978,0,urban,6.40316491854919,18,fire,76.33497607203252
10.596328566218356,2,highway,0.22707479350470905,8,drone,6.530631330050735
11.011533403344764,0,urban,7.943235837610551,11,police,30.287069265371294
7.778310331989942,3,rural,6.57483673091611,0,drone,7.852575005077007
28.876500062768056,1,rural,1.7004903104780522,0,fire,57.72776584440373
25.875940204627316,1,highway,6.356968571752501,18,drone,28.241709201405236
17.050946367660394,1,rural,5.994694515126376,8,ambulance,41.80452624703229
12.34876782347617,1,rural,7.879999482620334,21,fire,31.73934172479244
22.23634527904449,2,highway,8.374775005566915,13,fire,47.996681153757265
16.067981195716918,2,urban,2.534194605480283,9,ambulance,68.55089427786879
29.28760550049586,2,rural,8.144775957162116,21,drone,39.98211117692497
2.1261171107035595,3,highway,1.8209582761315168,1,fire,8.402144098591656
1.5114291545775163,0,urban,3.942127772862092,19,police,8.784860740095938
17.274025030214514,3,urban,4.926466880321938,1,ambulance,90.45056094754366
6.496737069322749,2,highway,8.049312687704088,22,ndrf,15.023928139932393
18.326972824730678,1,highway,9.01080804937584,13,ambulance,23.378051403302194
23.55197934214173,3,urban,0.17216633181512897,11,fire,124.45641559308498
4.574237954953749,2,highway,7.372445000455273,15,drone,6.563466231751754
13.497942613591075,0,highway,8.775211240526584,19,drone,16.81008784318253
20.815678961755978,0,highway,9.543053258456633,6,ambulance,25.387349640323926
25.09897533485265,2,highway,2.6788919137617553,2,ndrf,41.10781713017857
15.14215065607254,2,urban,1.729603869741807,23,ndrf,66.83142841768016
6.581530813727637,0,highway,4.989448589463019,12,drone,8.231495211287204
17.781078039776173,2,urban,9.01003308798955,6,fire,93.83716411197337
13.908253527387487,2,rural,3.156135646435154,21,fire,37.0516226364303
23.271800096632333,3,urban,5.050607041995936,0,fire,148.69481432049773
16.889493893986966,2,rural,9.955549706669288,20,police,51.95854756632626
8.742973926627709,3,highway,4.560322823975592,0,ndrf,25.417232703754095
22.75459113177505,0,rural,6.282505988068479,15,ambulance,37.235857878490464
15.77353688237781,3,highway,9.95595704974374,0,ambulance,40.19688054287798
5.737623292210661,1,highway,3.672585565173627,3,ambulance,7.790725911003155
17.110633532688837,2,rural,2.7292999269279328,7,fire,46.860060186325015
28.47544176545325,3,urban,2.8273954827816103,4,police,140.8146287997859
21.312729697663215,3,rural,6.170132857086831,1,fire,89.90807647086233
9.314699163010378,0,rural,1.6270381322494476,16,drone,7.11878855590891
21.470758671139315,0,urban,1.6452008300576682,18,ndrf,78.87016340560717
8.836886174564277,2,highway,2.601333365103602,7,ambulance,13.575994236783847
16.509320707467225,3,urban,5.409353893548859,16,drone,16.71593487523703
16.034575031732807,2,urban,8.441758137843635,7,ndrf,91.90566346813137
7.798030927898208,0,urban,5.292707439663755,5,drone,7.373610812966423
10.762495396454632,0,highway,7.826414528334647,20,ndrf,17.973091717453787
28.29435291618835,2,rural,9.575570982874424,12,ndrf,106.2470496690059
7.892656824255291,2,urban,7.400015156698494,0,police,37.553346012162315
24.130297787114085,3,rural,6.427885364961268,16,ndrf,110.86701880158358
20.18743211035813,2,urban,0.08194406798036957,9,ndrf,102.74204190030589
16.212559409510053,1,urban,4.484113645147707,1,drone,14.178051115365442
4.5566886492223215,0,highway,2.6804948676203,5,police,5.305822741851325
6.534837204838145,3,rural,5.124227985787211,7,ndrf,28.686278349841036
5.779839895916916,3,highway,9.51084466808257,0,drone,9.045349299386867
17.810430639725695,0,highway,3.204474439461389,17,ndrf,27.154361323864727
29.214804303195102,1,rural,1.6078207600904082,5,ndrf,62.39856072066262
26.378558251862344,1,urban,8.258961945700174,3,ambulance,85.47507974432654
1.2449305464225289,2,urban,9.90582985862436,4,drone,3.186604105691452
8.574935421639223,3,highway,7.800710218561072,17,drone,11.573176784886384
5.139095038642154,0,highway,1.383919930779861,12,fire,6.097587087561479
29.2824963359881,3,urban,5.50694852255461,19,drone,31.756824897628736
7.450501920635544,0,highway,4.051902516461679,10,drone,8.324231056795606
6.438738958644421,3,urban,6.334327418939202,16,fire,46.87617713131807
18.81582116067665,2,rural,6.686120478323164,11,drone,22.015719611928503
16.9075042154562,0,urban,8.070902089431538,14,police,48.82499990782308
7.162618771546429,2,urban,2.400865169469598,21,ambulance,25.142512573539985
20.275763503848644,1,highway,9.646785315545563,14,ambulance,29.79449853659756
3.36171273319333,1,urban,2.1468911918780087,11,police,8.154798473282163
1.071387447911319,0,rural,1.2409801164216705,20,police,4.1013006077948315
2.9312363258372316,2,urban,8.288712438275587,15,drone,2.2450562152568843
11.263612666285292,3,rural,4.632491764619963,22,police,36.64251692818208
29.262981672307113,2,rural,4.9023027070004,15,fire,78.8029783658896
16.643786464876236,3,rural,3.187354636635651,16,fire,62.091173445120354
22.76442003895628,1,urban,0.46413231961846213,12,police,56.546468130048915
9.984124690831,2,highway,1.936010842964322,20,fire,15.19775890177157
21.72050243175821,3,highway,7.616343127658677,7,ndrf,68.93421835211487
29.002345344609544,1,rural,2.244063107305477,13,ambulance,46.462098713476344
11.053946263320572,2,urban,9.926659170696396,21,drone,19.194031991753665
29.972253324683237,0,rural,7.86226770056089,5,fire,60.83511269779289
19.33309355543415,2,rural,8.485901476583518,10,ambulance,64.79484480477232
22.583446667709353,3,urban,8.732806900893808,0,drone,33.770158460627385
7.938933546020424,3,highway,7.189044712030991,13,fire,21.99291883540478
19.471177690728627,1,rural,4.661828037881982,8,ndrf,58.07174768144873
15.574684418140428,2,highway,9.170123291909592,13,fire,36.364679948657546
28.713878041584362,2,urban,4.265267751448275,5,drone,29.72729920490615
27.187913909790705,3,highway,0.9581907899260833,19,ambulance,61.51051811921146
12.201841668289777,3,highway,5.964428971628753,23,police,29.13976479226765
28.432657670377885,3,urban,1.055647862740181,12,ambulance,126.08497692227125
26.601970306125285,3,urban,6.5538839912589575,14,police,154.17061340654428
17.916323585889607,1,urban,9.975267576497334,10,ndrf,110.56676027033011
2.9224783092914386,1,urban,6.752079828434349,7,police,11.234586968088024
5.243312099456363,1,urban,2.1055210068651267,11,drone,2.7643103007379795
2.7677902178771063,1,highway,1.378595122386469,11,ndrf,6.33019801276992
3.6857968821473004,3,highway,3.5638619007547256,18,drone,2.856266879597714
29.320095044595792,3,rural,1.457651660920598,16,drone,23.906693914129704
6.758935326876493,3,rural,5.696933032134284,7,drone,5.441140971184744
20.88021017904956,2,urban,7.830984436454847,14,police,87.49394147660033
19.277583601641705,0,highway,6.581383466424418,22,drone,20.082071016250673
19.118773513163614,0,rural,6.171985406308872,10,ndrf,49.50572651621922
6.59776798808288,1,rural,4.356064829376115,20,ambulance,12.35493058803473
17.59072453434598,2,highway,1.7272921643675387,11,ambulance,25.060708885977775
18.953381312756072,1,highway,6.377796528704241,3,fire,29.81418150232885
17.32695684103078,2,highway,4.193477662375523,4,police,27.175761040000243
5.99179278463252,3,rural,3.054614770511347,7,ambulance,21.204925845428928
21.830287613703913,1,rural,6.592862720641881,13,police,40.44925611261928
2.6606732765370755,3,urban,3.785360474839173,21,ndrf,19.76965436833172
17.940400348678846,2,highway,1.6833035514254957,9,ndrf,40.38899527908157
13.369650305838743,3,urban,4.835135726751098,6,drone,15.841395502035999
7.8834544974256735,0,highway,2.891827415607909,15,fire,7.4775079620850535
24.317975176271094,1,highway,7.334887278469845,7,ambulance,30.87734507380724
5.6888307168294245,3,highway,0.47067142026986364,10,drone,3.764271932283782
28.022961916989555,3,highway,8.528439490791177,5,police,70.52131560151804
26.594668335475017,2,highway,4.6134626489335515,7,ndrf,54.67264439256811
11.137332641281448,0,rural,0.1594383029588975,1,police,14.977872106938175
9.502011460328502,0,urban,1.3336246614307479,13,police,23.16714029149572
4.555857160857613,1,urban,9.454404872165282,11,ambulance,18.531145130217194
27.5316705700517,3,urban,5.370066673845142,4,police,149.32826916135906
19.012189835286524,1,rural,7.68545335529428,18,drone,24.41438722153518
1.437615673230393,3,rural,8.827772139312652,4,ambulance,7.450540490717714
15.574482729567508,2,urban,3.2030537010763394,15,fire,65.44894454427232
3.031068960966914,0,rural,5.469170205130082,2,drone,4.333585500651763
17.425645206108832,2,urban,6.503239618804885,0,police,73.49656435797952
15.514370690463968,1,highway,8.415850985980077,2,ambulance,23.355587195459975
2.9439583423302995,0,rural,4.200893863654864,12,drone,4.466792711035506
24.5678874969448,2,rural,9.517527795055013,4,ambulance,69.1642429449925
8.238356726405192,0,urban,6.071206831209011,7,fire,28.395564709077078
16.47378874291762,3,urban,8.738723096747442,12,police,105.70612273253454
19.351646860600763,3,rural,0.8335803367151062,15,fire,63.827818021899894
28.887983740467412,3,urban,4.63342336844827,18,police,195.99530918485675
15.067444939955456,0,urban,1.7916946447588533,9,ndrf,51.89666057261439
27.560815282493742,3,rural,9.118831287409629,2,police,111.58328908103765
10.968291569757117,1,highway,2.349873193534081,23,police,13.716911802684777
25.79439744867485,2,urban,7.129801337144411,18,ndrf,172.07922243632544
7.456873695066794,0,rural,0.6286938445587809,19,ndrf,18.305741875585316
21.370652991844825,3,highway,2.008446408894926,22,ndrf,53.96578148374641
3.114053815772397,1,highway,3.1985248051104143,16,police,5.94105362131687
29.588485522167947,2,urban,7.818733228364572,23,police,124.44984168260645
28.641123795939855,1,highway,2.5116677508367626,12,fire,36.36182639992246
13.545302336262642,3,urban,8.168843929582152,13,police,82.77087961341999
15.95608893071248,2,highway,7.886107640696763,14,ambulance,28.123973300485297
18.134358438381653,1,urban,9.922033456510803,12,ambulance,68.01542994628147
8.613608010845265,1,urban,6.7714048962274145,10,drone,11.186373889938546
20.396907338552296,0,highway,6.374376255622595,7,drone,24.852777427792248
21.10757742483322,1,urban,6.015359189566184,19,fire,98.56783236487647
15.98975652359563,3,highway,1.0961913819727986,7,police,31.000914105587274
4.858350428313923,3,highway,5.132221406002868,21,drone,7.640311386684532
27.6159853448022,3,urban,8.514828861336198,17,police,224.5170552076858
3.893829929195651,0,highway,0.20856800474586046,23,ambulance,5.882526881543211
19.060578976960088,1,rural,1.2665511903358362,15,police,33.97939639117796
3.5411135999877756,3,highway,6.0054926258540515,14,drone,6.199247906312795
4.809970919421217,1,urban,8.470158537946455,8,fire,26.945545804658032
1.1058802638504555,0,highway,3.0733176188323466,16,drone,1.7040773284494395
11.219240473774407,1,urban,8.714782415395696,13,ndrf,51.05116747252312
19.367685650450117,3,highway,3.3752662228628747,9,ambulance,49.38463193934807
15.885554482119725,3,rural,4.654583775761383,1,drone,16.443194010411197
20.39890496183033,0,highway,9.530306671347786,0,ndrf,33.39118087613051
20.41305639569311,3,urban,4.175920873290195,5,fire,127.30111063932412
4.63512544783004,2,rural,5.99481256039293,16,ndrf,13.626841269857142
2.191453400940609,3,urban,9.354657043658854,22,drone,1.007547905825577
18.94806514282276,2,rural,2.643821741076354,22,ndrf,52.32260320298497
19.77011699676966,2,highway,0.9193593006670397,12,drone,18.081425398474444
16.922760186680282,2,highway,9.580298718370802,20,drone,26.91611278591525
7.749992756560086,2,rural,5.598296029228762,0,fire,21.674333540825785
24.41757390097649,3,highway,9.658405376432016,21,ambulance,64.44606854309689
2.732737457139584,2,urban,8.667446230440902,23,drone,7.2206831021586435
19.1531977849801,0,highway,5.946265058060779,9,drone,21.00264824861036
4.052140308441478,0,urban,4.713406738293764,1,fire,12.215301684633967
19.806207634780275,1,urban,4.802502276242122,17,police,75.89425478093075
12.822910740793146,1,rural,1.6601649552148212,0,police,22.308144048452167
21.684040135411305,3,urban,4.535620177823398,15,fire,137.22012164128893
2.0396699730695733,0,rural,8.217319490404172,7,police,5.960103179166797
16.874948160170856,3,rural,9.887882154081938,12,police,72.36004122469747
4.773898016962349,0,rural,9.6034206389126,22,drone,6.962335047493047
20.630258132508974,1,rural,9.621785904982477,3,fire,54.68457464332865
4.0386911236946315,1,urban,0.19010888004228121,0,ambulance,13.29318626632333
2.6707080270818118,2,urban,5.1577205742370955,13,police,12.889661950906962
21.537122546416573,0,highway,2.0013111559974064,16,ambulance,19.12589213363998
2.3741920697643284,3,highway,6.152842264658873,7,ambulance,7.174775277942456
7.123659128979725,0,urban,9.4583690845028,3,ndrf,28.68448096528321
24.829688315207328,3,urban,8.766510604703004,16,drone,33.216921040609904
24.385805080342678,2,highway,8.665824767771618,16,ambulance,40.00431211717809
25.696709854532894,3,rural,3.657184077579889,22,fire,96.60104571517611
10.119946742867056,3,rural,5.011713040456312,20,ambulance,33.288698227939165
16.077416848131172,3,highway,2.8194430932079184,17,police,42.31474931163497
23.313746901881483,1,highway,5.538543308897793,0,police,32.536857250936535
4.541072692826874,1,rural,3.0338785867209825,6,drone,4.352976325077617
21.869530936863686,2,highway,8.08731284491386,15,drone,28.728960079574826
3.375847307142311,2,highway,4.644193240462648,11,drone,4.096981252081115
27.440892954492597,3,highway,7.003987893346143,1,police,64.01807874477495
19.30065038409296,1,rural,8.726672066825916,13,ndrf,55.39079241224026
15.052506724347797,1,highway,2.997490910323214,18,fire,25.409041424866977
14.799513012681345,0,highway,6.220915125832774,17,ambulance,20.415674461792648
5.850180411424857,0,urban,8.458131920319158,22,drone,8.339479720764523
10.704562487412284,3,urban,9.507325982953423,3,drone,16.610862170931803
21.9501481268559,3,rural,1.6306662605794309,22,ambulance,62.91720142478599
16.45783681520446,2,highway,6.81420223821716,12,ambulance,27.883971879327895
16.114533020957754,1,highway,4.352188102727926,7,drone,20.02692970600023
6.259753889094592,0,urban,2.8552309660316952,20,police,16.840599057692053
20.865688202633677,0,urban,1.5772950815231945,2,ndrf,57.30873829238973
12.065000081309833,2,urban,5.853806345695451,0,drone,13.197137106810207
5.891223483936757,2,highway,3.3408782433560336,17,police,12.963455045190726
28.34165017209171,1,urban,6.679436875374184,17,ambulance,111.95244155004279
15.450563032535351,0,rural,2.8099682254193037,2,ndrf,30.164205711252745
16.07708110161478,0,rural,0.005915181714019058,21,ambulance,19.575510159322096
29.45047135133678,2,rural,7.672277833605255,20,ndrf,99.84213010366709
11.308981046529556,2,highway,1.6132717995801749,19,police,21.095349295710644
28.319110194592263,1,rural,2.5250336010177743,9,police,63.534886468743075
21.000298153496658,2,rural,2.3535420679020334,22,police,45.91928256645194
19.176321165971597,3,urban,3.4224101596496603,3,drone,19.40421755657166
7.415339907303178,2,highway,4.853419211555176,18,fire,16.64316359513255
2.0267923354398083,1,urban,8.124522029971162,20,drone,4.4188130436224125
13.414623229411594,0,rural,6.502199724762416,12,drone,14.315512591317539
0.8000433788738902,3,urban,1.4599829675852316,8,drone,1.3248322189444766
2.5945740677263114,2,highway,1.8367605002148646,11,drone,1.9594034803224902
18.062139292984003,1,highway,8.470626492496828,1,ndrf,32.65779501648434
21.871919075654308,0,urban,2.498554581503545,0,drone,21.36942257269334
5.4544757917661695,3,rural,2.186831121862065,8,ndrf,28.39171743130619
22.10876217387633,3,urban,0.03570120973591551,0,ambulance,90.07207507735517
28.516911884545177,1,rural,7.740757290553823,15,ambulance,57.007444766951814
22.423694381422802,1,rural,7.384518252696543,15,ndrf,59.264061796035534
23.64909897746347,2,rural,3.476141492180762,20,police,55.02559239719897
21.17102111791697,3,urban,0.07314849296909398,6,drone,15.635389318711201
7.12975449341516,2,rural,7.855753379129845,19,police,28.820370233522794
11.146253293597162,0,highway,0.993652122978782,7,fire,14.043958293515104
28.503375401709608,0,highway,4.604679356383715,13,drone,29.705853745771982
20.0057120796185,0,rural,8.401476169872188,19,police,46.225727599790744
23.776229651055132,1,rural,2.4428211573132605,8,drone,21.210066525843672
29.076491255917983,1,highway,3.796686971528247,2,ambulance,32.95844217217987
7.327389155123639,2,urban,6.608562562592995,19,ambulance,35.851400830602834
9.989756686133328,3,highway,6.731627540016955,6,ambulance,23.470161909558055
19.52164875861774,0,highway,4.627063768986863,5,drone,19.18803960539118
1.218545476628216,3,urban,4.337526095832624,16,ambulance,9.018004214009215
17.350962781344318,1,urban,4.195092058965177,12,ndrf,64.77832377218505
24.356307195677715,2,rural,4.86032705193919,0,ndrf,72.12491974051702
18.50807952781169,0,rural,3.466450175209488,21,drone,18.04818393170299
9.21410187493527,1,rural,2.564144511986438,12,ndrf,20.324712918569713
21.86107045841382,3,highway,3.1605138312004435,6,ambulance,43.182268760043726
4.807932928058395,0,rural,4.777672827293667,2,ambulance,6.811137238208582
26.895817343716246,1,urban,3.8214087492130098,16,ambulance,73.90709863592507
3.4769934156934346,2,highway,5.855380120413186,18,police,9.105748986975147
25.972988445991827,2,urban,6.3114119960836925,17,police,131.79079164626182
15.185378118218859,1,highway,9.96143713461215,15,ambulance,24.07261119169462
13.145086602890153,1,urban,6.151694670516873,21,ambulance,40.6497343424889
15.269521936975224,3,rural,7.346331792515946,14,fire,66.62974615087477
6.406085941241176,0,rural,0.980317896601538,5,police,12.150805321663135
14.001724596985001,1,highway,7.604488108142661,5,drone,14.828454039409475
25.566734569010425,1,highway,5.089034848852182,9,drone,29.568334157101912
24.12817964545457,3,urban,8.665580882250678,17,police,197.52169539545395
5.309931767494214,3,highway,9.709087595759406,0,fire,20.138274151308497
20.365918854807322,3,rural,2.3036560965688313,7,ndrf,81.37889022385004
25.776699316480048,0,highway,9.286751119163796,10,drone,38.355735825264645
24.683143864254873,0,highway,6.71640876923481,13,fire,31.49329265727169
13.056157077266851,1,highway,7.391136519303584,3,police,19.518278751979015
1.918738790210417,1,urban,4.723610665139755,2,ambulance,5.523267023479077
27.9694979777256,0,rural,3.547935820418444,21,ambulance,38.52872076515268
12.178610917517828,3,rural,8.000340269816462,2,drone,16.113730437412944
11.148810799062142,3,rural,0.21971793253519944,1,fire,36.40502385893064
22.90569086212498,1,urban,5.405957282041111,4,ambulance,65.49342961446541
8.287180357014666,3,highway,0.7382977437921001,8,fire,25.710141739075564
25.125063733435113,2,rural,2.5463483275157817,5,fire,64.52265397844751
2.7435210441698112,2,rural,7.251991180058772,19,fire,12.244304400489103
22.35098042112822,3,urban,7.547386119638835,3,ndrf,172.26007053460128
28.990789968025183,0,rural,8.890433337986078,3,police,53.50260320223881
29.87517950778812,0,highway,7.154372344555181,2,police,30.98889514706751
27.752228621892908,1,urban,6.747459760952066,15,drone,32.48065426809104
26.18749095948613,3,rural,9.45117297392915,21,drone,41.658527043954535
8.72696662150304,2,urban,5.374096027310879,3,fire,42.31256472778012
29.01612669757804,1,rural,6.5388164894826755,13,drone,33.70115704586304
27.87294951752341,0,rural,8.680628541751318,8,ndrf,84.19567941163169
16.263988957243004,2,rural,7.636951461829251,14,ambulance,39.79250913460652
12.361290804613548,1,highway,7.699255489708143,15,fire,20.449877620374224
3.7233839799665525,1,urban,5.367557968719341,6,fire,14.844485801420003
17.92370529584118,3,urban,5.278448068866231,14,ndrf,124.75783419181889
21.16610548140483,2,urban,6.487066906063781,1,ndrf,107.16772977555557
12.417899203855105,0,rural,7.005463903973217,11,ndrf,27.996721791676006
12.47787203860069,0,highway,5.46101841026667,23,ambulance,14.662625939880218
17.412686026071963,1,highway,1.8546694221503668,21,police,17.842470933898788
1.319630829261273,0,highway,2.4841163743845582,1,police,3.3363844371742597
28.757043943409094,1,rural,4.930751119025948,1,ndrf,69.93215369677083
9.052218359352926,1,rural,2.0406486343399157,19,fire,23.470067441584554
4.656280422181963,3,highway,4.234873811625493,5,ambulance,10.233984079988668
0.6619076859704168,1,rural,1.4714102119290606,15,drone,1.0
25.778300470878545,1,highway,1.4623243313240741,13,police,31.296348466362748
25.964617586090238,2,urban,8.432151730121479,9,drone,38.6525966468422
3.3115448332724484,2,highway,5.422499952614902,7,police,6.548219216292798
4.991118435219629,0,rural,7.804348872725512,17,fire,16.529247702504808
13.713115822104156,0,rural,0.11539374689921056,6,police,18.209275606791486
5.97827310545631,0,urban,2.856309668305461,18,ambulance,17.63450434039997
22.20672353668433,3,rural,0.17680638198120935,5,police,61.71322464368675
2.212172498318809,0,rural,0.0338214545638138,21,drone,1.0
16.716425305383048,3,highway,0.32016404427808953,16,fire,36.13153060962543
11.79235117086017,1,urban,5.215242577869233,13,ambulance,34.142701739007826
14.21592126892142,3,highway,0.9082205531855758,2,ambulance,26.958957517762606
13.030334972020253,0,rural,7.983739891585299,5,ambulance,23.94866265732218
5.0181958847722825,1,urban,5.161876269357375,15,fire,19.213098447942972
6.998303816602587,0,rural,2.4535306134952983,13,fire,11.608552685328082
2.4118271178575847,3,urban,8.38657143992037,2,ndrf,20.138648306457434
3.9009244713226017,2,urban,5.096376643035992,2,fire,21.39981211204358
29.34789726135799,0,highway,3.5079903826822587,14,fire,34.11349521734959
8.753710944478932,2,rural,5.679506468454286,9,ambulance,29.119003991873072
9.557253410517145,3,highway,6.726087331306331,11,police,26.71111139304069
4.249636747747571,2,urban,5.588036984958827,14,fire,19.94428231257766
22.77734403265417,3,urban,9.327852853683918,20,ndrf,192.68743310407217
27.76221290052482,1,rural,3.539737294800708,6,ambulance,45.45134320066356
23.797640843466205,1,urban,4.099494104951159,16,ndrf,88.96964719385262
18.572166968308068,3,highway,8.588544520764875,20,drone,27.781777765900006
24.490371010511996,2,highway,6.37487548116816,21,ndrf,47.734954089278645
12.424791871519323,2,highway,9.66266749318774,23,fire,29.513932203510993
25.85517197488028,3,urban,7.921646580202154,0,ndrf,201.1280535200579
24.056306064326368,2,rural,5.129282787794592,1,drone,25.872533040372964
0.5508770055614111,0,rural,6.347183167001348,20,police,1.8847877872965393
14.889926980066752,0,rural,4.060844092164096,4,ndrf,30.588344963924587
8.306188994337173,3,rural,1.2764561923988083,6,drone,6.57270626589686
3.0438710328470164,0,rural,4.071105414016493,11,police,4.463745468924584
25.462783261059357,2,rural,2.814857803760388,15,ambulance,51.17087694748031
0.734515686883108,1,highway,6.780798611452568,0,drone,1.0672482505772611
22.03982331063313,2,highway,6.691972207438594,15,fire,43.868358435238974
29.65166756941699,0,highway,9.37367893540281,2,fire,44.9084079707279
14.719583117833952,1,highway,0.7945744048285752,8,ndrf,26.6413789938328
11.451595633272321,2,urban,4.675684554529566,21,ambulance,42.127475669536224
18.372072157004045,0,urban,3.9863918427062717,3,fire,52.838441291344104
24.23858591560633,1,rural,5.274383829867388,1,police,47.980811206183354
7.587433816370726,3,urban,1.195630796751398,11,ndrf,47.913182327521994
7.895692160029318,0,rural,4.91426540060755,5,ambulance,16.813686686966534
18.41175141556198,2,urban,6.570110036964695,5,drone,23.63655182831806
28.226454715202006,0,rural,3.1378630379620356,10,fire,61.34631800626341
9.303979284883523,2,rural,6.504421613267243,4,drone,10.832731369917994
11.614262565255885,0,urban,2.65671686444384,0,drone,11.679621936499965
29.80333239307854,2,rural,3.693054075321797,22,ndrf,86.33104122682502
5.698553873592216,1,rural,9.07288300317923,19,drone,7.016686631250328
2.77056096707147,2,highway,0.2505839065485205,9,ambulance,7.996921028505258
17.89777954697788,0,highway,2.7282343391549047,19,police,21.493410048777584
1.2158761584381734,2,highway,9.357256181583061,23,ambulance,3.7253113080445983
5.82278032260727,2,rural,1.47042818475986,9,police,17.73071389601748
18.855170830368806,0,urban,3.9740781407095827,3,police,44.66532266969607
19.955615820394325,1,urban,4.54095667501604,4,police,60.09859679318654
15.55754486460478,2,highway,6.526473373171763,23,ambulance,23.39271515898618
11.820567363766807,2,urban,6.117732904909876,21,ambulance,46.43252273893397
17.497828740444525,2,urban,6.267623437551363,16,drone,21.18120158485859
19.479879714480543,3,urban,9.404107513724751,16,fire,152.291272667178
24.202720365603696,1,highway,3.9278493879718255,7,police,29.570681317204023
23.8861494321905,3,rural,4.898128335963449,12,police,81.05981185850823
20.11162258269096,3,urban,9.639741639079046,8,ambulance,163.79293135350164
26.879861205239738,2,highway,1.281524998061987,9,fire,53.40384501832905
25.221744981064855,0,highway,9.482117239159948,17,ndrf,50.36783772097667
4.430757242429236,1,highway,9.482804119030929,12,fire,6.8831148696388675
28.72204351904276,0,highway,9.53474956557802,10,ndrf,59.77816969099601
26.80639791837865,2,rural,0.6702907266187697,5,ndrf,66.50075107168297
9.967351795484813,1,rural,5.775663314924923,15,drone,14.134788133080313
1.095440348907664,3,rural,8.381718489686236,10,police,7.089034709201992
18.317290429369482,2,highway,3.1370151686523142,1,drone,19.706163733805933
13.433318517558448,1,urban,5.905615289073692,16,fire,51.662279365489816
22.61221654629089,0,highway,2.5644519731437976,8,ndrf,35.55959950988465
15.975693053004365,0,highway,1.2961344787822981,9,drone,14.235872004507145
2.75646783990293,2,urban,8.522563748691509,23,drone,2.550644682167813
7.718278897515888,3,urban,9.812203766039463,16,ndrf,67.58356494140723
26.53445080573262,1,rural,0.69746410686083,1,police,42.47738806029783
1.6118460235939778,0,highway,1.2132089310810423,17,police,3.5595312977467612
22.231755247249467,1,rural,5.886069038698406,7,police,42.31462742393767
9.112333484567253,3,highway,0.8631127400877281,18,fire,26.511332034382114
13.852874189753663,2,highway,6.311653616475672,8,fire,30.290479209965085
16.164660241392454,0,highway,7.194857437550591,13,ndrf,23.336408756147165
7.8774000405624305,0,highway,4.1462943577016755,16,ndrf,11.48075995193005
19.732833068431052,0,urban,7.562431667624613,4,ndrf,68.48064688050823
20.95654543388735,3,highway,1.136290211287806,3,ndrf,50.50124317093343
3.009254650287865,3,highway,3.0123641276450797,16,police,8.176704650484302
11.530848737616907,1,urban,8.076388976022331,1,police,42.41477795181602
22.4591303855856,2,highway,0.88347937197784,19,ndrf,49.67764860237532
21.78830801531339,0,rural,2.8508550330050175,10,fire,47.42892965035552
16.565798645204556,2,highway,6.211628061700002,2,ambulance,26.228636203124953
23.441406006106416,1,rural,2.4739197337860954,18,ndrf,65.4729325836202
3.675524344675376,3,urban,4.808760753524543,21,fire,27.57428779927901
3.987232401413637,1,rural,8.371915316249002,1,ndrf,13.54091138089942
19.89593435874217,3,highway,2.6966638175593216,22,drone,19.288257122181697
20.9533491029063,2,highway,4.35850846359291,9,fire,49.04486828314777
24.528542231971574,1,highway,0.18252361224961766,16,ambulance,24.510708060228016
5.840587894311083,3,highway,7.083694771711668,6,ambulance,13.582902143489276
15.744763953217602,3,urban,3.5505920842449976,2,police,81.96136558406624
19.99452326549968,1,urban,8.600536017578793,23,drone,28.81932026543612
7.099137427955944,1,rural,0.8856155088258788,15,drone,6.114548979919222
15.749372035022727,2,rural,7.822303514243765,6,drone,22.008346615673858
19.334128219522583,0,rural,8.13794935670791,8,ambulance,39.465854933966625
6.82626058859157,1,urban,7.760688787110549,18,ambulance,28.492255452615506
11.579120602379172,3,urban,7.34379468142933,7,drone,13.820314544244791
6.881994899003386,3,rural,2.3778929920668923,16,ndrf,27.005054965399957
27.13681568064366,1,rural,4.167324898024411,0,drone,27.69263566375857
7.485567016934757,1,urban,3.859523483573657,23,drone,6.555392075533069
4.064621466581011,3,rural,2.4103808226317893,17,ndrf,24.353984259294716
1.5370816900507387,0,highway,4.91690446128533,8,police,4.566576469559672
1.82612743613483,0,rural,6.975330359699107,13,ndrf,4.5981673076102165
6.151793931521099,0,rural,4.78726776000101,4,ndrf,10.98154377933491
18.442151083555093,0,urban,9.744643899553774,10,drone,28.39754857496549
1.0206712980781183,3,urban,7.087584418421753,8,drone,1.2701672422779264
8.958945780335842,0,highway,4.426991026969712,9,ambulance,11.178113568458745
2.21592329403733,1,urban,4.039575391080304,19,drone,6.535147134424344
12.407933723825446,2,highway,5.836066244731155,9,ndrf,30.532565534070002
1.9330137659807995,2,rural,4.317640034647734,0,ndrf,7.571881071581633
18.422482410314426,3,highway,2.2193829985770606,10,fire,54.823186628034186
20.80851583281095,3,highway,5.210459693907529,1,police,46.51108793095058
22.074457714491025,1,urban,6.727146050704571,11,drone,24.200966866441664
7.118130260064524,0,rural,3.5844494539814065,16,ambulance,11.372645520262875
26.120754777871426,0,rural,2.8332372116336724,2,police,38.06826628038054
20.86350093626233,3,urban,2.1739260172318184,1,drone,20.29081808211103
2.1711814693447016,1,highway,3.6282179656487257,9,ndrf,6.645856695733066
13.5026179066921,3,rural,2.4436755612605356,11,ambulance,41.87050696294339
23.148816554488196,1,urban,7.630987230690964,1,ambulance,70.70291014054114
9.671370838246778,3,urban,6.387142393637784,7,police,56.56766196174569
11.755983830264311,2,rural,2.8693223134476744,18,fire,43.11317238706608
19.073312905248013,2,urban,9.91831276854795,13,drone,32.360171783391806
2.1366859634189854,2,urban,6.456721346153488,12,drone,1.0
29.024583694983562,1,rural,1.4247293197290833,2,drone,25.63282826355513
5.647189812986972,0,highway,8.293372946682616,19,fire,9.93293811274972
1.2868239895646796,0,rural,7.537020948301125,14,fire,3.8859067411495043
0.6570279701923976,1,rural,5.000286455656764,10,police,6.536730251195442
12.286854062482174,3,urban,2.334635243649106,14,ambulance,58.842206544842604
26.58547428152364,2,urban,8.108762535435893,3,ndrf,143.6911020866844
24.682981336928904,2,highway,1.2451821736932667,16,drone,20.409568118710272
27.405351048366004,1,highway,4.180352617913493,7,ambulance,31.18072413269087
16.246578420202518,1,rural,8.173225945479922,0,ambulance,33.779277770921816
13.738013899317348,1,urban,8.014407971183445,5,fire,56.70579584856928
11.882898795150437,0,rural,6.298922368952905,8,drone,13.215202233122973
1.8693332358435228,2,highway,0.07742252500385183,10,fire,4.895137550010254
27.33087706100203,1,highway,3.331223098073285,5,ndrf,38.867353387329125
15.13719472239946,1,rural,8.531979193322082,18,drone,21.0677383365547
13.92448921601955,2,urban,7.213658418452596,6,police,59.916452931900125
15.69744086691646,0,highway,8.10595309769129,2,ambulance,18.77918151254882
23.927558284368914,3,highway,0.6298125111841235,5,drone,19.21248800456805
7.121897036485636,0,rural,9.407694456674523,9,fire,23.42739344421703
21.442070030350237,2,highway,2.290498892851928,1,police,32.05816907673963
21.46770735519397,3,highway,3.322930093845702,2,drone,21.09446924673095
25.561807076616393,0,highway,8.405830236823743,3,drone,35.38829516762267
0.7561661546841654,0,rural,4.062191632018828,9,drone,3.9029256558247782
5.526668525436396,1,urban,6.430767000758738,22,fire,24.668367139556125
14.395882135320287,3,highway,5.523635733932903,13,ndrf,39.718594438372364
25.590941430113613,2,rural,8.660763034260965,1,fire,85.6699622898843
28.970947418025528,1,rural,1.561235356675903,1,police,50.72467421624652
18.04862413304234,3,rural,0.9779117386989611,2,fire,63.17261146497958
6.757952274979094,1,highway,6.323537484481017,1,drone,7.705700770769489
5.945248526827046,3,highway,8.446417063933268,12,ndrf,20.39565527334669
19.36359664259489,3,rural,9.231016226885044,17,drone,31.83535717997065
6.697039838252436,0,rural,3.9992564184118775,10,fire,17.72177549685969
16.816079005666143,1,rural,7.348566011862875,9,drone,22.587817517543222
25.126951909745113,0,urban,3.907865002682799,14,fire,73.29786622069572
11.999679629631656,0,urban,3.188753371098568,8,ndrf,44.144434890856864
11.664929597386912,0,highway,0.24212251742724122,19,ambulance,13.105755745763348
1.566139938286676,0,highway,2.501105356203528,16,ndrf,4.015810789763698
7.99549506352437,0,highway,1.701722658349475,23,ndrf,10.255932987262883
21.096648058768597,2,urban,2.686126184501866,2,ndrf,89.55304364573438
11.131541731399794,1,urban,2.8872712705511083,10,fire,48.599819601486566
5.169818060052698,1,urban,8.589094709383204,20,drone,6.622132822761763
3.6201481459296496,3,urban,2.0337610943008744,16,ambulance,16.98536822910542
3.304074655445913,3,urban,8.192987445857963,18,ndrf,34.733358234265225
19.944436276977907,2,rural,8.593423836049162,11,police,55.83019427408005
18.572333624409687,1,urban,4.637762501838281,9,ambulance,66.40935456445806
15.796369665261505,2,rural,7.245155664464582,18,drone,21.760933055225415
15.259630220694612,1,rural,3.1860762627977457,11,ndrf,36.60806172696424
5.017537154292212,1,urban,0.17770931753899877,9,ambulance,16.320124874291498
15.267824630422574,1,rural,7.096515228635915,9,fire,47.130579130727185
2.2681644097112073,0,highway,6.064128100963871,2,ndrf,4.710854319986446
27.81282452877929,0,urban,4.613636355848185,18,ambulance,79.89705540670133
2.2118128430769017,2,highway,8.986900288979845,20,police,5.8973397116071204
12.994140749370596,3,highway,7.272578393390537,0,ambulance,29.452102771191026
0.5168461638935808,1,highway,4.255812146681299,9,ambulance,5.898541877233349
23.691437944105715,0,highway,0.5337884116528746,16,fire,24.684870935446412
5.402020561801086,2,urban,8.760857350384171,3,ndrf,31.41031120486302
27.785022525739503,3,rural,9.846428068082055,7,police,119.37047501340514
1.7973435618866533,2,rural,6.345210390918565,23,fire,5.303429920170776
24.71322636965059,0,rural,7.682006058929555,18,fire,63.73723335783009
19.870815478059853,0,highway,5.060248395635348,21,drone,22.416699883180616
7.86720370713377,2,urban,2.3664283470822287,23,ndrf,35.471253921004156
6.471378472302549,3,urban,9.120674909765896,16,drone,11.59046243813251
11.051499034622159,0,highway,6.8835062803785565,6,drone,9.88665877029226
24.93788505367297,3,highway,5.485630602117738,22,ndrf,72.38933495341445
25.92771817589594,3,urban,6.820843527958647,10,ambulance,181.9912591792499
5.67091869596761,0,rural,5.118613958022991,12,drone,4.841811633419718
10.926717170687755,0,urban,0.5838449414117142,13,ambulance,20.200358907607008
7.505995825116489,0,urban,6.60441144008915,13,ndrf,25.77829630077231
4.1179640053179885,2,rural,0.052168851449523324,13,fire,13.583400015945918
19.570256932103376,0,urban,2.2034579123490303,18,ndrf,71.99167121040533
10.703195185448292,3,rural,1.5597926729327416,3,drone,12.238384139838985
7.148829320901856,0,rural,3.401222554129717,10,ndrf,18.148700935131348
26.0469343183083,2,highway,9.083156396019179,13,fire,56.895446434971255
22.57537896165521,3,urban,0.7970162314788276,13,ndrf,129.7330607932274
23.325953886542102,0,urban,3.5740625441285623,17,ambulance,63.321781465313045
1.6562787899067644,1,highway,7.595619509948321,8,drone,2.4165535545713013
27.496348252316455,3,highway,8.630916188979564,22,ambulance,65.19068413930917
17.45478215023994,0,urban,7.361291370313284,0,drone,21.311102878522156
15.362182738193304,1,urban,9.65211631257398,17,ambulance,69.6524159885255
0.8122677078195443,1,urban,6.959174256099484,4,fire,6.958670956504097
26.981035207806087,0,rural,7.448008743169945,14,ndrf,59.26089713046309
16.544768879337017,1,rural,4.220677354017517,0,drone,15.235673975625819
24.842027139045793,1,highway,3.0205327857215014,5,ndrf,33.42851004800802
19.837573341779667,1,highway,4.618753271819713,9,fire,36.64844387140228
24.00246159857097,3,urban,7.679169834759826,2,fire,170.95709632631343
20.94148658245517,0,urban,6.502630574758479,7,ndrf,70.52369232992409
27.66843511890689,1,rural,7.718989799505121,15,police,58.770699829300675
7.151783497016716,0,rural,6.275865856268602,3,fire,15.17680257889195
6.461953089620762,3,rural,7.331013477366896,15,ndrf,34.10218770132287
21.5199760773811,2,highway,1.5566907322197254,11,police,31.370480649505197
15.291146617212334,2,urban,3.236585332734351,20,drone,15.648048474833322
18.175254524878667,0,highway,5.61191767034815,15,ambulance,17.515180204820982
21.402002841141197,1,urban,0.165474135183602,10,ndrf,86.02136681802145
16.649131811500077,0,highway,9.122972269856637,19,ndrf,34.766054357008
23.73695670615279,1,rural,2.3948982793160334,4,drone,24.024897760695072
9.906587000107647,3,urban,0.8850219784518365,13,ndrf,57.3625847160604
25.840218086190916,2,rural,6.6425021291794,5,drone,33.7434572027369
3.6764524113052217,0,highway,1.9373904709522194,10,fire,5.5411817624810995
19.203117320355013,1,rural,5.619347132023299,11,fire,45.25240075367447
26.75890897204053,3,urban,2.489766734067844,14,drone,29.152578357232848
7.9544767731002874,0,highway,1.659415177987973,7,ambulance,5.909817422501824
10.141622910255432,3,urban,7.3499608393254325,15,drone,14.08511557739959
9.510532465535798,1,highway,3.8837279602065875,4,ndrf,15.064645644553366
17.145779497363495,1,highway,5.744382135421812,4,police,23.44175226688916
12.679718559171882,3,highway,2.161244676455154,2,ambulance,23.791784682347107
3.68479890734962,2,rural,5.52414553406946,11,ndrf,9.304632783838374
26.79297304181557,1,rural,4.212304348811168,9,police,61.5286241385193
6.537960560180887,0,urban,0.512244450546423,19,ambulance,18.42427188449405
16.255360324161625,0,rural,7.266918162980436,8,ndrf,47.86500017704137
18.046744430149214,1,highway,5.52364336393527,13,drone,21.054481669788828
1.70217938760248,0,highway,9.273398540017284,23,police,6.209245382113944
3.3235136658029485,3,highway,8.079499660296948,14,ambulance,8.935039939254633
29.164846457671775,0,rural,5.711192120176916,20,fire,53.965540455776186
20.103114034406783,2,rural,0.43059601450399,12,police,41.28141788750421
1.4901727228695942,3,rural,7.5191860539919,4,police,6.985953831221762
23.928877009263463,1,rural,5.4904420048233495,10,police,60.85879113391146
15.502012873685823,2,highway,8.350315217288465,18,fire,40.142222084574996
2.7183873763150306,0,urban,5.777450191210315,2,ndrf,11.884133134703934
20.58218689240984,2,urban,0.020274794806225405,11,ambulance,62.856865167680226
15.23087827311982,3,rural,8.149121113391221,12,drone,21.611005895666427
6.545134132772235,3,rural,7.9927385202747026,22,police,28.299831241574744
26.392217026620177,0,urban,0.9940265823563077,23,drone,21.74425230818925
9.095705819857498,1,highway,6.838234656247824,14,ambulance,11.621795277077249
8.89442074587258,2,rural,5.261006518371428,5,ndrf,28.837396801716476
8.546820662872223,3,rural,5.899170939658976,4,drone,9.11461279670327
23.13994542412701,1,rural,8.893532611742494,14,drone,34.28622046248819
21.330500776225698,3,highway,2.495685306081872,4,police,43.67289723781188
27.142797721375544,0,highway,0.13159893493029262,16,fire,27.30422610372866
7.265506977736251,2,rural,2.085621165937196,23,drone,7.412543223361875
23.697755568512846,1,rural,9.151260352398507,4,ndrf,69.64686754018236
17.40484450757883,2,rural,2.114231549115174,22,drone,15.919742353732682
9.606048484753702,2,urban,6.745105980433998,0,fire,46.344388556936316
1.5458969060286438,1,rural,7.896856848214125,11,police,6.450442647986401
24.658952720607747,3,highway,8.132102734522608,9,fire,93.90510645269342
7.611605459644012,3,rural,0.10437063304376548,13,police,23.635495335287516
19.136419568340123,3,urban,0.0940241120304286,11,drone,16.75531536600617
16.69160411376447,0,highway,9.890101065035216,13,drone,27.139079174812977
0.6312613900801245,1,rural,5.274268002608454,2,police,2.649276129135635
29.833137083222994,2,urban,0.6370335359514578,18,ambulance,113.21951246969651
24.5227159961038,3,highway,0.2680888042730989,22,police,45.52692864439198
14.85090248378212,1,rural,8.107712285183476,11,police,33.94036553847912
20.5700704221503,2,rural,9.049551215214183,20,ndrf,75.44545861941279
14.559529979427792,2,highway,5.24492498392763,2,fire,27.77708087875968
22.46529500272256,0,rural,3.717140686719693,17,police,43.403792787388184
4.4626921016573755,3,rural,7.0235659024327965,7,ndrf,20.969847589130392
13.667354359403895,1,highway,0.22388346867203368,16,police,14.636031741421561
10.39834672364937,2,urban,8.989157691419846,13,drone,16.61633167137781
14.059829683074028,1,rural,2.560905009723602,1,fire,28.04588689617092
13.788943259380744,0,highway,1.909087563933719,8,ndrf,21.315038167306202
4.721271518486232,1,rural,3.107923580941491,10,police,12.30272461831296
29.30641283591636,2,urban,0.6372763572670614,19,police,119.1353076976742
0.9570182122497775,1,rural,3.8956040770036635,2,police,4.6865183748004196
0.7971518721132659,3,rural,7.147478460578519,22,police,5.257376894221796
11.516518896742905,3,urban,4.982063612784536,1,police,61.70645595767947
18.801102305731117,2,urban,6.679790329889732,5,police,77.67618353836032
5.799770191040383,3,urban,2.1377195643117264,3,drone,4.934435519995673
16.22922311517275,3,urban,3.9789044605461763,21,ndrf,105.58444196380297
21.821773054922627,2,rural,5.194813824939327,13,police,53.77067802273556
3.274787966684458,3,urban,5.72558471714541,17,drone,2.3919050731157077
29.540461036470035,2,urban,1.8639648396220032,16,fire,114.71026187319099
10.432669108309183,3,rural,8.07669135146919,14,fire,49.28095834339472
19.451254706723844,0,rural,0.9021622089778203,7,ambulance,25.17754275779041
3.766235816503983,1,urban,0.9828725082923373,3,fire,12.142610847969564
21.42984846727913,3,urban,2.4970072392873934,10,ambulance,125.16870410662848
25.293462238343334,1,urban,6.54273963708304,9,ambulance,96.43360126271807
3.6059116987533595,0,urban,0.7708716281578543,10,ndrf,12.361534901565593
4.212963053916954,3,urban,0.07725597115764371,23,ndrf,25.47629372933409
8.790898724423217,2,highway,4.721815755880822,3,ndrf,17.52017237029945
0.8521065535722139,3,urban,3.4665706362442616,15,drone,1.0
29.58851318294828,0,urban,1.5674631421231178,3,drone,25.74989797331762
18.152330211103166,0,highway,6.559238707255362,14,fire,22.986786657940087
18.423888773924592,2,rural,6.4143141463226785,16,ambulance,44.778904799001836
28.789384004723264,0,rural,1.2189286248064835,0,police,39.66952287899898
25.0448630024231,2,highway,2.298013381051983,11,drone,25.149833348433674
24.52016646356631,1,highway,3.6497931858036328,7,drone,25.466638373948285
10.515319912097956,0,urban,9.900399037621717,11,fire,37.846933985154706
10.37847010720704,3,rural,7.685905639884057,11,ambulance,35.32078865255932
9.106269814473082,0,urban,3.3716533680797123,11,ndrf,25.750439158398972
10.727524972401437,3,rural,9.654378220855813,15,drone,16.336832943737697
11.400508460115592,0,highway,4.549321093266137,4,drone,9.893882376310088
4.630108824927504,2,urban,3.803319411186189,20,drone,4.149705097857991
11.00046194971176,3,rural,9.442857859054278,20,fire,54.96581867268381
13.679037539719463,0,rural,7.3617548170699765,10,ndrf,38.212955471787104
9.625746493026426,3,highway,5.47844262653223,21,ndrf,29.105630888805667
5.37773556064766,1,rural,6.006965578790155,6,fire,13.122171880089045
11.51560674626568,2,highway,9.728105171627746,4,ambulance,20.87887267095776
14.686779309884857,3,highway,1.529015499645131,6,ndrf,39.33442645983264
